-- MySQL Administrator dump 1.4
--
-- ------------------------------------------------------
-- Server version	5.0.51b-community-nt


/*!40101 SET @OLD_CHARACTER_SET_CLIENT=@@CHARACTER_SET_CLIENT */;
/*!40101 SET @OLD_CHARACTER_SET_RESULTS=@@CHARACTER_SET_RESULTS */;
/*!40101 SET @OLD_COLLATION_CONNECTION=@@COLLATION_CONNECTION */;
/*!40101 SET NAMES utf8 */;

/*!40014 SET @OLD_UNIQUE_CHECKS=@@UNIQUE_CHECKS, UNIQUE_CHECKS=0 */;
/*!40014 SET @OLD_FOREIGN_KEY_CHECKS=@@FOREIGN_KEY_CHECKS, FOREIGN_KEY_CHECKS=0 */;
/*!40101 SET @OLD_SQL_MODE=@@SQL_MODE, SQL_MODE='NO_AUTO_VALUE_ON_ZERO' */;


--
-- Definition of table `REPORTCHARTSETTINGS`
--

DROP TABLE IF EXISTS `REPORTCHARTSETTINGS`;
CREATE TABLE `REPORTCHARTSETTINGS` (
  `REPORTCHARTSETTINGS_ID` bigint(20) NOT NULL auto_increment,
  `CHART_TYPE` varchar(255) default NULL,
  `FIELD_ID_X` bigint(20) default NULL,
  `FIELD_ID_Y` bigint(20) default NULL,
  `LOCATION` varchar(255) default NULL,
  `OPERATION` varchar(255) default NULL,
  PRIMARY KEY  (`REPORTCHARTSETTINGS_ID`)
) ENGINE=InnoDB DEFAULT CHARSET=latin1;

--
-- Dumping data for table `REPORTCHARTSETTINGS`
--

/*!40000 ALTER TABLE `REPORTCHARTSETTINGS` DISABLE KEYS */;
/*!40000 ALTER TABLE `REPORTCHARTSETTINGS` ENABLE KEYS */;


--
-- Definition of table `REPORTCRITERIA`
--

DROP TABLE IF EXISTS `REPORTCRITERIA`;
CREATE TABLE `REPORTCRITERIA` (
  `id` bigint(20) NOT NULL auto_increment,
  `HIDE_DETAILS` bit(1) default NULL,
  `ROW_COUNT` int(11) default NULL,
  PRIMARY KEY  (`id`)
) ENGINE=InnoDB DEFAULT CHARSET=latin1;

--
-- Dumping data for table `REPORTCRITERIA`
--

/*!40000 ALTER TABLE `REPORTCRITERIA` DISABLE KEYS */;
/*!40000 ALTER TABLE `REPORTCRITERIA` ENABLE KEYS */;


--
-- Definition of table `REPORTCRITERIA_REPORTSTANDARDFILTER`
--

DROP TABLE IF EXISTS `REPORTCRITERIA_REPORTSTANDARDFILTER`;
CREATE TABLE `REPORTCRITERIA_REPORTSTANDARDFILTER` (
  `REPORTCRITERIA_id` bigint(20) NOT NULL,
  `standardFilters_REPORTSTANDARDFILTER_ID` bigint(20) NOT NULL,
  PRIMARY KEY  (`REPORTCRITERIA_id`,`standardFilters_REPORTSTANDARDFILTER_ID`),
  UNIQUE KEY `standardFilters_REPORTSTANDARDFILTER_ID` (`standardFilters_REPORTSTANDARDFILTER_ID`),
  KEY `FKC4224AD5CBC41D1A` (`standardFilters_REPORTSTANDARDFILTER_ID`),
  KEY `FKC4224AD5122B341B` (`REPORTCRITERIA_id`),
  CONSTRAINT `FKC4224AD5122B341B` FOREIGN KEY (`REPORTCRITERIA_id`) REFERENCES `reportcriteria` (`id`),
  CONSTRAINT `FKC4224AD5CBC41D1A` FOREIGN KEY (`standardFilters_REPORTSTANDARDFILTER_ID`) REFERENCES `reportstandardfilter` (`REPORTSTANDARDFILTER_ID`)
) ENGINE=InnoDB DEFAULT CHARSET=latin1;

--
-- Dumping data for table `REPORTCRITERIA_REPORTSTANDARDFILTER`
--

/*!40000 ALTER TABLE `REPORTCRITERIA_REPORTSTANDARDFILTER` DISABLE KEYS */;
/*!40000 ALTER TABLE `REPORTCRITERIA_REPORTSTANDARDFILTER` ENABLE KEYS */;


--
-- Definition of table `REPORTCROSSTABCOLUMN`
--

DROP TABLE IF EXISTS `REPORTCROSSTABCOLUMN`;
CREATE TABLE `REPORTCROSSTABCOLUMN` (
  `REPORTCROSSTABCOLUMN_ID` bigint(20) NOT NULL auto_increment,
  `CALCULATION` varchar(255) default NULL,
  `REPORTFIELD_ID` bigint(20) default NULL,
  `GROUPDATEBYOPTION` int(11) default NULL,
  `SORTORDER` varchar(255) default NULL,
  PRIMARY KEY  (`REPORTCROSSTABCOLUMN_ID`)
) ENGINE=InnoDB AUTO_INCREMENT=5 DEFAULT CHARSET=latin1;

--
-- Dumping data for table `REPORTCROSSTABCOLUMN`
--

/*!40000 ALTER TABLE `REPORTCROSSTABCOLUMN` DISABLE KEYS */;
INSERT INTO `REPORTCROSSTABCOLUMN` (`REPORTCROSSTABCOLUMN_ID`,`CALCULATION`,`REPORTFIELD_ID`,`GROUPDATEBYOPTION`,`SORTORDER`) VALUES 
 (1,'',953,0,'ASC'),
 (2,'',-1,0,'ASC'),
 (3,'',5567,0,'ASC'),
 (4,'',-1,0,'ASC');
/*!40000 ALTER TABLE `REPORTCROSSTABCOLUMN` ENABLE KEYS */;


--
-- Definition of table `REPORTCROSSTABFIELDS`
--

DROP TABLE IF EXISTS `REPORTCROSSTABFIELDS`;
CREATE TABLE `REPORTCROSSTABFIELDS` (
  `REPORTCROSSTABFIELDS_ID` bigint(20) NOT NULL auto_increment,
  `OPERATION` varchar(255) default NULL,
  PRIMARY KEY  (`REPORTCROSSTABFIELDS_ID`)
) ENGINE=InnoDB AUTO_INCREMENT=20 DEFAULT CHARSET=latin1;

--
-- Dumping data for table `REPORTCROSSTABFIELDS`
--

/*!40000 ALTER TABLE `REPORTCROSSTABFIELDS` DISABLE KEYS */;
INSERT INTO `REPORTCROSSTABFIELDS` (`REPORTCROSSTABFIELDS_ID`,`OPERATION`) VALUES 
 (1,''),
 (2,''),
 (3,''),
 (4,''),
 (5,''),
 (6,''),
 (7,''),
 (8,''),
 (9,''),
 (10,''),
 (11,''),
 (12,''),
 (13,''),
 (14,''),
 (15,''),
 (16,''),
 (17,''),
 (18,''),
 (19,'');
/*!40000 ALTER TABLE `REPORTCROSSTABFIELDS` ENABLE KEYS */;


--
-- Definition of table `REPORTCROSSTABFIELDS_REPORTCROSSTABCOLUMN`
--

DROP TABLE IF EXISTS `REPORTCROSSTABFIELDS_REPORTCROSSTABCOLUMN`;
CREATE TABLE `REPORTCROSSTABFIELDS_REPORTCROSSTABCOLUMN` (
  `REPORTCROSSTABFIELDS_REPORTCROSSTABFIELDS_ID` bigint(20) NOT NULL,
  `reportCrossTabColumns_REPORTCROSSTABCOLUMN_ID` bigint(20) NOT NULL,
  `REPORTGROUPBYFIELD_ID` int(11) NOT NULL,
  PRIMARY KEY  (`REPORTCROSSTABFIELDS_REPORTCROSSTABFIELDS_ID`,`REPORTGROUPBYFIELD_ID`),
  UNIQUE KEY `reportCrossTabColumns_REPORTCROSSTABCOLUMN_ID` (`reportCrossTabColumns_REPORTCROSSTABCOLUMN_ID`),
  KEY `FKB018B4BC943CD3D0` (`reportCrossTabColumns_REPORTCROSSTABCOLUMN_ID`),
  KEY `FKB018B4BCF967443E` (`REPORTCROSSTABFIELDS_REPORTCROSSTABFIELDS_ID`),
  CONSTRAINT `FKB018B4BCF967443E` FOREIGN KEY (`REPORTCROSSTABFIELDS_REPORTCROSSTABFIELDS_ID`) REFERENCES `reportcrosstabfields` (`REPORTCROSSTABFIELDS_ID`),
  CONSTRAINT `FKB018B4BC943CD3D0` FOREIGN KEY (`reportCrossTabColumns_REPORTCROSSTABCOLUMN_ID`) REFERENCES `reportcrosstabcolumn` (`REPORTCROSSTABCOLUMN_ID`)
) ENGINE=InnoDB DEFAULT CHARSET=latin1;

--
-- Dumping data for table `REPORTCROSSTABFIELDS_REPORTCROSSTABCOLUMN`
--

/*!40000 ALTER TABLE `REPORTCROSSTABFIELDS_REPORTCROSSTABCOLUMN` DISABLE KEYS */;
INSERT INTO `REPORTCROSSTABFIELDS_REPORTCROSSTABCOLUMN` (`REPORTCROSSTABFIELDS_REPORTCROSSTABFIELDS_ID`,`reportCrossTabColumns_REPORTCROSSTABCOLUMN_ID`,`REPORTGROUPBYFIELD_ID`) VALUES 
 (12,1,0),
 (12,2,1),
 (16,3,0),
 (16,4,1);
/*!40000 ALTER TABLE `REPORTCROSSTABFIELDS_REPORTCROSSTABCOLUMN` ENABLE KEYS */;


--
-- Definition of table `REPORTCROSSTABFIELDS_REPORTCROSSTABMEASURE`
--

DROP TABLE IF EXISTS `REPORTCROSSTABFIELDS_REPORTCROSSTABMEASURE`;
CREATE TABLE `REPORTCROSSTABFIELDS_REPORTCROSSTABMEASURE` (
  `REPORTCROSSTABFIELDS_REPORTCROSSTABFIELDS_ID` bigint(20) NOT NULL,
  `reportCrossTabMeasure_REPORTCROSSTABMEASURE_ID` bigint(20) NOT NULL,
  `REPORTGROUPBYFIELD_ID` int(11) NOT NULL,
  PRIMARY KEY  (`REPORTCROSSTABFIELDS_REPORTCROSSTABFIELDS_ID`,`REPORTGROUPBYFIELD_ID`),
  UNIQUE KEY `reportCrossTabMeasure_REPORTCROSSTABMEASURE_ID` (`reportCrossTabMeasure_REPORTCROSSTABMEASURE_ID`),
  KEY `FK524FF098F967443E` (`REPORTCROSSTABFIELDS_REPORTCROSSTABFIELDS_ID`),
  KEY `FK524FF09858F39383` (`reportCrossTabMeasure_REPORTCROSSTABMEASURE_ID`),
  CONSTRAINT `FK524FF09858F39383` FOREIGN KEY (`reportCrossTabMeasure_REPORTCROSSTABMEASURE_ID`) REFERENCES `reportcrosstabmeasure` (`REPORTCROSSTABMEASURE_ID`),
  CONSTRAINT `FK524FF098F967443E` FOREIGN KEY (`REPORTCROSSTABFIELDS_REPORTCROSSTABFIELDS_ID`) REFERENCES `reportcrosstabfields` (`REPORTCROSSTABFIELDS_ID`)
) ENGINE=InnoDB DEFAULT CHARSET=latin1;

--
-- Dumping data for table `REPORTCROSSTABFIELDS_REPORTCROSSTABMEASURE`
--

/*!40000 ALTER TABLE `REPORTCROSSTABFIELDS_REPORTCROSSTABMEASURE` DISABLE KEYS */;
INSERT INTO `REPORTCROSSTABFIELDS_REPORTCROSSTABMEASURE` (`REPORTCROSSTABFIELDS_REPORTCROSSTABFIELDS_ID`,`reportCrossTabMeasure_REPORTCROSSTABMEASURE_ID`,`REPORTGROUPBYFIELD_ID`) VALUES 
 (12,1,0),
 (16,2,0);
/*!40000 ALTER TABLE `REPORTCROSSTABFIELDS_REPORTCROSSTABMEASURE` ENABLE KEYS */;


--
-- Definition of table `REPORTCROSSTABFIELDS_REPORTCROSSTABROW`
--

DROP TABLE IF EXISTS `REPORTCROSSTABFIELDS_REPORTCROSSTABROW`;
CREATE TABLE `REPORTCROSSTABFIELDS_REPORTCROSSTABROW` (
  `REPORTCROSSTABFIELDS_REPORTCROSSTABFIELDS_ID` bigint(20) NOT NULL,
  `reportCrossTabRows_REPORTCROSSTABROWS_ID` bigint(20) NOT NULL,
  `REPORTGROUPBYFIELD_ID` int(11) NOT NULL,
  PRIMARY KEY  (`REPORTCROSSTABFIELDS_REPORTCROSSTABFIELDS_ID`,`REPORTGROUPBYFIELD_ID`),
  UNIQUE KEY `reportCrossTabRows_REPORTCROSSTABROWS_ID` (`reportCrossTabRows_REPORTCROSSTABROWS_ID`),
  KEY `FKB741BA14F967443E` (`REPORTCROSSTABFIELDS_REPORTCROSSTABFIELDS_ID`),
  KEY `FKB741BA14933B6BCB` (`reportCrossTabRows_REPORTCROSSTABROWS_ID`),
  CONSTRAINT `FKB741BA14933B6BCB` FOREIGN KEY (`reportCrossTabRows_REPORTCROSSTABROWS_ID`) REFERENCES `reportcrosstabrow` (`REPORTCROSSTABROWS_ID`),
  CONSTRAINT `FKB741BA14F967443E` FOREIGN KEY (`REPORTCROSSTABFIELDS_REPORTCROSSTABFIELDS_ID`) REFERENCES `reportcrosstabfields` (`REPORTCROSSTABFIELDS_ID`)
) ENGINE=InnoDB DEFAULT CHARSET=latin1;

--
-- Dumping data for table `REPORTCROSSTABFIELDS_REPORTCROSSTABROW`
--

/*!40000 ALTER TABLE `REPORTCROSSTABFIELDS_REPORTCROSSTABROW` DISABLE KEYS */;
INSERT INTO `REPORTCROSSTABFIELDS_REPORTCROSSTABROW` (`REPORTCROSSTABFIELDS_REPORTCROSSTABFIELDS_ID`,`reportCrossTabRows_REPORTCROSSTABROWS_ID`,`REPORTGROUPBYFIELD_ID`) VALUES 
 (12,1,0),
 (12,2,1),
 (16,3,0),
 (16,4,1),
 (16,5,2);
/*!40000 ALTER TABLE `REPORTCROSSTABFIELDS_REPORTCROSSTABROW` ENABLE KEYS */;


--
-- Definition of table `REPORTCROSSTABMEASURE`
--

DROP TABLE IF EXISTS `REPORTCROSSTABMEASURE`;
CREATE TABLE `REPORTCROSSTABMEASURE` (
  `REPORTCROSSTABMEASURE_ID` bigint(20) NOT NULL auto_increment,
  `CALCULATION` varchar(255) default NULL,
  `REPORTFIELD_ID` bigint(20) default NULL,
  `GROUPDATEBYOPTION` int(11) default NULL,
  `SORTORDER` varchar(255) default NULL,
  PRIMARY KEY  (`REPORTCROSSTABMEASURE_ID`)
) ENGINE=InnoDB AUTO_INCREMENT=3 DEFAULT CHARSET=latin1;

--
-- Dumping data for table `REPORTCROSSTABMEASURE`
--

/*!40000 ALTER TABLE `REPORTCROSSTABMEASURE` DISABLE KEYS */;
INSERT INTO `REPORTCROSSTABMEASURE` (`REPORTCROSSTABMEASURE_ID`,`CALCULATION`,`REPORTFIELD_ID`,`GROUPDATEBYOPTION`,`SORTORDER`) VALUES 
 (1,'SUM',944,0,''),
 (2,'SUM',5558,0,'');
/*!40000 ALTER TABLE `REPORTCROSSTABMEASURE` ENABLE KEYS */;


--
-- Definition of table `REPORTCROSSTABROW`
--

DROP TABLE IF EXISTS `REPORTCROSSTABROW`;
CREATE TABLE `REPORTCROSSTABROW` (
  `REPORTCROSSTABROWS_ID` bigint(20) NOT NULL auto_increment,
  `CALCULATION` varchar(255) default NULL,
  `REPORTFIELD_ID` bigint(20) default NULL,
  `GROUPDATEBYOPTION` int(11) default NULL,
  `SORTORDER` varchar(255) default NULL,
  PRIMARY KEY  (`REPORTCROSSTABROWS_ID`)
) ENGINE=InnoDB AUTO_INCREMENT=6 DEFAULT CHARSET=latin1;

--
-- Dumping data for table `REPORTCROSSTABROW`
--

/*!40000 ALTER TABLE `REPORTCROSSTABROW` DISABLE KEYS */;
INSERT INTO `REPORTCROSSTABROW` (`REPORTCROSSTABROWS_ID`,`CALCULATION`,`REPORTFIELD_ID`,`GROUPDATEBYOPTION`,`SORTORDER`) VALUES 
 (1,'',966,0,'ASC'),
 (2,'',-1,0,'ASC'),
 (3,'',5558,0,'ASC'),
 (4,'',5529,0,'ASC'),
 (5,'',-1,0,'ASC');
/*!40000 ALTER TABLE `REPORTCROSSTABROW` ENABLE KEYS */;


--
-- Definition of table `REPORTCUSTOMFILTER`
--

DROP TABLE IF EXISTS `REPORTCUSTOMFILTER`;
CREATE TABLE `REPORTCUSTOMFILTER` (
  `REPORTCUSTOMFILTER_ID` bigint(20) NOT NULL auto_increment,
  `REPORTCUSTOMFILTERDEFINITION_ID` bigint(20) default NULL,
  `DISPLAY_HTML` longtext,
  PRIMARY KEY  (`REPORTCUSTOMFILTER_ID`)
) ENGINE=InnoDB DEFAULT CHARSET=latin1;

--
-- Dumping data for table `REPORTCUSTOMFILTER`
--

/*!40000 ALTER TABLE `REPORTCUSTOMFILTER` DISABLE KEYS */;
/*!40000 ALTER TABLE `REPORTCUSTOMFILTER` ENABLE KEYS */;


--
-- Definition of table `REPORTCUSTOMFILTERCRITERIA`
--

DROP TABLE IF EXISTS `REPORTCUSTOMFILTERCRITERIA`;
CREATE TABLE `REPORTCUSTOMFILTERCRITERIA` (
  `REPORTCUSTOMFILTERCRITERIA_ID` bigint(20) NOT NULL auto_increment,
  `CRITERIA` varchar(255) default NULL,
  `reportCustomFilter_REPORTCUSTOMFILTER_ID` bigint(20) default NULL,
  PRIMARY KEY  (`REPORTCUSTOMFILTERCRITERIA_ID`),
  KEY `FKB8EC63BC5367E19` (`reportCustomFilter_REPORTCUSTOMFILTER_ID`),
  CONSTRAINT `FKB8EC63BC5367E19` FOREIGN KEY (`reportCustomFilter_REPORTCUSTOMFILTER_ID`) REFERENCES `reportcustomfilter` (`REPORTCUSTOMFILTER_ID`)
) ENGINE=InnoDB DEFAULT CHARSET=latin1;

--
-- Dumping data for table `REPORTCUSTOMFILTERCRITERIA`
--

/*!40000 ALTER TABLE `REPORTCUSTOMFILTERCRITERIA` DISABLE KEYS */;
/*!40000 ALTER TABLE `REPORTCUSTOMFILTERCRITERIA` ENABLE KEYS */;


--
-- Definition of table `REPORTCUSTOMFILTERDEFINITION`
--

DROP TABLE IF EXISTS `REPORTCUSTOMFILTERDEFINITION`;
CREATE TABLE `REPORTCUSTOMFILTERDEFINITION` (
  `REPORTCUSTOMFILTERDEFINITION_ID` bigint(20) NOT NULL auto_increment,
  `DISPLAY_HTML` longtext,
  `DISPLAY_TEXT` longtext,
  `SQL_TEXT` longtext,
  PRIMARY KEY  (`REPORTCUSTOMFILTERDEFINITION_ID`)
) ENGINE=InnoDB AUTO_INCREMENT=490001 DEFAULT CHARSET=latin1;

--
-- Dumping data for table `REPORTCUSTOMFILTERDEFINITION`
--

/*!40000 ALTER TABLE `REPORTCUSTOMFILTERDEFINITION` DISABLE KEYS */;
INSERT INTO `REPORTCUSTOMFILTERDEFINITION` (`REPORTCUSTOMFILTERDEFINITION_ID`,`DISPLAY_HTML`,`DISPLAY_TEXT`,`SQL_TEXT`) VALUES 
 (300000,'Account - Account is marked as a major donor','Account - Account is marked as a major donor','(EXISTS (SELECT * FROM CUSTOM_FIELD MAJOR_DONOR_LOOKUP WHERE MAJOR_DONOR_LOOKUP.ENTITY_TYPE = \'person\' AND MAJOR_DONOR_LOOKUP.FIELD_NAME = \'donorProfiles\' AND MAJOR_DONOR_LOOKUP.FIELD_VALUE = \'majorDonor\' AND MAJOR_DONOR_LOOKUP.ENTITY_ID = [VIEWNAME].ADDRESS_CONSTITUENT_ID))'),
 (310000,'Account - Account is marked as a major donor','Account - Account is marked as a major donor','(EXISTS (SELECT * FROM CUSTOM_FIELD MAJOR_DONOR_LOOKUP WHERE MAJOR_DONOR_LOOKUP.ENTITY_TYPE = \'person\' AND MAJOR_DONOR_LOOKUP.FIELD_NAME = \'donorProfiles\' AND MAJOR_DONOR_LOOKUP.FIELD_VALUE = \'majorDonor\' AND MAJOR_DONOR_LOOKUP.ENTITY_ID = [VIEWNAME].AUDIT_CONSTITUENT_ID))'),
 (320000,'Account - Account is marked as a major donor','Account - Account is marked as a major donor','(EXISTS (SELECT * FROM CUSTOM_FIELD MAJOR_DONOR_LOOKUP WHERE MAJOR_DONOR_LOOKUP.ENTITY_TYPE = \'person\' AND MAJOR_DONOR_LOOKUP.FIELD_NAME = \'donorProfiles\' AND MAJOR_DONOR_LOOKUP.FIELD_VALUE = \'majorDonor\' AND MAJOR_DONOR_LOOKUP.ENTITY_ID = [VIEWNAME].COMMITMENT_CONSTITUENT_ID))'),
 (330000,'Account - Account is marked as a major donor','Account - Account is marked as a major donor','(EXISTS (SELECT * FROM CUSTOM_FIELD MAJOR_DONOR_LOOKUP WHERE MAJOR_DONOR_LOOKUP.ENTITY_TYPE = \'person\' AND MAJOR_DONOR_LOOKUP.FIELD_NAME = \'donorProfiles\' AND MAJOR_DONOR_LOOKUP.FIELD_VALUE = \'majorDonor\' AND MAJOR_DONOR_LOOKUP.ENTITY_ID = [VIEWNAME].COMMUNICATION_HISTORY_CONSTITUENT_ID))'),
 (340000,'Account - Account is marked as a major donor','Account - Account is marked as a major donor','(EXISTS (SELECT * FROM CUSTOM_FIELD MAJOR_DONOR_LOOKUP WHERE MAJOR_DONOR_LOOKUP.ENTITY_TYPE = \'person\' AND MAJOR_DONOR_LOOKUP.FIELD_NAME = \'donorProfiles\' AND MAJOR_DONOR_LOOKUP.FIELD_VALUE = \'majorDonor\' AND MAJOR_DONOR_LOOKUP.ENTITY_ID = [VIEWNAME].EMAIL_CONSTITUENT_ID))'),
 (350000,'Account - Account is marked as a major donor','Account - Account is marked as a major donor','(EXISTS (SELECT * FROM CUSTOM_FIELD MAJOR_DONOR_LOOKUP WHERE MAJOR_DONOR_LOOKUP.ENTITY_TYPE = \'person\' AND MAJOR_DONOR_LOOKUP.FIELD_NAME = \'donorProfiles\' AND MAJOR_DONOR_LOOKUP.FIELD_VALUE = \'majorDonor\' AND MAJOR_DONOR_LOOKUP.ENTITY_ID = [VIEWNAME].GIFT_CONSTITUENT_ID))'),
 (360000,'Account - Account is marked as a major donor','Account - Account is marked as a major donor','(EXISTS (SELECT * FROM CUSTOM_FIELD MAJOR_DONOR_LOOKUP WHERE MAJOR_DONOR_LOOKUP.ENTITY_TYPE = \'person\' AND MAJOR_DONOR_LOOKUP.FIELD_NAME = \'donorProfiles\' AND MAJOR_DONOR_LOOKUP.FIELD_VALUE = \'majorDonor\' AND MAJOR_DONOR_LOOKUP.ENTITY_ID = [VIEWNAME].PAYMENT_HISTORY_CONSTITUENT_ID))'),
 (370000,'Account - Account is marked as a major donor','Account - Account is marked as a major donor','(EXISTS (SELECT * FROM CUSTOM_FIELD MAJOR_DONOR_LOOKUP WHERE MAJOR_DONOR_LOOKUP.ENTITY_TYPE = \'person\' AND MAJOR_DONOR_LOOKUP.FIELD_NAME = \'donorProfiles\' AND MAJOR_DONOR_LOOKUP.FIELD_VALUE = \'majorDonor\' AND MAJOR_DONOR_LOOKUP.ENTITY_ID = [VIEWNAME].PAYMENT_SOURCE_CONSTITUENT_ID))'),
 (380000,'Account - Account is marked as a major donor','Account - Account is marked as a major donor','(EXISTS (SELECT * FROM CUSTOM_FIELD MAJOR_DONOR_LOOKUP WHERE MAJOR_DONOR_LOOKUP.ENTITY_TYPE = \'person\' AND MAJOR_DONOR_LOOKUP.FIELD_NAME = \'donorProfiles\' AND MAJOR_DONOR_LOOKUP.FIELD_VALUE = \'majorDonor\' AND MAJOR_DONOR_LOOKUP.ENTITY_ID = [VIEWNAME].CONSTITUENT_CONSTITUENT_ID))'),
 (390000,'Account - Account is marked as a major donor','Account - Account is marked as a major donor','(EXISTS (SELECT * FROM CUSTOM_FIELD MAJOR_DONOR_LOOKUP WHERE MAJOR_DONOR_LOOKUP.ENTITY_TYPE = \'person\' AND MAJOR_DONOR_LOOKUP.FIELD_NAME = \'donorProfiles\' AND MAJOR_DONOR_LOOKUP.FIELD_VALUE = \'majorDonor\' AND MAJOR_DONOR_LOOKUP.ENTITY_ID = [VIEWNAME].PHONE_CONSTITUENT_ID))'),
 (395000,'Address - Address is effective as of <span class=\"criteriaWrapper\"><input class=\"customCriteria\" objectname=\"reportFilters[INDEXREPLACEMENT].reportCustomFilter.reportCustomFilterCriteria[0].criteria\" fieldtype=\"DATE\" value=\"{0}\" style=\"width:110px\"/></span>','Address - Address is effective as of [AS OF DATE]','(STR_TO_DATE(\'{0}\', \'%m/%d/%Y\') BETWEEN CASE WHEN ADDRESS_ACTIVATION_STATUS = \'temporary\' THEN ADDRESS_TEMPORARY_START_DATE WHEN ADDRESS_ACTIVATION_STATUS = \'seasonal\' THEN ADDRESS_SEASONAL_START_DATE WHEN ADDRESS_ACTIVATION_STATUS = \'permanent\' AND ADDRESS_EFFECTIVE_DATE IS NOT NULL THEN ADDRESS_EFFECTIVE_DATE ELSE STR_TO_DATE(\'{0}\', \'%m/%d/%Y\') END AND CASE WHEN ADDRESS_ACTIVATION_STATUS = \'temporary\' THEN ADDRESS_TEMPORARY_END_DATE WHEN ADDRESS_ACTIVATION_STATUS = \'seasonal\' THEN ADDRESS_SEASONAL_END_DATE ELSE STR_TO_DATE(\'{0}\', \'%m/%d/%Y\') END)'),
 (396000,'Email Address - Email Address is effective as of <span class=\"criteriaWrapper\"><input class=\"customCriteria\" objectname=\"reportFilters[INDEXREPLACEMENT].reportCustomFilter.reportCustomFilterCriteria[0].criteria\" fieldtype=\"DATE\" value=\"{0}\" style=\"width:110px\"/></span>','Email Address - Email Address is effective as of [AS OF DATE]','(STR_TO_DATE(\'{0}\', \'%m/%d/%Y\') BETWEEN CASE WHEN EMAIL_ACTIVATION_STATUS = \'temporary\' THEN EMAIL_TEMPORARY_START_DATE WHEN EMAIL_ACTIVATION_STATUS = \'seasonal\' THEN EMAIL_SEASONAL_START_DATE WHEN EMAIL_ACTIVATION_STATUS = \'permanent\' AND EMAIL_EFFECTIVE_DATE IS NOT NULL THEN EMAIL_EFFECTIVE_DATE ELSE STR_TO_DATE(\'{0}\', \'%m/%d/%Y\') END AND CASE WHEN EMAIL_ACTIVATION_STATUS = \'temporary\' THEN EMAIL_TEMPORARY_END_DATE WHEN EMAIL_ACTIVATION_STATUS = \'seasonal\' THEN EMAIL_SEASONAL_END_DATE ELSE STR_TO_DATE(\'{0}\', \'%m/%d/%Y\') END)'),
 (397000,'Phone Number - Phone Number is effective as of <span class=\"criteriaWrapper\"><input class=\"customCriteria\" objectname=\"reportFilters[INDEXREPLACEMENT].reportCustomFilter.reportCustomFilterCriteria[0].criteria\" fieldtype=\"DATE\" value=\"{0}\" style=\"width:110px\"/></span>','Phone Number - Phone Number is effective as of [AS OF DATE]','(STR_TO_DATE(\'{0}\', \'%m/%d/%Y\') BETWEEN CASE WHEN PHONE_ACTIVATION_STATUS = \'temporary\' THEN PHONE_TEMPORARY_START_DATE WHEN PHONE_ACTIVATION_STATUS = \'seasonal\' THEN PHONE_SEASONAL_START_DATE WHEN PHONE_ACTIVATION_STATUS = \'permanent\' AND PHONE_EFFECTIVE_DATE IS NOT NULL THEN PHONE_EFFECTIVE_DATE ELSE STR_TO_DATE(\'{0}\', \'%m/%d/%Y\') END AND CASE WHEN PHONE_ACTIVATION_STATUS = \'temporary\' THEN PHONE_TEMPORARY_END_DATE WHEN PHONE_ACTIVATION_STATUS = \'seasonal\' THEN PHONE_SEASONAL_END_DATE ELSE STR_TO_DATE(\'{0}\', \'%m/%d/%Y\') END)'),
 (400000,'Gift Totals - Account has given at least $<input class=\"customCriteria\" objectname=\"reportFilters[INDEXREPLACEMENT].reportCustomFilter.reportCustomFilterCriteria[0].criteria\" value=\"{0}\"/> in year <input class=\"customCriteria\" objectname=\"reportFilters[INDEXREPLACEMENT].reportCustomFilter.reportCustomFilterCriteria[1].criteria\" value=\"{1}\"/>','Gift Totals - Account has given at least $[GIFTAMOUNT] in year [GIFTYEAR]','((SELECT SUM(AMOUNT) FROM GIFT GIFTLOOKUP WHERE GIFTLOOKUP.CONSTITUENT_ID = [VIEWNAME].ADDRESS_CONSTITUENT_ID AND YEAR(TRANSACTION_DATE) = {1}) >= {0})'),
 (410000,'Gift Totals - Account has given at least $<input class=\"customCriteria\" objectname=\"reportFilters[INDEXREPLACEMENT].reportCustomFilter.reportCustomFilterCriteria[0].criteria\" value=\"{0}\"/> in year <input class=\"customCriteria\" objectname=\"reportFilters[INDEXREPLACEMENT].reportCustomFilter.reportCustomFilterCriteria[1].criteria\" value=\"{1}\"/>','Gift Totals - Account has given at least $[GIFTAMOUNT] in year [GIFTYEAR]','((SELECT SUM(AMOUNT) FROM GIFT GIFTLOOKUP WHERE GIFTLOOKUP.CONSTITUENT_ID = [VIEWNAME].AUDIT_CONSTITUENT_ID AND YEAR(TRANSACTION_DATE) = {1}) >= {0})'),
 (420000,'Gift Totals - Account has given at least $<input class=\"customCriteria\" objectname=\"reportFilters[INDEXREPLACEMENT].reportCustomFilter.reportCustomFilterCriteria[0].criteria\" value=\"{0}\"/> in year <input class=\"customCriteria\" objectname=\"reportFilters[INDEXREPLACEMENT].reportCustomFilter.reportCustomFilterCriteria[1].criteria\" value=\"{1}\"/>','Gift Totals - Account has given at least $[GIFTAMOUNT] in year [GIFTYEAR]','((SELECT SUM(AMOUNT) FROM GIFT GIFTLOOKUP WHERE GIFTLOOKUP.CONSTITUENT_ID = [VIEWNAME].COMMITMENT_CONSTITUENT_ID AND YEAR(TRANSACTION_DATE) = {1}) >= {0})'),
 (430000,'Gift Totals - Account has given at least $<input class=\"customCriteria\" objectname=\"reportFilters[INDEXREPLACEMENT].reportCustomFilter.reportCustomFilterCriteria[0].criteria\" value=\"{0}\"/> in year <input class=\"customCriteria\" objectname=\"reportFilters[INDEXREPLACEMENT].reportCustomFilter.reportCustomFilterCriteria[1].criteria\" value=\"{1}\"/>','Gift Totals - Account has given at least $[GIFTAMOUNT] in year [GIFTYEAR]','((SELECT SUM(AMOUNT) FROM GIFT GIFTLOOKUP WHERE GIFTLOOKUP.CONSTITUENT_ID = [VIEWNAME].COMMUNICATION_HISTORY_CONSTITUENT_ID AND YEAR(TRANSACTION_DATE) = {1}) >= {0})'),
 (440000,'Gift Totals - Account has given at least $<input class=\"customCriteria\" objectname=\"reportFilters[INDEXREPLACEMENT].reportCustomFilter.reportCustomFilterCriteria[0].criteria\" value=\"{0}\"/> in year <input class=\"customCriteria\" objectname=\"reportFilters[INDEXREPLACEMENT].reportCustomFilter.reportCustomFilterCriteria[1].criteria\" value=\"{1}\"/>','Gift Totals - Account has given at least $[GIFTAMOUNT] in year [GIFTYEAR]','((SELECT SUM(AMOUNT) FROM GIFT GIFTLOOKUP WHERE GIFTLOOKUP.CONSTITUENT_ID = [VIEWNAME].EMAIL_CONSTITUENT_ID AND YEAR(TRANSACTION_DATE) = {1}) >= {0})'),
 (450000,'Gift Totals - Account has given at least $<input class=\"customCriteria\" objectname=\"reportFilters[INDEXREPLACEMENT].reportCustomFilter.reportCustomFilterCriteria[0].criteria\" value=\"{0}\"/> in year <input class=\"customCriteria\" objectname=\"reportFilters[INDEXREPLACEMENT].reportCustomFilter.reportCustomFilterCriteria[1].criteria\" value=\"{1}\"/>','Gift Totals - Account has given at least $[GIFTAMOUNT] in year [GIFTYEAR]','((SELECT SUM(AMOUNT) FROM GIFT GIFTLOOKUP WHERE GIFTLOOKUP.CONSTITUENT_ID = [VIEWNAME].GIFT_CONSTITUENT_ID AND YEAR(TRANSACTION_DATE) = {1}) >= {0})'),
 (460000,'Gift Totals - Account has given at least $<input class=\"customCriteria\" objectname=\"reportFilters[INDEXREPLACEMENT].reportCustomFilter.reportCustomFilterCriteria[0].criteria\" value=\"{0}\"/> in year <input class=\"customCriteria\" objectname=\"reportFilters[INDEXREPLACEMENT].reportCustomFilter.reportCustomFilterCriteria[1].criteria\" value=\"{1}\"/>','Gift Totals - Account has given at least $[GIFTAMOUNT] in year [GIFTYEAR]','((SELECT SUM(AMOUNT) FROM GIFT GIFTLOOKUP WHERE GIFTLOOKUP.CONSTITUENT_ID = [VIEWNAME].PAYMENT_HISTORY_CONSTITUENT_ID AND YEAR(TRANSACTION_DATE) = {1}) >= {0})'),
 (470000,'Gift Totals - Account has given at least $<input class=\"customCriteria\" objectname=\"reportFilters[INDEXREPLACEMENT].reportCustomFilter.reportCustomFilterCriteria[0].criteria\" value=\"{0}\"/> in year <input class=\"customCriteria\" objectname=\"reportFilters[INDEXREPLACEMENT].reportCustomFilter.reportCustomFilterCriteria[1].criteria\" value=\"{1}\"/>','Gift Totals - Account has given at least $[GIFTAMOUNT] in year [GIFTYEAR]','((SELECT SUM(AMOUNT) FROM GIFT GIFTLOOKUP WHERE GIFTLOOKUP.CONSTITUENT_ID = [VIEWNAME].PAYMENT_SOURCE_CONSTITUENT_ID AND YEAR(TRANSACTION_DATE) = {1}) >= {0})'),
 (480000,'Gift Totals - Account has given at least $<input class=\"customCriteria\" objectname=\"reportFilters[INDEXREPLACEMENT].reportCustomFilter.reportCustomFilterCriteria[0].criteria\" value=\"{0}\"/> in year <input class=\"customCriteria\" objectname=\"reportFilters[INDEXREPLACEMENT].reportCustomFilter.reportCustomFilterCriteria[1].criteria\" value=\"{1}\"/>','Gift Totals - Account has given at least $[GIFTAMOUNT] in year [GIFTYEAR]','((SELECT SUM(AMOUNT) FROM GIFT GIFTLOOKUP WHERE GIFTLOOKUP.CONSTITUENT_ID = [VIEWNAME].CONSTITUENT_CONSTITUENT_ID AND YEAR(TRANSACTION_DATE) = {1}) >= {0})'),
 (490000,'Gift Totals - Account has given at least $<input class=\"customCriteria\" objectname=\"reportFilters[INDEXREPLACEMENT].reportCustomFilter.reportCustomFilterCriteria[0].criteria\" value=\"{0}\"/> in year <input class=\"customCriteria\" objectname=\"reportFilters[INDEXREPLACEMENT].reportCustomFilter.reportCustomFilterCriteria[1].criteria\" value=\"{1}\"/>','Gift Totals - Account has given at least $[GIFTAMOUNT] in year [GIFTYEAR]','((SELECT SUM(AMOUNT) FROM GIFT GIFTLOOKUP WHERE GIFTLOOKUP.CONSTITUENT_ID = [VIEWNAME].PHONE_CONSTITUENT_ID AND YEAR(TRANSACTION_DATE) = {1}) >= {0})');
/*!40000 ALTER TABLE `REPORTCUSTOMFILTERDEFINITION` ENABLE KEYS */;


--
-- Definition of table `REPORTCUSTOMFILTERDEFINITION_REPORTDATASUBSOURCE`
--

DROP TABLE IF EXISTS `REPORTCUSTOMFILTERDEFINITION_REPORTDATASUBSOURCE`;
CREATE TABLE `REPORTCUSTOMFILTERDEFINITION_REPORTDATASUBSOURCE` (
  `reportCustomFilterDefinitions_REPORTCUSTOMFILTERDEFINITION_ID` bigint(20) NOT NULL,
  `reportDataSubSource_REPORTSUBSOURCE_ID` bigint(20) NOT NULL,
  `REPORTSUBSOURCE_ID` int(11) NOT NULL,
  `REPORTCUSTOMFILTERDEFINITION_ID` int(11) NOT NULL,
  PRIMARY KEY  (`reportCustomFilterDefinitions_REPORTCUSTOMFILTERDEFINITION_ID`,`REPORTSUBSOURCE_ID`),
  KEY `FKB0E0F0CEA9997991` (`reportDataSubSource_REPORTSUBSOURCE_ID`),
  KEY `FKB0E0F0CEBDBD13F` (`reportCustomFilterDefinitions_REPORTCUSTOMFILTERDEFINITION_ID`),
  CONSTRAINT `FKB0E0F0CEA9997991` FOREIGN KEY (`reportDataSubSource_REPORTSUBSOURCE_ID`) REFERENCES `reportdatasubsource` (`REPORTSUBSOURCE_ID`),
  CONSTRAINT `FKB0E0F0CEBDBD13F` FOREIGN KEY (`reportCustomFilterDefinitions_REPORTCUSTOMFILTERDEFINITION_ID`) REFERENCES `reportcustomfilterdefinition` (`REPORTCUSTOMFILTERDEFINITION_ID`)
) ENGINE=InnoDB DEFAULT CHARSET=latin1;

--
-- Dumping data for table `REPORTCUSTOMFILTERDEFINITION_REPORTDATASUBSOURCE`
--

/*!40000 ALTER TABLE `REPORTCUSTOMFILTERDEFINITION_REPORTDATASUBSOURCE` DISABLE KEYS */;
INSERT INTO `REPORTCUSTOMFILTERDEFINITION_REPORTDATASUBSOURCE` (`reportCustomFilterDefinitions_REPORTCUSTOMFILTERDEFINITION_ID`,`reportDataSubSource_REPORTSUBSOURCE_ID`,`REPORTSUBSOURCE_ID`,`REPORTCUSTOMFILTERDEFINITION_ID`) VALUES 
 (310000,23,23,1),
 (310000,24,24,2),
 (310000,25,25,3),
 (310000,26,26,4),
 (310000,27,27,5),
 (310000,28,28,6),
 (310000,29,29,7),
 (310000,30,30,8),
 (310000,31,31,9),
 (320000,11,11,59),
 (320000,12,12,60),
 (320000,13,13,61),
 (320000,14,14,62),
 (330000,32,32,69),
 (350000,7,7,51),
 (350000,8,8,52),
 (360000,9,9,67),
 (370000,10,10,55),
 (380000,2,2,21),
 (380000,3,3,22),
 (380000,4,4,23),
 (380000,5,5,24),
 (380000,6,6,25),
 (380000,15,15,26),
 (380000,16,16,27),
 (380000,17,17,28),
 (380000,18,18,29),
 (380000,19,19,30),
 (380000,20,20,31),
 (380000,21,21,32),
 (380000,22,22,33),
 (380000,33,33,34),
 (395000,3,3,19),
 (395000,24,24,20),
 (396000,4,4,49),
 (396000,26,26,50),
 (397000,5,5,57),
 (397000,29,29,58),
 (410000,23,23,10),
 (410000,24,24,11),
 (410000,25,25,12),
 (410000,26,26,13),
 (410000,27,27,14),
 (410000,28,28,15),
 (410000,29,29,16),
 (410000,30,30,17),
 (410000,31,31,18),
 (420000,11,11,63),
 (420000,12,12,64),
 (420000,13,13,65),
 (420000,14,14,66),
 (430000,32,32,70),
 (450000,7,7,53),
 (450000,8,8,54),
 (460000,9,9,68),
 (470000,10,10,56),
 (480000,2,2,35),
 (480000,3,3,36),
 (480000,4,4,37),
 (480000,5,5,38),
 (480000,6,6,39),
 (480000,15,15,40),
 (480000,16,16,41),
 (480000,17,17,42),
 (480000,18,18,43),
 (480000,19,19,44),
 (480000,20,20,45),
 (480000,21,21,46),
 (480000,22,22,47),
 (480000,33,33,48);
/*!40000 ALTER TABLE `REPORTCUSTOMFILTERDEFINITION_REPORTDATASUBSOURCE` ENABLE KEYS */;


--
-- Definition of table `REPORTCUSTOMFILTER_REPORTCUSTOMFILTERCRITERIA`
--

DROP TABLE IF EXISTS `REPORTCUSTOMFILTER_REPORTCUSTOMFILTERCRITERIA`;
CREATE TABLE `REPORTCUSTOMFILTER_REPORTCUSTOMFILTERCRITERIA` (
  `REPORTCUSTOMFILTER_REPORTCUSTOMFILTER_ID` bigint(20) NOT NULL,
  `reportCustomFilterCriteria_REPORTCUSTOMFILTERCRITERIA_ID` bigint(20) NOT NULL,
  `REPORTCUSTOMFILTERCRITERIA_ID` int(11) NOT NULL,
  PRIMARY KEY  (`REPORTCUSTOMFILTER_REPORTCUSTOMFILTER_ID`,`REPORTCUSTOMFILTERCRITERIA_ID`),
  UNIQUE KEY `reportCustomFilterCriteria_REPORTCUSTOMFILTERCRITERIA_ID` (`reportCustomFilterCriteria_REPORTCUSTOMFILTERCRITERIA_ID`),
  KEY `FK1E4F67DE5367E19` (`REPORTCUSTOMFILTER_REPORTCUSTOMFILTER_ID`),
  KEY `FK1E4F67DE9F54E4F8` (`reportCustomFilterCriteria_REPORTCUSTOMFILTERCRITERIA_ID`),
  CONSTRAINT `FK1E4F67DE9F54E4F8` FOREIGN KEY (`reportCustomFilterCriteria_REPORTCUSTOMFILTERCRITERIA_ID`) REFERENCES `reportcustomfiltercriteria` (`REPORTCUSTOMFILTERCRITERIA_ID`),
  CONSTRAINT `FK1E4F67DE5367E19` FOREIGN KEY (`REPORTCUSTOMFILTER_REPORTCUSTOMFILTER_ID`) REFERENCES `reportcustomfilter` (`REPORTCUSTOMFILTER_ID`)
) ENGINE=InnoDB DEFAULT CHARSET=latin1;

--
-- Dumping data for table `REPORTCUSTOMFILTER_REPORTCUSTOMFILTERCRITERIA`
--

/*!40000 ALTER TABLE `REPORTCUSTOMFILTER_REPORTCUSTOMFILTERCRITERIA` DISABLE KEYS */;
/*!40000 ALTER TABLE `REPORTCUSTOMFILTER_REPORTCUSTOMFILTERCRITERIA` ENABLE KEYS */;


--
-- Definition of table `REPORTDATASOURCE`
--

DROP TABLE IF EXISTS `REPORTDATASOURCE`;
CREATE TABLE `REPORTDATASOURCE` (
  `REPORTSOURCE_ID` bigint(20) NOT NULL auto_increment,
  `REPORT_NAME` varchar(255) default NULL,
  PRIMARY KEY  (`REPORTSOURCE_ID`)
) ENGINE=InnoDB AUTO_INCREMENT=2 DEFAULT CHARSET=latin1;

--
-- Dumping data for table `REPORTDATASOURCE`
--

/*!40000 ALTER TABLE `REPORTDATASOURCE` DISABLE KEYS */;
INSERT INTO `REPORTDATASOURCE` (`REPORTSOURCE_ID`,`REPORT_NAME`) VALUES 
 (1,'Orange Leap');
/*!40000 ALTER TABLE `REPORTDATASOURCE` ENABLE KEYS */;


--
-- Definition of table `REPORTDATASUBSOURCE`
--

DROP TABLE IF EXISTS `REPORTDATASUBSOURCE`;
CREATE TABLE `REPORTDATASUBSOURCE` (
  `REPORTSUBSOURCE_ID` bigint(20) NOT NULL auto_increment,
  `DATABASE_TYPE` int(11) default NULL,
  `DESCRIPTION` varchar(255) default NULL,
  `DISPLAY_NAME` varchar(255) default NULL,
  `JASPER_DATASOURCE_NAME` varchar(255) default NULL,
  `REPORT_FORMAT_TYPE` int(11) default NULL,
  `VIEW_NAME` varchar(255) default NULL,
  `reportDataSubSourceGroup_REPORTSUBSOURCEGROUP_ID` bigint(20) default NULL,
  PRIMARY KEY  (`REPORTSUBSOURCE_ID`),
  KEY `FK8817E91DD27B0EE8` (`reportDataSubSourceGroup_REPORTSUBSOURCEGROUP_ID`),
  CONSTRAINT `FK8817E91DD27B0EE8` FOREIGN KEY (`reportDataSubSourceGroup_REPORTSUBSOURCEGROUP_ID`) REFERENCES `reportdatasubsourcegroup` (`REPORTSUBSOURCEGROUP_ID`)
) ENGINE=InnoDB AUTO_INCREMENT=34 DEFAULT CHARSET=latin1;

--
-- Dumping data for table `REPORTDATASUBSOURCE`
--

/*!40000 ALTER TABLE `REPORTDATASUBSOURCE` DISABLE KEYS */;
INSERT INTO `REPORTDATASUBSOURCE` (`REPORTSUBSOURCE_ID`,`DATABASE_TYPE`,`DESCRIPTION`,`DISPLAY_NAME`,`JASPER_DATASOURCE_NAME`,`REPORT_FORMAT_TYPE`,`VIEW_NAME`,`reportDataSubSourceGroup_REPORTSUBSOURCEGROUP_ID`) VALUES 
 (1,0,NULL,'Picklists','/datasources/ReportWizardJdbcDS',0,'VW_PICKLISTS',1),
 (2,0,NULL,'Constituents','/datasources/ReportWizardJdbcDS',0,'VW_CONSTITUENTS',3),
 (3,0,NULL,'Constituents & Addresses','/datasources/ReportWizardJdbcDS',0,'VW_CONSTITUENTS_ADDRESSES',3),
 (4,0,NULL,'Constituents & Email Addresses','/datasources/ReportWizardJdbcDS',0,'VW_CONSTITUENTS_EMAILS',3),
 (5,0,NULL,'Constituents & Phone Numbers','/datasources/ReportWizardJdbcDS',0,'VW_CONSTITUENTS_PHONENUMBERS',3),
 (6,0,NULL,'Constituents & Relationships','/datasources/ReportWizardJdbcDS',0,'VW_CONSTITUENTS_RELATIONSHIPS',3),
 (7,0,NULL,'Gifts','/datasources/ReportWizardJdbcDS',0,'VW_GIFTS',6),
 (8,0,NULL,'Gifts & Gift Distributions','/datasources/ReportWizardJdbcDS',0,'VW_GIFTS_DISTRIBUTIONS',6),
 (9,0,NULL,'Payment History','/datasources/ReportWizardJdbcDS',0,'VW_PAYMENTHISTORY',6),
 (10,0,NULL,'Payment Methods','/datasources/ReportWizardJdbcDS',0,'VW_PAYMENTMETHODS',6),
 (11,0,NULL,'Pledges','/datasources/ReportWizardJdbcDS',0,'VW_PLEDGES',6),
 (12,0,NULL,'Pledges & Distributions','/datasources/ReportWizardJdbcDS',0,'VW_PLEDGES_DISTRIBUTIONS',6),
 (13,0,NULL,'Recurring Gifts','/datasources/ReportWizardJdbcDS',0,'VW_RECURRINGGIFTS',6),
 (14,0,NULL,'Recurring Gifts & Distributions','/datasources/ReportWizardJdbcDS',0,'VW_RECURRINGGIFTS_DISTRIBUTIONS',6),
 (15,0,NULL,'Constituents & Gifts','/datasources/ReportWizardJdbcDS',0,'VW_CONSTITUENTS_GIFTS',4),
 (16,0,NULL,'Constituents & Gift Distributions','/datasources/ReportWizardJdbcDS',0,'VW_CONSTITUENTS_GIFTDISTRIBUTIONS',4),
 (17,0,NULL,'Constituents & Payment History','/datasources/ReportWizardJdbcDS',0,'VW_CONSTITUENTS_PAYMENTHISTORY',4),
 (18,0,NULL,'Constituents & Payment Methods','/datasources/ReportWizardJdbcDS',0,'VW_CONSTITUENTS_PAYMENTMETHODS',4),
 (19,0,NULL,'Constituents & Pledges','/datasources/ReportWizardJdbcDS',0,'VW_CONSTITUENTS_PLEDGES',4),
 (20,0,NULL,'Constituents & Pledges & Distributions','/datasources/ReportWizardJdbcDS',0,'VW_CONSTITUENTS_PLEDGES_DISTRIBUTIONS',4),
 (21,0,NULL,'Constituents & Recurring Gifts','/datasources/ReportWizardJdbcDS',0,'VW_CONSTITUENTS_RECURRINGGIFTS',4),
 (22,0,NULL,'Constituents & Recurring Gifts & Distributions','/datasources/ReportWizardJdbcDS',0,'VW_CONSTITUENTS_RECURRINGGIFTS_DISTRIBUTIONS',4),
 (23,0,NULL,'Audit History','/datasources/ReportWizardJdbcDS',0,'VW_AUDITHISTORY',2),
 (24,0,NULL,'Address Audit History','/datasources/ReportWizardJdbcDS',0,'VW_AUDITHISTORY_ADDRESSES',2),
 (25,0,NULL,'Constituent Audit History','/datasources/ReportWizardJdbcDS',0,'VW_AUDITHISTORY_CONSTITUENTS',2),
 (26,0,NULL,'Email Address Audit History','/datasources/ReportWizardJdbcDS',0,'VW_AUDITHISTORY_EMAILADDRESSES',2),
 (27,0,NULL,'Gift Audit History','/datasources/ReportWizardJdbcDS',0,'VW_AUDITHISTORY_GIFTS',2),
 (28,0,NULL,'Payment Method Audit History','/datasources/ReportWizardJdbcDS',0,'VW_AUDITHISTORY_PAYMENTMETHODS',2),
 (29,0,NULL,'Phone Number Audit History','/datasources/ReportWizardJdbcDS',0,'VW_AUDITHISTORY_PHONENUMBERS',2),
 (30,0,NULL,'Pledge Audit History','/datasources/ReportWizardJdbcDS',0,'VW_AUDITHISTORY_PLEDGES',2),
 (31,0,NULL,'Recurring Gift Audit History','/datasources/ReportWizardJdbcDS',0,'VW_AUDITHISTORY_RECURRINGGIFTS',2),
 (32,0,NULL,'Journals','/datasources/ReportWizardJdbcDS',0,'VW_JOURNALS',5),
 (33,0,NULL,'Journals & Constituents','/datasources/ReportWizardJdbcDS',0,'VW_JOURNALS_CONSTITUENTS',5);
/*!40000 ALTER TABLE `REPORTDATASUBSOURCE` ENABLE KEYS */;


--
-- Definition of table `REPORTDATASUBSOURCEGROUP`
--

DROP TABLE IF EXISTS `REPORTDATASUBSOURCEGROUP`;
CREATE TABLE `REPORTDATASUBSOURCEGROUP` (
  `REPORTSUBSOURCEGROUP_ID` bigint(20) NOT NULL auto_increment,
  `DESCRIPTION` varchar(255) default NULL,
  `DISPLAY_NAME` varchar(255) default NULL,
  `reportDataSource_REPORTSOURCE_ID` bigint(20) default NULL,
  PRIMARY KEY  (`REPORTSUBSOURCEGROUP_ID`),
  KEY `FKBCFD3F62513690DF` (`reportDataSource_REPORTSOURCE_ID`),
  CONSTRAINT `FKBCFD3F62513690DF` FOREIGN KEY (`reportDataSource_REPORTSOURCE_ID`) REFERENCES `reportdatasource` (`REPORTSOURCE_ID`)
) ENGINE=InnoDB AUTO_INCREMENT=7 DEFAULT CHARSET=latin1;

--
-- Dumping data for table `REPORTDATASUBSOURCEGROUP`
--

/*!40000 ALTER TABLE `REPORTDATASUBSOURCEGROUP` DISABLE KEYS */;
INSERT INTO `REPORTDATASUBSOURCEGROUP` (`REPORTSUBSOURCEGROUP_ID`,`DESCRIPTION`,`DISPLAY_NAME`,`reportDataSource_REPORTSOURCE_ID`) VALUES 
 (1,'Administrative','Administrative',1),
 (2,'Audit History','Audit History',1),
 (3,'Constituents','Constituents',1),
 (4,'Constituents & Transactions','Constituents & Transactions',1),
 (5,'Journals','Journals',1),
 (6,'Transactions','Transactions',1);
/*!40000 ALTER TABLE `REPORTDATASUBSOURCEGROUP` ENABLE KEYS */;


--
-- Definition of table `REPORTFIELD`
--

DROP TABLE IF EXISTS `REPORTFIELD`;
CREATE TABLE `REPORTFIELD` (
  `REPORTFIELD_ID` bigint(20) NOT NULL auto_increment,
  `AVERAGE` bit(1) default NULL,
  `CAN_BE_SUMMARIZED` bit(1) default NULL,
  `COLUMN_NAME` varchar(255) default NULL,
  `DISPLAY_NAME` varchar(255) default NULL,
  `IS_DEFAULT` bit(1) default NULL,
  `IS_SUMMARIZED` bit(1) default NULL,
  `LARGEST_VALUE` bit(1) default NULL,
  `PERFORMSUMMARY` bit(1) default NULL,
  `RECORD_COUNT` bit(1) default NULL,
  `IS_SELECTED` bit(1) default NULL,
  `SMALLEST_VALUE` bit(1) default NULL,
  `FIELD_TYPE` int(11) default NULL,
  `ALIAS_NAME` varchar(255) default NULL,
  `PRIMARY_KEYS` varchar(255) default NULL,
  PRIMARY KEY  (`REPORTFIELD_ID`)
) ENGINE=InnoDB AUTO_INCREMENT=1247 DEFAULT CHARSET=latin1;

--
-- Dumping data for table `REPORTFIELD`
--

/*!40000 ALTER TABLE `REPORTFIELD` DISABLE KEYS */;
INSERT INTO `REPORTFIELD` (`REPORTFIELD_ID`,`AVERAGE`,`CAN_BE_SUMMARIZED`,`COLUMN_NAME`,`DISPLAY_NAME`,`IS_DEFAULT`,`IS_SUMMARIZED`,`LARGEST_VALUE`,`PERFORMSUMMARY`,`RECORD_COUNT`,`IS_SELECTED`,`SMALLEST_VALUE`,`FIELD_TYPE`,`ALIAS_NAME`,`PRIMARY_KEYS`) VALUES 
 (1,0x00,0x00,'PICKLIST_PICKLIST_NAME','Picklist Name',0x01,0x00,0x00,0x00,0x00,0x00,0x00,1,'PICKLIST_PICKLIST_NAME','PICKLIST_PICKLIST_NAME'),
 (2,0x00,0x00,'PICKLIST_SITE_NAME','Site Name',0x00,0x00,0x00,0x00,0x00,0x00,0x00,1,'PICKLIST_SITE_NAME','PICKLIST_PICKLIST_NAME'),
 (3,0x00,0x00,'PICKLIST_ITEM_ITEM_NAME','Picklist Item Name',0x01,0x00,0x00,0x00,0x00,0x00,0x00,1,'PICKLIST_ITEM_ITEM_NAME','PICKLIST_ITEM_ITEM_NAME'),
 (4,0x00,0x00,'PICKLIST_ITEM_DEFAULT_DISPLAY_VALUE','Picklist Item Description',0x01,0x00,0x00,0x00,0x00,0x00,0x00,1,'PICKLIST_ITEM_DEFAULT_DISPLAY_VALUE','PICKLIST_ITEM_ITEM_NAME'),
 (5,0x00,0x00,'PICKLIST_ITEM_INACTIVE','Picklist Item Inactive',0x01,0x00,0x00,0x00,0x00,0x00,0x00,6,'PICKLIST_ITEM_INACTIVE','PICKLIST_ITEM_ITEM_NAME'),
 (6,0x00,0x00,'PICKLIST_ITEM_ITEM_ORDER','Picklist Item Order',0x00,0x00,0x00,0x00,0x00,0x00,0x00,2,'PICKLIST_ITEM_ITEM_ORDER','PICKLIST_ITEM_ITEM_NAME'),
 (7,0x00,0x00,'CONSTITUENT_CONSTITUENT_ID','Account Number',0x01,0x00,0x00,0x00,0x00,0x00,0x00,3,'CONSTITUENT_CONSTITUENT_ID','CONSTITUENT_CONSTITUENT_ID'),
 (8,0x00,0x00,'GETCONSTITUENTDISPLAYNAME(GETCUSTOMFIELD(CONSTITUENT_CONSTITUENT_ID, \'person\', \'accountManager\'))','Account Manager Name',0x00,0x00,0x00,0x00,0x00,0x00,0x00,1,'ACCOUNTMANAGER','CONSTITUENT_CONSTITUENT_ID'),
 (9,0x00,0x00,'GETCUSTOMFIELD(CONSTITUENT_CONSTITUENT_ID, \'person\', \'accountManager\')','Account Manager Account Number',0x00,0x00,0x00,0x00,0x00,0x00,0x00,3,'ACCOUNTMANAGERACCOUNTNUMBER','CONSTITUENT_CONSTITUENT_ID'),
 (10,0x00,0x00,'CONSTITUENT_CONSTITUENT_TYPE','Constituent Type',0x01,0x00,0x00,0x00,0x00,0x00,0x00,1,'CONSTITUENT_CONSTITUENT_TYPE','CONSTITUENT_CONSTITUENT_ID'),
 (11,0x00,0x00,'CONSTITUENT_CONSTITUENT_ROLE','Profile Type',0x00,0x00,0x00,0x00,0x00,0x00,0x00,1,'CONSTITUENT_CONSTITUENT_ROLE','CONSTITUENT_CONSTITUENT_ID'),
 (12,0x00,0x00,'CONSTITUENT_DONOR_PROFILE','Donor Profile',0x00,0x00,0x00,0x00,0x00,0x00,0x00,1,'CONSTITUENT_DONOR_PROFILE','CONSTITUENT_CONSTITUENT_ID'),
 (13,0x00,0x00,'CONSTITUENT_TITLE','Title',0x00,0x00,0x00,0x00,0x00,0x00,0x00,1,'CONSTITUENT_TITLE','CONSTITUENT_CONSTITUENT_ID'),
 (14,0x00,0x00,'CONSTITUENT_FIRST_NAME','First Name',0x01,0x00,0x00,0x00,0x00,0x00,0x00,1,'CONSTITUENT_FIRST_NAME','CONSTITUENT_CONSTITUENT_ID'),
 (15,0x00,0x00,'CONSTITUENT_MIDDLE_NAME','Middle Name',0x00,0x00,0x00,0x00,0x00,0x00,0x00,1,'CONSTITUENT_MIDDLE_NAME','CONSTITUENT_CONSTITUENT_ID'),
 (16,0x00,0x00,'CONSTITUENT_LAST_NAME','Last Name',0x01,0x00,0x00,0x00,0x00,0x00,0x00,1,'CONSTITUENT_LAST_NAME','CONSTITUENT_CONSTITUENT_ID'),
 (17,0x00,0x00,'CONSTITUENT_SUFFIX','Suffix',0x00,0x00,0x00,0x00,0x00,0x00,0x00,1,'CONSTITUENT_SUFFIX','CONSTITUENT_CONSTITUENT_ID'),
 (18,0x00,0x00,'CONSTITUENT_RECOGNITION_NAME','Recognition Name',0x00,0x00,0x00,0x00,0x00,0x00,0x00,1,'CONSTITUENT_RECOGNITION_NAME','CONSTITUENT_CONSTITUENT_ID'),
 (19,0x00,0x00,'CONSTITUENT_ORGANIZATION_NAME','Organization Name',0x00,0x00,0x00,0x00,0x00,0x00,0x00,1,'CONSTITUENT_ORGANIZATION_NAME','CONSTITUENT_CONSTITUENT_ID'),
 (20,0x00,0x00,'CONSTITUENT_LEGAL_NAME','Legal Name',0x00,0x00,0x00,0x00,0x00,0x00,0x00,1,'CONSTITUENT_LEGAL_NAME','CONSTITUENT_CONSTITUENT_ID'),
 (21,0x00,0x00,'GETCUSTOMFIELD(CONSTITUENT_CONSTITUENT_ID, \'person\', \'organization.matching\')','Matching',0x00,0x00,0x00,0x00,0x00,0x00,0x00,1,'ORGANIZATION_MATCHING','CONSTITUENT_CONSTITUENT_ID'),
 (22,0x00,0x00,'GETCUSTOMFIELD(CONSTITUENT_CONSTITUENT_ID, \'person\', \'organization.percentMatch\')','Percent Matching',0x00,0x00,0x00,0x00,0x00,0x00,0x00,3,'ORGANIZATION_PERCENTMATCH','CONSTITUENT_CONSTITUENT_ID'),
 (23,0x00,0x00,'GETCUSTOMFIELD(CONSTITUENT_CONSTITUENT_ID, \'person\', \'organization.maximumMatch\')','Maximum Match',0x00,0x00,0x00,0x00,0x00,0x00,0x00,5,'ORGANIZATION_MAXIMUMMATCH','CONSTITUENT_CONSTITUENT_ID'),
 (24,0x00,0x00,'GETCUSTOMFIELD(CONSTITUENT_CONSTITUENT_ID, \'person\', \'organization.website\')','Website',0x00,0x00,0x00,0x00,0x00,0x00,0x00,1,'ORGANIZATION_WEBSITE','CONSTITUENT_CONSTITUENT_ID'),
 (25,0x00,0x00,'GETCUSTOMFIELD(CONSTITUENT_CONSTITUENT_ID, \'person\', \'organization.taxid\')','Tax ID',0x00,0x00,0x00,0x00,0x00,0x00,0x00,1,'ORGANIZATION_TAXID','CONSTITUENT_CONSTITUENT_ID'),
 (26,0x00,0x00,'CONSTITUENT_NCAIS_CODE','NCAIS Code',0x00,0x00,0x00,0x00,0x00,0x00,0x00,1,'CONSTITUENT_NCAIS_CODE','CONSTITUENT_CONSTITUENT_ID'),
 (27,0x00,0x00,'GETCUSTOMFIELD(CONSTITUENT_CONSTITUENT_ID, \'person\', \'communicationPreferences\')','Communication Preferences',0x00,0x00,0x00,0x00,0x00,0x00,0x00,1,'COMMUNICATIONPREFERENCES','CONSTITUENT_CONSTITUENT_ID'),
 (28,0x00,0x00,'GETCUSTOMFIELD(CONSTITUENT_CONSTITUENT_ID, \'person\', \'emailFormat\')','Email Format',0x00,0x00,0x00,0x00,0x00,0x00,0x00,1,'EMAILFORMAT','CONSTITUENT_CONSTITUENT_ID'),
 (29,0x00,0x00,'CONSTITUENT_CREATE_DATE','Create Date',0x00,0x00,0x00,0x00,0x00,0x00,0x00,4,'CONSTITUENT_CREATE_DATE','CONSTITUENT_CONSTITUENT_ID'),
 (30,0x00,0x00,'CONSTITUENT_UPDATE_DATE','Update Date',0x00,0x00,0x00,0x00,0x00,0x00,0x00,4,'CONSTITUENT_UPDATE_DATE','CONSTITUENT_CONSTITUENT_ID'),
 (31,0x00,0x00,'CONSTITUENT_MARITAL_STATUS','Marital Status',0x00,0x00,0x00,0x00,0x00,0x00,0x00,1,'CONSTITUENT_MARITAL_STATUS','CONSTITUENT_CONSTITUENT_ID'),
 (32,0x00,0x00,'GETCUSTOMFIELD(CONSTITUENT_CONSTITUENT_ID, \'person\', \'individual.birthDate\')','Birth Date',0x00,0x00,0x00,0x00,0x00,0x00,0x00,4,'INDIVIDUAL_BIRTHDATE','CONSTITUENT_CONSTITUENT_ID'),
 (33,0x00,0x00,'GETCUSTOMFIELD(CONSTITUENT_CONSTITUENT_ID, \'person\', \'individual.deceased\')','Deceased',0x00,0x00,0x00,0x00,0x00,0x00,0x00,6,'INDIVIDUAL_DECEASED','CONSTITUENT_CONSTITUENT_ID'),
 (34,0x00,0x00,'GETCUSTOMFIELD(CONSTITUENT_CONSTITUENT_ID, \'person\', \'individual.gender\')','Gender',0x00,0x00,0x00,0x00,0x00,0x00,0x00,1,'INDIVIDUAL_GENDER','CONSTITUENT_CONSTITUENT_ID'),
 (35,0x00,0x00,'GETCUSTOMFIELD(CONSTITUENT_CONSTITUENT_ID, \'person\', \'individual.race\')','Race',0x00,0x00,0x00,0x00,0x00,0x00,0x00,1,'INDIVIDUAL_RACE','CONSTITUENT_CONSTITUENT_ID'),
 (36,0x00,0x00,'GETCUSTOMFIELD(CONSTITUENT_CONSTITUENT_ID, \'person\', \'individual.military\')','Military',0x00,0x00,0x00,0x00,0x00,0x00,0x00,1,'INDIVIDUAL_MILITARY','CONSTITUENT_CONSTITUENT_ID'),
 (37,0x00,0x00,'CONSTITUENT_SITE_NAME','Site Name',0x00,0x00,0x00,0x00,0x00,0x00,0x00,1,'CONSTITUENT_SITE_NAME','CONSTITUENT_CONSTITUENT_ID'),
 (38,0x00,0x00,'CONSTITUENT_CONSTITUENT_ID','Account Number',0x01,0x00,0x00,0x00,0x00,0x00,0x00,3,'CONSTITUENT_CONSTITUENT_ID','CONSTITUENT_CONSTITUENT_ID'),
 (39,0x00,0x00,'GETCONSTITUENTDISPLAYNAME(GETCUSTOMFIELD(CONSTITUENT_CONSTITUENT_ID, \'person\', \'accountManager\'))','Account Manager Name',0x00,0x00,0x00,0x00,0x00,0x00,0x00,1,'ACCOUNTMANAGER','CONSTITUENT_CONSTITUENT_ID'),
 (40,0x00,0x00,'GETCUSTOMFIELD(CONSTITUENT_CONSTITUENT_ID, \'person\', \'accountManager\')','Account Manager Account Number',0x00,0x00,0x00,0x00,0x00,0x00,0x00,3,'ACCOUNTMANAGERACCOUNTNUMBER','CONSTITUENT_CONSTITUENT_ID'),
 (41,0x00,0x00,'CONSTITUENT_CONSTITUENT_TYPE','Constituent Type',0x01,0x00,0x00,0x00,0x00,0x00,0x00,1,'CONSTITUENT_CONSTITUENT_TYPE','CONSTITUENT_CONSTITUENT_ID'),
 (42,0x00,0x00,'CONSTITUENT_CONSTITUENT_ROLE','Profile Type',0x00,0x00,0x00,0x00,0x00,0x00,0x00,1,'CONSTITUENT_CONSTITUENT_ROLE','CONSTITUENT_CONSTITUENT_ID'),
 (43,0x00,0x00,'CONSTITUENT_DONOR_PROFILE','Donor Profile',0x00,0x00,0x00,0x00,0x00,0x00,0x00,1,'CONSTITUENT_DONOR_PROFILE','CONSTITUENT_CONSTITUENT_ID'),
 (44,0x00,0x00,'CONSTITUENT_TITLE','Title',0x00,0x00,0x00,0x00,0x00,0x00,0x00,1,'CONSTITUENT_TITLE','CONSTITUENT_CONSTITUENT_ID'),
 (45,0x00,0x00,'CONSTITUENT_FIRST_NAME','First Name',0x01,0x00,0x00,0x00,0x00,0x00,0x00,1,'CONSTITUENT_FIRST_NAME','CONSTITUENT_CONSTITUENT_ID'),
 (46,0x00,0x00,'CONSTITUENT_MIDDLE_NAME','Middle Name',0x00,0x00,0x00,0x00,0x00,0x00,0x00,1,'CONSTITUENT_MIDDLE_NAME','CONSTITUENT_CONSTITUENT_ID'),
 (47,0x00,0x00,'CONSTITUENT_LAST_NAME','Last Name',0x01,0x00,0x00,0x00,0x00,0x00,0x00,1,'CONSTITUENT_LAST_NAME','CONSTITUENT_CONSTITUENT_ID'),
 (48,0x00,0x00,'CONSTITUENT_SUFFIX','Suffix',0x00,0x00,0x00,0x00,0x00,0x00,0x00,1,'CONSTITUENT_SUFFIX','CONSTITUENT_CONSTITUENT_ID'),
 (49,0x00,0x00,'CONSTITUENT_RECOGNITION_NAME','Recognition Name',0x00,0x00,0x00,0x00,0x00,0x00,0x00,1,'CONSTITUENT_RECOGNITION_NAME','CONSTITUENT_CONSTITUENT_ID'),
 (50,0x00,0x00,'CONSTITUENT_ORGANIZATION_NAME','Organization Name',0x00,0x00,0x00,0x00,0x00,0x00,0x00,1,'CONSTITUENT_ORGANIZATION_NAME','CONSTITUENT_CONSTITUENT_ID'),
 (51,0x00,0x00,'CONSTITUENT_LEGAL_NAME','Legal Name',0x00,0x00,0x00,0x00,0x00,0x00,0x00,1,'CONSTITUENT_LEGAL_NAME','CONSTITUENT_CONSTITUENT_ID'),
 (52,0x00,0x00,'GETCUSTOMFIELD(CONSTITUENT_CONSTITUENT_ID, \'person\', \'organization.matching\')','Matching',0x00,0x00,0x00,0x00,0x00,0x00,0x00,1,'ORGANIZATION_MATCHING','CONSTITUENT_CONSTITUENT_ID'),
 (53,0x00,0x00,'GETCUSTOMFIELD(CONSTITUENT_CONSTITUENT_ID, \'person\', \'organization.percentMatch\')','Percent Matching',0x00,0x00,0x00,0x00,0x00,0x00,0x00,3,'ORGANIZATION_PERCENTMATCH','CONSTITUENT_CONSTITUENT_ID'),
 (54,0x00,0x00,'GETCUSTOMFIELD(CONSTITUENT_CONSTITUENT_ID, \'person\', \'organization.maximumMatch\')','Maximum Match',0x00,0x00,0x00,0x00,0x00,0x00,0x00,5,'ORGANIZATION_MAXIMUMMATCH','CONSTITUENT_CONSTITUENT_ID'),
 (55,0x00,0x00,'GETCUSTOMFIELD(CONSTITUENT_CONSTITUENT_ID, \'person\', \'organization.website\')','Website',0x00,0x00,0x00,0x00,0x00,0x00,0x00,1,'ORGANIZATION_WEBSITE','CONSTITUENT_CONSTITUENT_ID'),
 (56,0x00,0x00,'GETCUSTOMFIELD(CONSTITUENT_CONSTITUENT_ID, \'person\', \'organization.taxid\')','Tax ID',0x00,0x00,0x00,0x00,0x00,0x00,0x00,1,'ORGANIZATION_TAXID','CONSTITUENT_CONSTITUENT_ID'),
 (57,0x00,0x00,'CONSTITUENT_NCAIS_CODE','NCAIS Code',0x00,0x00,0x00,0x00,0x00,0x00,0x00,1,'CONSTITUENT_NCAIS_CODE','CONSTITUENT_CONSTITUENT_ID'),
 (58,0x00,0x00,'GETCUSTOMFIELD(CONSTITUENT_CONSTITUENT_ID, \'person\', \'communicationPreferences\')','Communication Preferences',0x00,0x00,0x00,0x00,0x00,0x00,0x00,1,'COMMUNICATIONPREFERENCES','CONSTITUENT_CONSTITUENT_ID'),
 (59,0x00,0x00,'GETCUSTOMFIELD(CONSTITUENT_CONSTITUENT_ID, \'person\', \'emailFormat\')','Email Format',0x00,0x00,0x00,0x00,0x00,0x00,0x00,1,'EMAILFORMAT','CONSTITUENT_CONSTITUENT_ID'),
 (60,0x00,0x00,'CONSTITUENT_CREATE_DATE','Create Date',0x00,0x00,0x00,0x00,0x00,0x00,0x00,4,'CONSTITUENT_CREATE_DATE','CONSTITUENT_CONSTITUENT_ID'),
 (61,0x00,0x00,'CONSTITUENT_UPDATE_DATE','Update Date',0x00,0x00,0x00,0x00,0x00,0x00,0x00,4,'CONSTITUENT_UPDATE_DATE','CONSTITUENT_CONSTITUENT_ID'),
 (62,0x00,0x00,'CONSTITUENT_MARITAL_STATUS','Marital Status',0x00,0x00,0x00,0x00,0x00,0x00,0x00,1,'CONSTITUENT_MARITAL_STATUS','CONSTITUENT_CONSTITUENT_ID'),
 (63,0x00,0x00,'GETCUSTOMFIELD(CONSTITUENT_CONSTITUENT_ID, \'person\', \'individual.birthDate\')','Birth Date',0x00,0x00,0x00,0x00,0x00,0x00,0x00,4,'INDIVIDUAL_BIRTHDATE','CONSTITUENT_CONSTITUENT_ID'),
 (64,0x00,0x00,'GETCUSTOMFIELD(CONSTITUENT_CONSTITUENT_ID, \'person\', \'individual.deceased\')','Deceased',0x00,0x00,0x00,0x00,0x00,0x00,0x00,6,'INDIVIDUAL_DECEASED','CONSTITUENT_CONSTITUENT_ID'),
 (65,0x00,0x00,'GETCUSTOMFIELD(CONSTITUENT_CONSTITUENT_ID, \'person\', \'individual.gender\')','Gender',0x00,0x00,0x00,0x00,0x00,0x00,0x00,1,'INDIVIDUAL_GENDER','CONSTITUENT_CONSTITUENT_ID'),
 (66,0x00,0x00,'GETCUSTOMFIELD(CONSTITUENT_CONSTITUENT_ID, \'person\', \'individual.race\')','Race',0x00,0x00,0x00,0x00,0x00,0x00,0x00,1,'INDIVIDUAL_RACE','CONSTITUENT_CONSTITUENT_ID'),
 (67,0x00,0x00,'GETCUSTOMFIELD(CONSTITUENT_CONSTITUENT_ID, \'person\', \'individual.military\')','Military',0x00,0x00,0x00,0x00,0x00,0x00,0x00,1,'INDIVIDUAL_MILITARY','CONSTITUENT_CONSTITUENT_ID'),
 (68,0x00,0x00,'CONSTITUENT_SITE_NAME','Site Name',0x00,0x00,0x00,0x00,0x00,0x00,0x00,1,'CONSTITUENT_SITE_NAME','CONSTITUENT_CONSTITUENT_ID'),
 (69,0x00,0x00,'ADDRESS_ADDRESS_ID','Address ID',0x00,0x00,0x00,0x00,0x00,0x00,0x00,3,'ADDRESS_ADDRESS_ID','ADDRESS_ADDRESS_ID'),
 (70,0x00,0x00,'ADDRESS_ADDRESS_TYPE','Address Type',0x00,0x00,0x00,0x00,0x00,0x00,0x00,1,'ADDRESS_ADDRESS_TYPE','ADDRESS_ADDRESS_ID'),
 (71,0x00,0x00,'ADDRESS_ACTIVATION_STATUS','Address Status',0x00,0x00,0x00,0x00,0x00,0x00,0x00,1,'ADDRESS_ACTIVATION_STATUS','ADDRESS_ADDRESS_ID'),
 (72,0x00,0x00,'ADDRESS_EFFECTIVE_DATE','Address Effective Date',0x00,0x00,0x00,0x00,0x00,0x00,0x00,4,'ADDRESS_EFFECTIVE_DATE','ADDRESS_ADDRESS_ID'),
 (73,0x00,0x00,'ADDRESS_SEASONAL_START_DATE','Seasonal Start Date',0x00,0x00,0x00,0x00,0x00,0x00,0x00,4,'ADDRESS_SEASONAL_START_DATE','ADDRESS_ADDRESS_ID'),
 (74,0x00,0x00,'ADDRESS_SEASONAL_END_DATE','Seasonal End Date',0x00,0x00,0x00,0x00,0x00,0x00,0x00,4,'ADDRESS_SEASONAL_END_DATE','ADDRESS_ADDRESS_ID'),
 (75,0x00,0x00,'ADDRESS_TEMPORARY_START_DATE','Temporary Start Date',0x00,0x00,0x00,0x00,0x00,0x00,0x00,4,'ADDRESS_TEMPORARY_START_DATE','ADDRESS_ADDRESS_ID'),
 (76,0x00,0x00,'ADDRESS_TEMPORARY_END_DATE','Temporary End Date',0x00,0x00,0x00,0x00,0x00,0x00,0x00,4,'ADDRESS_TEMPORARY_END_DATE','ADDRESS_ADDRESS_ID'),
 (77,0x00,0x00,'ADDRESS_ADDRESS_LINE_1','Address Line 1',0x00,0x00,0x00,0x00,0x00,0x00,0x00,1,'ADDRESS_ADDRESS_LINE_1','ADDRESS_ADDRESS_ID'),
 (78,0x00,0x00,'ADDRESS_ADDRESS_LINE_2','Address Line 2',0x00,0x00,0x00,0x00,0x00,0x00,0x00,1,'ADDRESS_ADDRESS_LINE_2','ADDRESS_ADDRESS_ID'),
 (79,0x00,0x00,'ADDRESS_ADDRESS_LINE_3','Address Line 3',0x00,0x00,0x00,0x00,0x00,0x00,0x00,1,'ADDRESS_ADDRESS_LINE_3','ADDRESS_ADDRESS_ID'),
 (80,0x00,0x00,'ADDRESS_CITY','City',0x00,0x00,0x00,0x00,0x00,0x00,0x00,1,'ADDRESS_CITY','ADDRESS_ADDRESS_ID'),
 (81,0x00,0x00,'ADDRESS_STATE_PROVINCE','State/Province',0x00,0x00,0x00,0x00,0x00,0x00,0x00,1,'ADDRESS_STATE_PROVINCE','ADDRESS_ADDRESS_ID'),
 (82,0x00,0x00,'ADDRESS_COUNTRY','Country',0x00,0x00,0x00,0x00,0x00,0x00,0x00,1,'ADDRESS_COUNTRY','ADDRESS_ADDRESS_ID'),
 (83,0x00,0x00,'ADDRESS_POSTAL_CODE','Zip/Postal Code',0x00,0x00,0x00,0x00,0x00,0x00,0x00,1,'ADDRESS_POSTAL_CODE','ADDRESS_ADDRESS_ID'),
 (84,0x00,0x00,'ADDRESS_RECEIVE_CORRESPONDENCE','Receive Correspondence',0x00,0x00,0x00,0x00,0x00,0x00,0x00,6,'ADDRESS_RECEIVE_CORRESPONDENCE','ADDRESS_ADDRESS_ID'),
 (85,0x00,0x00,'ADDRESS_COMMENT','Comments',0x00,0x00,0x00,0x00,0x00,0x00,0x00,1,'ADDRESS_COMMENT','ADDRESS_ADDRESS_ID'),
 (86,0x00,0x00,'ADDRESS_CREATE_DATE','Address Create Date',0x00,0x00,0x00,0x00,0x00,0x00,0x00,4,'ADDRESS_CREATE_DATE','ADDRESS_ADDRESS_ID'),
 (87,0x00,0x00,'ADDRESS_UPDATE_DATE','Address Update Date',0x00,0x00,0x00,0x00,0x00,0x00,0x00,4,'ADDRESS_UPDATE_DATE','ADDRESS_ADDRESS_ID'),
 (88,0x00,0x00,'ADDRESS_INACTIVE','Address Inactive',0x00,0x00,0x00,0x00,0x00,0x00,0x00,6,'ADDRESS_INACTIVE','ADDRESS_ADDRESS_ID'),
 (89,0x00,0x00,'CONSTITUENT_CONSTITUENT_ID','Account Number',0x01,0x00,0x00,0x00,0x00,0x00,0x00,3,'CONSTITUENT_CONSTITUENT_ID','CONSTITUENT_CONSTITUENT_ID'),
 (90,0x00,0x00,'GETCONSTITUENTDISPLAYNAME(GETCUSTOMFIELD(CONSTITUENT_CONSTITUENT_ID, \'person\', \'accountManager\'))','Account Manager Name',0x00,0x00,0x00,0x00,0x00,0x00,0x00,1,'ACCOUNTMANAGER','CONSTITUENT_CONSTITUENT_ID'),
 (91,0x00,0x00,'GETCUSTOMFIELD(CONSTITUENT_CONSTITUENT_ID, \'person\', \'accountManager\')','Account Manager Account Number',0x00,0x00,0x00,0x00,0x00,0x00,0x00,3,'ACCOUNTMANAGERACCOUNTNUMBER','CONSTITUENT_CONSTITUENT_ID'),
 (92,0x00,0x00,'CONSTITUENT_CONSTITUENT_TYPE','Constituent Type',0x01,0x00,0x00,0x00,0x00,0x00,0x00,1,'CONSTITUENT_CONSTITUENT_TYPE','CONSTITUENT_CONSTITUENT_ID'),
 (93,0x00,0x00,'CONSTITUENT_CONSTITUENT_ROLE','Profile Type',0x00,0x00,0x00,0x00,0x00,0x00,0x00,1,'CONSTITUENT_CONSTITUENT_ROLE','CONSTITUENT_CONSTITUENT_ID'),
 (94,0x00,0x00,'CONSTITUENT_DONOR_PROFILE','Donor Profile',0x00,0x00,0x00,0x00,0x00,0x00,0x00,1,'CONSTITUENT_DONOR_PROFILE','CONSTITUENT_CONSTITUENT_ID'),
 (95,0x00,0x00,'CONSTITUENT_TITLE','Title',0x00,0x00,0x00,0x00,0x00,0x00,0x00,1,'CONSTITUENT_TITLE','CONSTITUENT_CONSTITUENT_ID'),
 (96,0x00,0x00,'CONSTITUENT_FIRST_NAME','First Name',0x01,0x00,0x00,0x00,0x00,0x00,0x00,1,'CONSTITUENT_FIRST_NAME','CONSTITUENT_CONSTITUENT_ID'),
 (97,0x00,0x00,'CONSTITUENT_MIDDLE_NAME','Middle Name',0x00,0x00,0x00,0x00,0x00,0x00,0x00,1,'CONSTITUENT_MIDDLE_NAME','CONSTITUENT_CONSTITUENT_ID'),
 (98,0x00,0x00,'CONSTITUENT_LAST_NAME','Last Name',0x01,0x00,0x00,0x00,0x00,0x00,0x00,1,'CONSTITUENT_LAST_NAME','CONSTITUENT_CONSTITUENT_ID'),
 (99,0x00,0x00,'CONSTITUENT_SUFFIX','Suffix',0x00,0x00,0x00,0x00,0x00,0x00,0x00,1,'CONSTITUENT_SUFFIX','CONSTITUENT_CONSTITUENT_ID'),
 (100,0x00,0x00,'CONSTITUENT_RECOGNITION_NAME','Recognition Name',0x00,0x00,0x00,0x00,0x00,0x00,0x00,1,'CONSTITUENT_RECOGNITION_NAME','CONSTITUENT_CONSTITUENT_ID'),
 (101,0x00,0x00,'CONSTITUENT_ORGANIZATION_NAME','Organization Name',0x00,0x00,0x00,0x00,0x00,0x00,0x00,1,'CONSTITUENT_ORGANIZATION_NAME','CONSTITUENT_CONSTITUENT_ID'),
 (102,0x00,0x00,'CONSTITUENT_LEGAL_NAME','Legal Name',0x00,0x00,0x00,0x00,0x00,0x00,0x00,1,'CONSTITUENT_LEGAL_NAME','CONSTITUENT_CONSTITUENT_ID'),
 (103,0x00,0x00,'GETCUSTOMFIELD(CONSTITUENT_CONSTITUENT_ID, \'person\', \'organization.matching\')','Matching',0x00,0x00,0x00,0x00,0x00,0x00,0x00,1,'ORGANIZATION_MATCHING','CONSTITUENT_CONSTITUENT_ID'),
 (104,0x00,0x00,'GETCUSTOMFIELD(CONSTITUENT_CONSTITUENT_ID, \'person\', \'organization.percentMatch\')','Percent Matching',0x00,0x00,0x00,0x00,0x00,0x00,0x00,3,'ORGANIZATION_PERCENTMATCH','CONSTITUENT_CONSTITUENT_ID'),
 (105,0x00,0x00,'GETCUSTOMFIELD(CONSTITUENT_CONSTITUENT_ID, \'person\', \'organization.maximumMatch\')','Maximum Match',0x00,0x00,0x00,0x00,0x00,0x00,0x00,5,'ORGANIZATION_MAXIMUMMATCH','CONSTITUENT_CONSTITUENT_ID'),
 (106,0x00,0x00,'GETCUSTOMFIELD(CONSTITUENT_CONSTITUENT_ID, \'person\', \'organization.website\')','Website',0x00,0x00,0x00,0x00,0x00,0x00,0x00,1,'ORGANIZATION_WEBSITE','CONSTITUENT_CONSTITUENT_ID'),
 (107,0x00,0x00,'GETCUSTOMFIELD(CONSTITUENT_CONSTITUENT_ID, \'person\', \'organization.taxid\')','Tax ID',0x00,0x00,0x00,0x00,0x00,0x00,0x00,1,'ORGANIZATION_TAXID','CONSTITUENT_CONSTITUENT_ID'),
 (108,0x00,0x00,'CONSTITUENT_NCAIS_CODE','NCAIS Code',0x00,0x00,0x00,0x00,0x00,0x00,0x00,1,'CONSTITUENT_NCAIS_CODE','CONSTITUENT_CONSTITUENT_ID'),
 (109,0x00,0x00,'GETCUSTOMFIELD(CONSTITUENT_CONSTITUENT_ID, \'person\', \'communicationPreferences\')','Communication Preferences',0x00,0x00,0x00,0x00,0x00,0x00,0x00,1,'COMMUNICATIONPREFERENCES','CONSTITUENT_CONSTITUENT_ID'),
 (110,0x00,0x00,'GETCUSTOMFIELD(CONSTITUENT_CONSTITUENT_ID, \'person\', \'emailFormat\')','Email Format',0x00,0x00,0x00,0x00,0x00,0x00,0x00,1,'EMAILFORMAT','CONSTITUENT_CONSTITUENT_ID'),
 (111,0x00,0x00,'CONSTITUENT_CREATE_DATE','Create Date',0x00,0x00,0x00,0x00,0x00,0x00,0x00,4,'CONSTITUENT_CREATE_DATE','CONSTITUENT_CONSTITUENT_ID'),
 (112,0x00,0x00,'CONSTITUENT_UPDATE_DATE','Update Date',0x00,0x00,0x00,0x00,0x00,0x00,0x00,4,'CONSTITUENT_UPDATE_DATE','CONSTITUENT_CONSTITUENT_ID'),
 (113,0x00,0x00,'CONSTITUENT_MARITAL_STATUS','Marital Status',0x00,0x00,0x00,0x00,0x00,0x00,0x00,1,'CONSTITUENT_MARITAL_STATUS','CONSTITUENT_CONSTITUENT_ID'),
 (114,0x00,0x00,'GETCUSTOMFIELD(CONSTITUENT_CONSTITUENT_ID, \'person\', \'individual.birthDate\')','Birth Date',0x00,0x00,0x00,0x00,0x00,0x00,0x00,4,'INDIVIDUAL_BIRTHDATE','CONSTITUENT_CONSTITUENT_ID'),
 (115,0x00,0x00,'GETCUSTOMFIELD(CONSTITUENT_CONSTITUENT_ID, \'person\', \'individual.deceased\')','Deceased',0x00,0x00,0x00,0x00,0x00,0x00,0x00,6,'INDIVIDUAL_DECEASED','CONSTITUENT_CONSTITUENT_ID'),
 (116,0x00,0x00,'GETCUSTOMFIELD(CONSTITUENT_CONSTITUENT_ID, \'person\', \'individual.gender\')','Gender',0x00,0x00,0x00,0x00,0x00,0x00,0x00,1,'INDIVIDUAL_GENDER','CONSTITUENT_CONSTITUENT_ID'),
 (117,0x00,0x00,'GETCUSTOMFIELD(CONSTITUENT_CONSTITUENT_ID, \'person\', \'individual.race\')','Race',0x00,0x00,0x00,0x00,0x00,0x00,0x00,1,'INDIVIDUAL_RACE','CONSTITUENT_CONSTITUENT_ID'),
 (118,0x00,0x00,'GETCUSTOMFIELD(CONSTITUENT_CONSTITUENT_ID, \'person\', \'individual.military\')','Military',0x00,0x00,0x00,0x00,0x00,0x00,0x00,1,'INDIVIDUAL_MILITARY','CONSTITUENT_CONSTITUENT_ID'),
 (119,0x00,0x00,'CONSTITUENT_SITE_NAME','Site Name',0x00,0x00,0x00,0x00,0x00,0x00,0x00,1,'CONSTITUENT_SITE_NAME','CONSTITUENT_CONSTITUENT_ID'),
 (120,0x00,0x00,'EMAIL_EMAIL_ID','Email Address ID',0x00,0x00,0x00,0x00,0x00,0x00,0x00,3,'EMAIL_EMAIL_ID','EMAIL_EMAIL_ID'),
 (121,0x00,0x00,'EMAIL_EMAIL_TYPE','Email Type',0x00,0x00,0x00,0x00,0x00,0x00,0x00,1,'EMAIL_EMAIL_TYPE','EMAIL_EMAIL_ID'),
 (122,0x00,0x00,'EMAIL_ACTIVATION_STATUS','Email Status',0x00,0x00,0x00,0x00,0x00,0x00,0x00,1,'EMAIL_ACTIVATION_STATUS','EMAIL_EMAIL_ID'),
 (123,0x00,0x00,'EMAIL_EFFECTIVE_DATE','Effective Date',0x00,0x00,0x00,0x00,0x00,0x00,0x00,4,'EMAIL_EFFECTIVE_DATE','EMAIL_EMAIL_ID'),
 (124,0x00,0x00,'EMAIL_SEASONAL_START_DATE','Seasonal Start Date',0x00,0x00,0x00,0x00,0x00,0x00,0x00,4,'EMAIL_SEASONAL_START_DATE','EMAIL_EMAIL_ID'),
 (125,0x00,0x00,'EMAIL_SEASONAL_END_DATE','Seasonal End Date',0x00,0x00,0x00,0x00,0x00,0x00,0x00,4,'EMAIL_SEASONAL_END_DATE','EMAIL_EMAIL_ID'),
 (126,0x00,0x00,'EMAIL_TEMPORARY_START_DATE','Temporary Start Date',0x00,0x00,0x00,0x00,0x00,0x00,0x00,4,'EMAIL_TEMPORARY_START_DATE','EMAIL_EMAIL_ID'),
 (127,0x00,0x00,'EMAIL_TEMPORARY_END_DATE','Temporary End Date',0x00,0x00,0x00,0x00,0x00,0x00,0x00,4,'EMAIL_TEMPORARY_END_DATE','EMAIL_EMAIL_ID'),
 (128,0x00,0x00,'EMAIL_EMAIL_ADDRESS','Email Address',0x00,0x00,0x00,0x00,0x00,0x00,0x00,1,'EMAIL_EMAIL_ADDRESS','EMAIL_EMAIL_ID'),
 (129,0x00,0x00,'EMAIL_EMAIL_DISPLAY','Email Display',0x00,0x00,0x00,0x00,0x00,0x00,0x00,1,'EMAIL_EMAIL_DISPLAY','EMAIL_EMAIL_ID'),
 (130,0x00,0x00,'EMAIL_RECEIVE_CORRESPONDENCE','Receive Correspondence',0x00,0x00,0x00,0x00,0x00,0x00,0x00,6,'EMAIL_RECEIVE_CORRESPONDENCE','EMAIL_EMAIL_ID'),
 (131,0x00,0x00,'EMAIL_COMMENT','Comments',0x00,0x00,0x00,0x00,0x00,0x00,0x00,1,'EMAIL_COMMENT','EMAIL_EMAIL_ID'),
 (132,0x00,0x00,'EMAIL_CREATE_DATE','Email Address Create Date',0x00,0x00,0x00,0x00,0x00,0x00,0x00,4,'EMAIL_CREATE_DATE','EMAIL_EMAIL_ID'),
 (133,0x00,0x00,'EMAIL_UPDATE_DATE','Email Address Update Date',0x00,0x00,0x00,0x00,0x00,0x00,0x00,4,'EMAIL_UPDATE_DATE','EMAIL_EMAIL_ID'),
 (134,0x00,0x00,'EMAIL_INACTIVE','Email Address Inactive',0x00,0x00,0x00,0x00,0x00,0x00,0x00,6,'EMAIL_INACTIVE','EMAIL_EMAIL_ID'),
 (135,0x00,0x00,'CONSTITUENT_CONSTITUENT_ID','Account Number',0x01,0x00,0x00,0x00,0x00,0x00,0x00,3,'CONSTITUENT_CONSTITUENT_ID','CONSTITUENT_CONSTITUENT_ID'),
 (136,0x00,0x00,'GETCONSTITUENTDISPLAYNAME(GETCUSTOMFIELD(CONSTITUENT_CONSTITUENT_ID, \'person\', \'accountManager\'))','Account Manager Name',0x00,0x00,0x00,0x00,0x00,0x00,0x00,1,'ACCOUNTMANAGER','CONSTITUENT_CONSTITUENT_ID'),
 (137,0x00,0x00,'GETCUSTOMFIELD(CONSTITUENT_CONSTITUENT_ID, \'person\', \'accountManager\')','Account Manager Account Number',0x00,0x00,0x00,0x00,0x00,0x00,0x00,3,'ACCOUNTMANAGERACCOUNTNUMBER','CONSTITUENT_CONSTITUENT_ID'),
 (138,0x00,0x00,'CONSTITUENT_CONSTITUENT_TYPE','Constituent Type',0x01,0x00,0x00,0x00,0x00,0x00,0x00,1,'CONSTITUENT_CONSTITUENT_TYPE','CONSTITUENT_CONSTITUENT_ID'),
 (139,0x00,0x00,'CONSTITUENT_CONSTITUENT_ROLE','Profile Type',0x00,0x00,0x00,0x00,0x00,0x00,0x00,1,'CONSTITUENT_CONSTITUENT_ROLE','CONSTITUENT_CONSTITUENT_ID'),
 (140,0x00,0x00,'CONSTITUENT_DONOR_PROFILE','Donor Profile',0x00,0x00,0x00,0x00,0x00,0x00,0x00,1,'CONSTITUENT_DONOR_PROFILE','CONSTITUENT_CONSTITUENT_ID'),
 (141,0x00,0x00,'CONSTITUENT_TITLE','Title',0x00,0x00,0x00,0x00,0x00,0x00,0x00,1,'CONSTITUENT_TITLE','CONSTITUENT_CONSTITUENT_ID'),
 (142,0x00,0x00,'CONSTITUENT_FIRST_NAME','First Name',0x01,0x00,0x00,0x00,0x00,0x00,0x00,1,'CONSTITUENT_FIRST_NAME','CONSTITUENT_CONSTITUENT_ID'),
 (143,0x00,0x00,'CONSTITUENT_MIDDLE_NAME','Middle Name',0x00,0x00,0x00,0x00,0x00,0x00,0x00,1,'CONSTITUENT_MIDDLE_NAME','CONSTITUENT_CONSTITUENT_ID'),
 (144,0x00,0x00,'CONSTITUENT_LAST_NAME','Last Name',0x01,0x00,0x00,0x00,0x00,0x00,0x00,1,'CONSTITUENT_LAST_NAME','CONSTITUENT_CONSTITUENT_ID'),
 (145,0x00,0x00,'CONSTITUENT_SUFFIX','Suffix',0x00,0x00,0x00,0x00,0x00,0x00,0x00,1,'CONSTITUENT_SUFFIX','CONSTITUENT_CONSTITUENT_ID'),
 (146,0x00,0x00,'CONSTITUENT_RECOGNITION_NAME','Recognition Name',0x00,0x00,0x00,0x00,0x00,0x00,0x00,1,'CONSTITUENT_RECOGNITION_NAME','CONSTITUENT_CONSTITUENT_ID'),
 (147,0x00,0x00,'CONSTITUENT_ORGANIZATION_NAME','Organization Name',0x00,0x00,0x00,0x00,0x00,0x00,0x00,1,'CONSTITUENT_ORGANIZATION_NAME','CONSTITUENT_CONSTITUENT_ID'),
 (148,0x00,0x00,'CONSTITUENT_LEGAL_NAME','Legal Name',0x00,0x00,0x00,0x00,0x00,0x00,0x00,1,'CONSTITUENT_LEGAL_NAME','CONSTITUENT_CONSTITUENT_ID'),
 (149,0x00,0x00,'GETCUSTOMFIELD(CONSTITUENT_CONSTITUENT_ID, \'person\', \'organization.matching\')','Matching',0x00,0x00,0x00,0x00,0x00,0x00,0x00,1,'ORGANIZATION_MATCHING','CONSTITUENT_CONSTITUENT_ID'),
 (150,0x00,0x00,'GETCUSTOMFIELD(CONSTITUENT_CONSTITUENT_ID, \'person\', \'organization.percentMatch\')','Percent Matching',0x00,0x00,0x00,0x00,0x00,0x00,0x00,3,'ORGANIZATION_PERCENTMATCH','CONSTITUENT_CONSTITUENT_ID'),
 (151,0x00,0x00,'GETCUSTOMFIELD(CONSTITUENT_CONSTITUENT_ID, \'person\', \'organization.maximumMatch\')','Maximum Match',0x00,0x00,0x00,0x00,0x00,0x00,0x00,5,'ORGANIZATION_MAXIMUMMATCH','CONSTITUENT_CONSTITUENT_ID'),
 (152,0x00,0x00,'GETCUSTOMFIELD(CONSTITUENT_CONSTITUENT_ID, \'person\', \'organization.website\')','Website',0x00,0x00,0x00,0x00,0x00,0x00,0x00,1,'ORGANIZATION_WEBSITE','CONSTITUENT_CONSTITUENT_ID'),
 (153,0x00,0x00,'GETCUSTOMFIELD(CONSTITUENT_CONSTITUENT_ID, \'person\', \'organization.taxid\')','Tax ID',0x00,0x00,0x00,0x00,0x00,0x00,0x00,1,'ORGANIZATION_TAXID','CONSTITUENT_CONSTITUENT_ID'),
 (154,0x00,0x00,'CONSTITUENT_NCAIS_CODE','NCAIS Code',0x00,0x00,0x00,0x00,0x00,0x00,0x00,1,'CONSTITUENT_NCAIS_CODE','CONSTITUENT_CONSTITUENT_ID'),
 (155,0x00,0x00,'GETCUSTOMFIELD(CONSTITUENT_CONSTITUENT_ID, \'person\', \'communicationPreferences\')','Communication Preferences',0x00,0x00,0x00,0x00,0x00,0x00,0x00,1,'COMMUNICATIONPREFERENCES','CONSTITUENT_CONSTITUENT_ID'),
 (156,0x00,0x00,'GETCUSTOMFIELD(CONSTITUENT_CONSTITUENT_ID, \'person\', \'emailFormat\')','Email Format',0x00,0x00,0x00,0x00,0x00,0x00,0x00,1,'EMAILFORMAT','CONSTITUENT_CONSTITUENT_ID'),
 (157,0x00,0x00,'CONSTITUENT_CREATE_DATE','Create Date',0x00,0x00,0x00,0x00,0x00,0x00,0x00,4,'CONSTITUENT_CREATE_DATE','CONSTITUENT_CONSTITUENT_ID'),
 (158,0x00,0x00,'CONSTITUENT_UPDATE_DATE','Update Date',0x00,0x00,0x00,0x00,0x00,0x00,0x00,4,'CONSTITUENT_UPDATE_DATE','CONSTITUENT_CONSTITUENT_ID'),
 (159,0x00,0x00,'CONSTITUENT_MARITAL_STATUS','Marital Status',0x00,0x00,0x00,0x00,0x00,0x00,0x00,1,'CONSTITUENT_MARITAL_STATUS','CONSTITUENT_CONSTITUENT_ID'),
 (160,0x00,0x00,'GETCUSTOMFIELD(CONSTITUENT_CONSTITUENT_ID, \'person\', \'individual.birthDate\')','Birth Date',0x00,0x00,0x00,0x00,0x00,0x00,0x00,4,'INDIVIDUAL_BIRTHDATE','CONSTITUENT_CONSTITUENT_ID'),
 (161,0x00,0x00,'GETCUSTOMFIELD(CONSTITUENT_CONSTITUENT_ID, \'person\', \'individual.deceased\')','Deceased',0x00,0x00,0x00,0x00,0x00,0x00,0x00,6,'INDIVIDUAL_DECEASED','CONSTITUENT_CONSTITUENT_ID'),
 (162,0x00,0x00,'GETCUSTOMFIELD(CONSTITUENT_CONSTITUENT_ID, \'person\', \'individual.gender\')','Gender',0x00,0x00,0x00,0x00,0x00,0x00,0x00,1,'INDIVIDUAL_GENDER','CONSTITUENT_CONSTITUENT_ID'),
 (163,0x00,0x00,'GETCUSTOMFIELD(CONSTITUENT_CONSTITUENT_ID, \'person\', \'individual.race\')','Race',0x00,0x00,0x00,0x00,0x00,0x00,0x00,1,'INDIVIDUAL_RACE','CONSTITUENT_CONSTITUENT_ID'),
 (164,0x00,0x00,'GETCUSTOMFIELD(CONSTITUENT_CONSTITUENT_ID, \'person\', \'individual.military\')','Military',0x00,0x00,0x00,0x00,0x00,0x00,0x00,1,'INDIVIDUAL_MILITARY','CONSTITUENT_CONSTITUENT_ID'),
 (165,0x00,0x00,'CONSTITUENT_SITE_NAME','Site Name',0x00,0x00,0x00,0x00,0x00,0x00,0x00,1,'CONSTITUENT_SITE_NAME','CONSTITUENT_CONSTITUENT_ID'),
 (166,0x00,0x00,'PHONE_PHONE_ID','Phone Number ID',0x00,0x00,0x00,0x00,0x00,0x00,0x00,3,'PHONE_PHONE_ID','PHONE_PHONE_ID'),
 (167,0x00,0x00,'PHONE_PHONE_TYPE','Phone Type',0x00,0x00,0x00,0x00,0x00,0x00,0x00,1,'PHONE_PHONE_TYPE','PHONE_PHONE_ID'),
 (168,0x00,0x00,'PHONE_ACTIVATION_STATUS','Phone Status',0x00,0x00,0x00,0x00,0x00,0x00,0x00,1,'PHONE_ACTIVATION_STATUS','PHONE_PHONE_ID'),
 (169,0x00,0x00,'PHONE_EFFECTIVE_DATE','Effective Date',0x00,0x00,0x00,0x00,0x00,0x00,0x00,4,'PHONE_EFFECTIVE_DATE','PHONE_PHONE_ID'),
 (170,0x00,0x00,'PHONE_SEASONAL_START_DATE','Seasonal Start Date',0x00,0x00,0x00,0x00,0x00,0x00,0x00,4,'PHONE_SEASONAL_START_DATE','PHONE_PHONE_ID'),
 (171,0x00,0x00,'PHONE_SEASONAL_END_DATE','Seasonal End Date',0x00,0x00,0x00,0x00,0x00,0x00,0x00,4,'PHONE_SEASONAL_END_DATE','PHONE_PHONE_ID'),
 (172,0x00,0x00,'PHONE_TEMPORARY_START_DATE','Temporary Start Date',0x00,0x00,0x00,0x00,0x00,0x00,0x00,4,'PHONE_TEMPORARY_START_DATE','PHONE_PHONE_ID'),
 (173,0x00,0x00,'PHONE_TEMPORARY_END_DATE','Temporary End Date',0x00,0x00,0x00,0x00,0x00,0x00,0x00,4,'PHONE_TEMPORARY_END_DATE','PHONE_PHONE_ID'),
 (174,0x00,0x00,'PHONE_NUMBER','Phone Number',0x00,0x00,0x00,0x00,0x00,0x00,0x00,1,'PHONE_NUMBER','PHONE_PHONE_ID'),
 (175,0x00,0x00,'PHONE_PROVIDER','Provider',0x00,0x00,0x00,0x00,0x00,0x00,0x00,1,'PHONE_PROVIDER','PHONE_PHONE_ID'),
 (176,0x00,0x00,'PHONE_SMS','SMS',0x00,0x00,0x00,0x00,0x00,0x00,0x00,1,'PHONE_SMS','PHONE_PHONE_ID'),
 (177,0x00,0x00,'PHONE_RECEIVE_CORRESPONDENCE','Receive Correspondence',0x00,0x00,0x00,0x00,0x00,0x00,0x00,6,'PHONE_RECEIVE_CORRESPONDENCE','PHONE_PHONE_ID'),
 (178,0x00,0x00,'PHONE_COMMENT','Phone Comments',0x00,0x00,0x00,0x00,0x00,0x00,0x00,1,'PHONE_COMMENT','PHONE_PHONE_ID'),
 (179,0x00,0x00,'PHONE_CREATE_DATE','Phone Create Date',0x00,0x00,0x00,0x00,0x00,0x00,0x00,4,'PHONE_CREATE_DATE','PHONE_PHONE_ID'),
 (180,0x00,0x00,'PHONE_UPDATE_DATE','Phone Update Date',0x00,0x00,0x00,0x00,0x00,0x00,0x00,4,'PHONE_UPDATE_DATE','PHONE_PHONE_ID'),
 (181,0x00,0x00,'PHONE_INACTIVE','Phone Inactive Status',0x00,0x00,0x00,0x00,0x00,0x00,0x00,6,'PHONE_INACTIVE','PHONE_PHONE_ID'),
 (182,0x00,0x00,'CONSTITUENT_CONSTITUENT_ID','Account Number',0x01,0x00,0x00,0x00,0x00,0x00,0x00,3,'CONSTITUENT_CONSTITUENT_ID','CONSTITUENT_CONSTITUENT_ID'),
 (183,0x00,0x00,'GETCONSTITUENTDISPLAYNAME(GETCUSTOMFIELD(CONSTITUENT_CONSTITUENT_ID, \'person\', \'accountManager\'))','Account Manager Name',0x00,0x00,0x00,0x00,0x00,0x00,0x00,1,'ACCOUNTMANAGER','CONSTITUENT_CONSTITUENT_ID'),
 (184,0x00,0x00,'GETCUSTOMFIELD(CONSTITUENT_CONSTITUENT_ID, \'person\', \'accountManager\')','Account Manager Account Number',0x00,0x00,0x00,0x00,0x00,0x00,0x00,1,'ACCOUNTMANAGERACCOUNTNUMBER','CONSTITUENT_CONSTITUENT_ID'),
 (185,0x00,0x00,'CONSTITUENT_CONSTITUENT_TYPE','Constituent Type',0x01,0x00,0x00,0x00,0x00,0x00,0x00,1,'CONSTITUENT_CONSTITUENT_TYPE','CONSTITUENT_CONSTITUENT_ID'),
 (186,0x00,0x00,'CONSTITUENT_CONSTITUENT_ROLE','Profile Type',0x00,0x00,0x00,0x00,0x00,0x00,0x00,1,'CONSTITUENT_CONSTITUENT_ROLE','CONSTITUENT_CONSTITUENT_ID'),
 (187,0x00,0x00,'CONSTITUENT_DONOR_PROFILE','Donor Profile',0x00,0x00,0x00,0x00,0x00,0x00,0x00,1,'CONSTITUENT_DONOR_PROFILE','CONSTITUENT_CONSTITUENT_ID'),
 (188,0x00,0x00,'CONSTITUENT_TITLE','Title',0x00,0x00,0x00,0x00,0x00,0x00,0x00,1,'CONSTITUENT_TITLE','CONSTITUENT_CONSTITUENT_ID'),
 (189,0x00,0x00,'CONSTITUENT_FIRST_NAME','First Name',0x01,0x00,0x00,0x00,0x00,0x00,0x00,1,'CONSTITUENT_FIRST_NAME','CONSTITUENT_CONSTITUENT_ID'),
 (190,0x00,0x00,'CONSTITUENT_MIDDLE_NAME','Middle Name',0x00,0x00,0x00,0x00,0x00,0x00,0x00,1,'CONSTITUENT_MIDDLE_NAME','CONSTITUENT_CONSTITUENT_ID'),
 (191,0x00,0x00,'CONSTITUENT_LAST_NAME','Last Name',0x01,0x00,0x00,0x00,0x00,0x00,0x00,1,'CONSTITUENT_LAST_NAME','CONSTITUENT_CONSTITUENT_ID'),
 (192,0x00,0x00,'CONSTITUENT_SUFFIX','Suffix',0x00,0x00,0x00,0x00,0x00,0x00,0x00,1,'CONSTITUENT_SUFFIX','CONSTITUENT_CONSTITUENT_ID'),
 (193,0x00,0x00,'CONSTITUENT_RECOGNITION_NAME','Recognition Name',0x00,0x00,0x00,0x00,0x00,0x00,0x00,1,'CONSTITUENT_RECOGNITION_NAME','CONSTITUENT_CONSTITUENT_ID'),
 (194,0x00,0x00,'CONSTITUENT_ORGANIZATION_NAME','Organization Name',0x00,0x00,0x00,0x00,0x00,0x00,0x00,1,'CONSTITUENT_ORGANIZATION_NAME','CONSTITUENT_CONSTITUENT_ID'),
 (195,0x00,0x00,'CONSTITUENT_LEGAL_NAME','Legal Name',0x00,0x00,0x00,0x00,0x00,0x00,0x00,1,'CONSTITUENT_LEGAL_NAME','CONSTITUENT_CONSTITUENT_ID'),
 (196,0x00,0x00,'GETCUSTOMFIELD(CONSTITUENT_CONSTITUENT_ID, \'person\', \'organization.matching\')','Matching',0x00,0x00,0x00,0x00,0x00,0x00,0x00,1,'ORGANIZATION_MATCHING','CONSTITUENT_CONSTITUENT_ID'),
 (197,0x00,0x00,'GETCUSTOMFIELD(CONSTITUENT_CONSTITUENT_ID, \'person\', \'organization.percentMatch\')','Percent Matching',0x00,0x00,0x00,0x00,0x00,0x00,0x00,3,'ORGANIZATION_PERCENTMATCH','CONSTITUENT_CONSTITUENT_ID'),
 (198,0x00,0x00,'GETCUSTOMFIELD(CONSTITUENT_CONSTITUENT_ID, \'person\', \'organization.maximumMatch\')','Maximum Match',0x00,0x00,0x00,0x00,0x00,0x00,0x00,5,'ORGANIZATION_MAXIMUMMATCH','CONSTITUENT_CONSTITUENT_ID'),
 (199,0x00,0x00,'GETCUSTOMFIELD(CONSTITUENT_CONSTITUENT_ID, \'person\', \'organization.website\')','Website',0x00,0x00,0x00,0x00,0x00,0x00,0x00,1,'ORGANIZATION_WEBSITE','CONSTITUENT_CONSTITUENT_ID'),
 (200,0x00,0x00,'GETCUSTOMFIELD(CONSTITUENT_CONSTITUENT_ID, \'person\', \'organization.taxid\')','Tax ID',0x00,0x00,0x00,0x00,0x00,0x00,0x00,1,'ORGANIZATION_TAXID','CONSTITUENT_CONSTITUENT_ID'),
 (201,0x00,0x00,'CONSTITUENT_NCAIS_CODE','NCAIS Code',0x00,0x00,0x00,0x00,0x00,0x00,0x00,1,'CONSTITUENT_NCAIS_CODE','CONSTITUENT_CONSTITUENT_ID'),
 (202,0x00,0x00,'GETCUSTOMFIELD(CONSTITUENT_CONSTITUENT_ID, \'person\', \'communicationPreferences\')','Communication Preferences',0x00,0x00,0x00,0x00,0x00,0x00,0x00,1,'COMMUNICATIONPREFERENCES','CONSTITUENT_CONSTITUENT_ID'),
 (203,0x00,0x00,'GETCUSTOMFIELD(CONSTITUENT_CONSTITUENT_ID, \'person\', \'emailFormat\')','Email Format',0x00,0x00,0x00,0x00,0x00,0x00,0x00,1,'EMAILFORMAT','CONSTITUENT_CONSTITUENT_ID'),
 (204,0x00,0x00,'CONSTITUENT_CREATE_DATE','Create Date',0x00,0x00,0x00,0x00,0x00,0x00,0x00,4,'CONSTITUENT_CREATE_DATE','CONSTITUENT_CONSTITUENT_ID'),
 (205,0x00,0x00,'CONSTITUENT_UPDATE_DATE','Update Date',0x00,0x00,0x00,0x00,0x00,0x00,0x00,4,'CONSTITUENT_UPDATE_DATE','CONSTITUENT_CONSTITUENT_ID'),
 (206,0x00,0x00,'CONSTITUENT_MARITAL_STATUS','Marital Status',0x00,0x00,0x00,0x00,0x00,0x00,0x00,1,'CONSTITUENT_MARITAL_STATUS','CONSTITUENT_CONSTITUENT_ID'),
 (207,0x00,0x00,'GETCUSTOMFIELD(CONSTITUENT_CONSTITUENT_ID, \'person\', \'individual.birthDate\')','Birth Date',0x00,0x00,0x00,0x00,0x00,0x00,0x00,4,'INDIVIDUAL_BIRTHDATE','CONSTITUENT_CONSTITUENT_ID'),
 (208,0x00,0x00,'GETCUSTOMFIELD(CONSTITUENT_CONSTITUENT_ID, \'person\', \'individual.deceased\')','Deceased',0x00,0x00,0x00,0x00,0x00,0x00,0x00,6,'INDIVIDUAL_DECEASED','CONSTITUENT_CONSTITUENT_ID'),
 (209,0x00,0x00,'GETCUSTOMFIELD(CONSTITUENT_CONSTITUENT_ID, \'person\', \'individual.gender\')','Gender',0x00,0x00,0x00,0x00,0x00,0x00,0x00,1,'INDIVIDUAL_GENDER','CONSTITUENT_CONSTITUENT_ID'),
 (210,0x00,0x00,'GETCUSTOMFIELD(CONSTITUENT_CONSTITUENT_ID, \'person\', \'individual.race\')','Race',0x00,0x00,0x00,0x00,0x00,0x00,0x00,1,'INDIVIDUAL_RACE','CONSTITUENT_CONSTITUENT_ID'),
 (211,0x00,0x00,'GETCUSTOMFIELD(CONSTITUENT_CONSTITUENT_ID, \'person\', \'individual.military\')','Military',0x00,0x00,0x00,0x00,0x00,0x00,0x00,1,'INDIVIDUAL_MILITARY','CONSTITUENT_CONSTITUENT_ID'),
 (212,0x00,0x00,'CONSTITUENT_SITE_NAME','Site Name',0x00,0x00,0x00,0x00,0x00,0x00,0x00,1,'CONSTITUENT_SITE_NAME','CONSTITUENT_CONSTITUENT_ID'),
 (213,0x00,0x00,'GETCONSTITUENTACCOUNTNUMBER(CONSTITUENT_EMPLOYER)','Employer\'s Account Number',0x00,0x00,0x00,0x00,0x00,0x00,0x00,1,'CONSTITUENT_EMPLOYER_ACCOUNTNUMBER','CONSTITUENT_CONSTITUENT_ID'),
 (214,0x00,0x00,'GETCONSTITUENTDISPLAYNAME(CONSTITUENT_EMPLOYER)','Employer\'s Name',0x00,0x00,0x00,0x00,0x00,0x00,0x00,1,'CONSTITUENT_EMPLOYER_NAME','CONSTITUENT_CONSTITUENT_ID'),
 (215,0x00,0x00,'GETCUSTOMFIELD(CONSTITUENT_CONSTITUENT_ID, \'person\', \'individual.employmentTitle\')','Employment Title',0x00,0x00,0x00,0x00,0x00,0x00,0x00,1,'INDIVIDUAL_EMPLOYMENTTITLE','CONSTITUENT_CONSTITUENT_ID'),
 (216,0x00,0x00,'GETCONSTITUENTACCOUNTNUMBER(GETCUSTOMFIELD(CONSTITUENT_CONSTITUENT_ID, \'person\', \'individual.headOfHousehold\'))','Head of Household\'s Account Number',0x00,0x00,0x00,0x00,0x00,0x00,0x00,3,'INDIVIDUAL_HEADOFHOUSEHOLD_ACCOUNTNUMBER','CONSTITUENT_CONSTITUENT_ID'),
 (217,0x00,0x00,'GETCONSTITUENTDISPLAYNAME(GETCUSTOMFIELD(CONSTITUENT_CONSTITUENT_ID, \'person\', \'individual.headOfHousehold\'))','Head of Household\'s Name',0x00,0x00,0x00,0x00,0x00,0x00,0x00,1,'INDIVIDUAL_HEADOFHOUSEHOLD_NAME','CONSTITUENT_CONSTITUENT_ID'),
 (218,0x00,0x00,'GETCONSTITUENTACCOUNTNUMBER(CONSTITUENT_HOUSEHOLD_MEMBER)','Household Member\'s Account Number',0x00,0x00,0x00,0x00,0x00,0x00,0x00,1,'CONSTITUENT_HOUSEHOLDMEMBER_ACCOUNTNUMBER','CONSTITUENT_CONSTITUENT_ID'),
 (219,0x00,0x00,'GETCONSTITUENTDISPLAYNAME(CONSTITUENT_HOUSEHOLD_MEMBER)','Household Member\'s Name',0x00,0x00,0x00,0x00,0x00,0x00,0x00,1,'CONSTITUENT_HOUSEHOLDMEMBER_NAME','CONSTITUENT_CONSTITUENT_ID'),
 (220,0x00,0x00,'GETCONSTITUENTACCOUNTNUMBER(CONSTITUENT_PARENT)','Parent\'s Account Number',0x00,0x00,0x00,0x00,0x00,0x00,0x00,1,'CONSTITUENT_PARENT_ACCOUNTNUMBER','CONSTITUENT_CONSTITUENT_ID'),
 (221,0x00,0x00,'GETCONSTITUENTDISPLAYNAME(CONSTITUENT_PARENT)','Parent\'s Names',0x00,0x00,0x00,0x00,0x00,0x00,0x00,1,'CONSTITUENT_PARENT_NAME','CONSTITUENT_CONSTITUENT_ID'),
 (222,0x00,0x00,'GETCONSTITUENTACCOUNTNUMBER(CONSTITUENT_CHILD)','Child\'s Account Number',0x00,0x00,0x00,0x00,0x00,0x00,0x00,1,'CONSTITUENT_CHILD_ACCOUNTNUMBER','CONSTITUENT_CONSTITUENT_ID'),
 (223,0x00,0x00,'GETCONSTITUENTDISPLAYNAME(CONSTITUENT_CHILD)','Child\'s Name',0x00,0x00,0x00,0x00,0x00,0x00,0x00,1,'CONSTITUENT_CHILD_NAME','CONSTITUENT_CONSTITUENT_ID'),
 (224,0x00,0x00,'GETCONSTITUENTACCOUNTNUMBER(CONSTITUENT_SIBLING)','Sibling\'s Account Number',0x00,0x00,0x00,0x00,0x00,0x00,0x00,1,'CONSTITUENT_SIBLING_ACCOUNTNUMBER','CONSTITUENT_CONSTITUENT_ID'),
 (225,0x00,0x00,'GETCONSTITUENTDISPLAYNAME(CONSTITUENT_SIBLING)','Sibling\'s Names',0x00,0x00,0x00,0x00,0x00,0x00,0x00,1,'CONSTITUENT_SIBLING_NAMES','CONSTITUENT_CONSTITUENT_ID'),
 (226,0x00,0x00,'GETCONSTITUENTACCOUNTNUMBER(CONSTITUENT_FRIEND)','Friend\'s Account Number',0x00,0x00,0x00,0x00,0x00,0x00,0x00,1,'CONSTITUENT_FRIEND_ACCOUNTNUMBER','CONSTITUENT_CONSTITUENT_ID'),
 (227,0x00,0x00,'GETCONSTITUENTDISPLAYNAME(CONSTITUENT_FRIEND)','Friend\'s Name',0x00,0x00,0x00,0x00,0x00,0x00,0x00,1,'CONSTITUENT_FRIEND_NAME','CONSTITUENT_CONSTITUENT_ID'),
 (228,0x00,0x00,'GETCONSTITUENTACCOUNTNUMBER(CONSTITUENT_EMPLOYEE)','Employee\'s Account Number',0x00,0x00,0x00,0x00,0x00,0x00,0x00,1,'CONSTITUENT_EMPLOYEE_ACCOUNTNUMBER','CONSTITUENT_CONSTITUENT_ID'),
 (229,0x00,0x00,'GETCONSTITUENTDISPLAYNAME(CONSTITUENT_EMPLOYEE)','Employee\'s Name',0x00,0x00,0x00,0x00,0x00,0x00,0x00,1,'CONSTITUENT_EMPLOYEE_NAME','CONSTITUENT_CONSTITUENT_ID'),
 (230,0x00,0x00,'GETCONSTITUENTDISPLAYNAME(GETCUSTOMFIELD(CONSTITUENT_CONSTITUENT_ID, \'person\', \'organization.parent\'))','Parent Organization',0x00,0x00,0x00,0x00,0x00,0x00,0x00,1,'CONSTITUENT_PARENT_ORGANIZATION','CONSTITUENT_CONSTITUENT_ID'),
 (231,0x00,0x00,'GETCONSTITUENTACCOUNTNUMBER(CONSTITUENT_SUBSIDIARY)','Subsidiary Account Number',0x00,0x00,0x00,0x00,0x00,0x00,0x00,1,'CONSTITUENT_SUBSIDIARY_ACCOUNTNUMBER','CONSTITUENT_CONSTITUENT_ID'),
 (232,0x00,0x00,'GETCONSTITUENTDISPLAYNAME(CONSTITUENT_SUBSIDIARY)','Subsidiary Name',0x00,0x00,0x00,0x00,0x00,0x00,0x00,1,'CONSTITUENT_SUBSIDIARY_NAME','CONSTITUENT_CONSTITUENT_ID'),
 (233,0x00,0x00,'GETCONSTITUENTACCOUNTNUMBER(CONSTITUENT_PRIMARYCONTACT)','Primary Contacts\' Account Number',0x00,0x00,0x00,0x00,0x00,0x00,0x00,1,'CONSTITUENT_PRIMARYCONTACT_ACCOUNTNUMBER','CONSTITUENT_CONSTITUENT_ID'),
 (234,0x00,0x00,'GETCONSTITUENTDISPLAYNAME(CONSTITUENT_PRIMARYCONTACT)','Primary Contact\'s Names',0x00,0x00,0x00,0x00,0x00,0x00,0x00,1,'CONSTITUENT_PRIMARY_CONTACT_NAME','CONSTITUENT_CONSTITUENT_ID'),
 (235,0x00,0x00,'GETCONSTITUENTACCOUNTNUMBER(CONSTITUENT_BILLINGCONTACT)','Billing Contacts\' Account Number',0x00,0x00,0x00,0x00,0x00,0x00,0x00,1,'CONSTITUENT_BILLINGCONTACT_ACCOUNTNUMBER','CONSTITUENT_CONSTITUENT_ID'),
 (236,0x00,0x00,'GETCONSTITUENTDISPLAYNAME(CONSTITUENT_BILLINGCONTACT)','Billing Contact\'s Name',0x00,0x00,0x00,0x00,0x00,0x00,0x00,1,'CONSTITUENT_BILLING_CONTACT_NAME','CONSTITUENT_CONSTITUENT_ID'),
 (237,0x00,0x00,'GETCONSTITUENTACCOUNTNUMBER(CONSTITUENT_SALESCONTACT)','Sales Contacts\' Account Number',0x00,0x00,0x00,0x00,0x00,0x00,0x00,1,'CONSTITUENT_SALESCONTACT_ACCOUNTNUMBER','CONSTITUENT_CONSTITUENT_ID'),
 (238,0x00,0x00,'GETCONSTITUENTDISPLAYNAME(CONSTITUENT_SALESCONTACT)','Sales Contact\'s Name',0x00,0x00,0x00,0x00,0x00,0x00,0x00,1,'CONSTITUENT_SALES_CONTACT_NAME','CONSTITUENT_CONSTITUENT_ID'),
 (239,0x00,0x00,'GETCONSTITUENTACCOUNTNUMBER(CONSTITUENT_PUBLICRELATIONSCONTACT)','Public Relations Contact\'s Account Number',0x00,0x00,0x00,0x00,0x00,0x00,0x00,1,'CONSTITUENT_PUBLICRELATIONSCONTACT_ACCOUNTNUMBER','CONSTITUENT_CONSTITUENT_ID'),
 (240,0x00,0x00,'GETCONSTITUENTDISPLAYNAME(CONSTITUENT_PUBLICRELATIONSCONTACT)','Public Relations Contact\'s Name',0x00,0x00,0x00,0x00,0x00,0x00,0x00,1,'CONSTITUENT_PUBLIC_RELATION_CONTACT_NAME','CONSTITUENT_CONSTITUENT_ID'),
 (241,0x00,0x00,'GIFT_CONSTITUENT_ID','Account Number',0x01,0x00,0x00,0x00,0x00,0x00,0x00,3,'GIFT_CONSTITUENT_ID','GIFT_GIFT_ID'),
 (242,0x00,0x00,'GETCONSTITUENTDISPLAYNAME(GIFT_CONSTITUENT_ID)','Account Name',0x00,0x00,0x00,0x00,0x00,0x00,0x00,1,'ACCOUNTNAME','GIFT_GIFT_ID'),
 (243,0x00,0x00,'GIFT_GIFT_ID','Gift Reference Number',0x01,0x00,0x00,0x00,0x00,0x00,0x00,3,'GIFT_GIFT_ID','GIFT_GIFT_ID'),
 (244,0x00,0x00,'GIFT_AMOUNT','Gift Amount',0x01,0x00,0x00,0x00,0x00,0x00,0x00,5,'GIFT_AMOUNT','GIFT_GIFT_ID'),
 (245,0x00,0x00,'GIFT_CURRENCY_CODE','Currency Code',0x00,0x00,0x00,0x00,0x00,0x00,0x00,1,'GIFT_CURRENCY_CODE','GIFT_GIFT_ID'),
 (246,0x00,0x00,'GIFT_DONATION_DATE','Donation Date',0x01,0x00,0x00,0x00,0x00,0x00,0x00,4,'GIFT_DONATION_DATE','GIFT_GIFT_ID'),
 (247,0x00,0x00,'GIFT_POSTMARK_DATE','Postmark Date',0x00,0x00,0x00,0x00,0x00,0x00,0x00,4,'GIFT_POSTMARK_DATE','GIFT_GIFT_ID'),
 (248,0x00,0x00,'GETCUSTOMFIELD(GIFT_GIFT_ID, \'gift\', \'reference\')','Reference Account Number',0x00,0x00,0x00,0x00,0x00,0x00,0x00,1,'REFERENCE_ACCOUNT_NUMBER','GIFT_GIFT_ID'),
 (249,0x00,0x00,'GETCONSTITUENTDISPLAYNAME(GETCUSTOMFIELD(GIFT_GIFT_ID, \'gift\', \'reference\'))','Reference Account Name',0x00,0x00,0x00,0x00,0x00,0x00,0x00,1,'REFERENCE_ACCOUNT_NAME','GIFT_GIFT_ID'),
 (250,0x00,0x00,'GIFT_COMMENTS','Comments',0x00,0x00,0x00,0x00,0x00,0x00,0x00,1,'GIFT_COMMENTS','GIFT_GIFT_ID'),
 (251,0x00,0x00,'GIFT_TRANSACTIONDATE','Transaction Date',0x00,0x00,0x00,0x00,0x00,0x00,0x00,4,'GIFT_TRANSACTIONDATE','GIFT_GIFT_ID'),
 (252,0x00,0x00,'GIFT_PAYMENT_SOURCE_PAYMENT_PROFILE_DESCRIPTION','Payment Profile Description',0x00,0x00,0x00,0x00,0x00,0x00,0x00,1,'GIFT_PAYMENT_SOURCE_PAYMENT_PROFILE_DESCRIPTION','GIFT_GIFT_ID'),
 (253,0x00,0x00,'GIFT_PAYMENT_TYPE','Payment Method',0x00,0x00,0x00,0x00,0x00,0x00,0x00,1,'GIFT_PAYMENT_TYPE','GIFT_GIFT_ID'),
 (254,0x00,0x00,'GIFT_PAYMENT_SOURCE_CREDIT_CARD_TYPE','Credit Card Type',0x00,0x00,0x00,0x00,0x00,0x00,0x00,1,'GIFT_PAYMENT_SOURCE_CREDIT_CARD_TYPE','GIFT_GIFT_ID'),
 (255,0x00,0x00,'GIFT_PAYMENT_SOURCE_CREDIT_CARD_HOLDER_NAME','Credit Card Holder Name',0x00,0x00,0x00,0x00,0x00,0x00,0x00,1,'GIFT_PAYMENT_SOURCE_CREDIT_CARD_HOLDER_NAME','GIFT_GIFT_ID'),
 (256,0x00,0x00,'GIFT_PAYMENT_SOURCE_CREDIT_CARD_EXPIRATION','Credit Card Expiration',0x00,0x00,0x00,0x00,0x00,0x00,0x00,1,'GIFT_PAYMENT_SOURCE_CREDIT_CARD_EXPIRATION','GIFT_GIFT_ID'),
 (257,0x00,0x00,'GIFT_PAYMENT_SOURCE_CREDIT_CARD_EXPIRATION_DATE','Credit Card Expiration (Date / Time)',0x00,0x00,0x00,0x00,0x00,0x00,0x00,4,'GIFT_PAYMENT_SOURCE_CREDIT_CARD_EXPIRATION_DATE','GIFT_GIFT_ID'),
 (258,0x00,0x00,'GIFT_PAYMENT_SOURCE_ACH_HOLDER_NAME','ACH Holder Name',0x00,0x00,0x00,0x00,0x00,0x00,0x00,1,'GIFT_PAYMENT_SOURCE_ACH_HOLDER_NAME','GIFT_GIFT_ID'),
 (259,0x00,0x00,'GIFT_PAYMENT_SOURCE_ACH_ROUTING_NUMBER','ACH Routing Number',0x00,0x00,0x00,0x00,0x00,0x00,0x00,1,'GIFT_PAYMENT_SOURCE_ACH_ROUTING_NUMBER','GIFT_GIFT_ID'),
 (260,0x00,0x00,'GIFT_CHECK_NUMBER','Check Number',0x00,0x00,0x00,0x00,0x00,0x00,0x00,2,'GIFT_CHECK_NUMBER','GIFT_GIFT_ID'),
 (261,0x00,0x00,'GIFT_AUTH_CODE','Authorization Code',0x00,0x00,0x00,0x00,0x00,0x00,0x00,1,'GIFT_AUTH_CODE','GIFT_GIFT_ID'),
 (262,0x00,0x00,'GIFT_PAYMENT_ADDRESS_ADDRESS_LINE_1','Address Line 1',0x00,0x00,0x00,0x00,0x00,0x00,0x00,1,'GIFT_PAYMENT_ADDRESS_ADDRESS_LINE_1','GIFT_GIFT_ID'),
 (263,0x00,0x00,'GIFT_PAYMENT_ADDRESS_ADDRESS_LINE_2','Address Line 2',0x00,0x00,0x00,0x00,0x00,0x00,0x00,1,'GIFT_PAYMENT_ADDRESS_ADDRESS_LINE_2','GIFT_GIFT_ID'),
 (264,0x00,0x00,'GIFT_PAYMENT_ADDRESS_ADDRESS_LINE_3','Address Line 3',0x00,0x00,0x00,0x00,0x00,0x00,0x00,1,'GIFT_PAYMENT_ADDRESS_ADDRESS_LINE_3','GIFT_GIFT_ID'),
 (265,0x00,0x00,'GIFT_PAYMENT_ADDRESS_CITY','City',0x00,0x00,0x00,0x00,0x00,0x00,0x00,1,'GIFT_PAYMENT_ADDRESS_CITY','GIFT_GIFT_ID'),
 (266,0x00,0x00,'GIFT_PAYMENT_ADDRESS_STATE_PROVINCE','State/Province',0x00,0x00,0x00,0x00,0x00,0x00,0x00,1,'GIFT_PAYMENT_ADDRESS_STATE_PROVINCE','GIFT_GIFT_ID'),
 (267,0x00,0x00,'GIFT_PAYMENT_ADDRESS_POSTAL_CODE','Zip/Postal Code',0x00,0x00,0x00,0x00,0x00,0x00,0x00,1,'GIFT_PAYMENT_ADDRESS_POSTAL_CODE','GIFT_GIFT_ID'),
 (268,0x00,0x00,'GIFT_PAYMENT_ADDRESS_COUNTRY','Country',0x00,0x00,0x00,0x00,0x00,0x00,0x00,1,'GIFT_PAYMENT_ADDRESS_COUNTRY','GIFT_GIFT_ID'),
 (269,0x00,0x00,'GIFT_PAYMENT_PHONE_NUMBER','Phone Number',0x00,0x00,0x00,0x00,0x00,0x00,0x00,1,'GIFT_PAYMENT_PHONE_NUMBER','GIFT_GIFT_ID'),
 (270,0x00,0x00,'GIFT_ACKNOWLEDGEMENT_EMAIL_EMAIL_ADDRESS','Receipt Email',0x00,0x00,0x00,0x00,0x00,0x00,0x00,1,'GIFT_ACKNOWLEDGEMENT_EMAIL_EMAIL_ADDRESS','GIFT_GIFT_ID'),
 (271,0x00,0x00,'GIFT_SEND_ACKNOWLEDGMENT','Send Acknowledgment',0x00,0x00,0x00,0x00,0x00,0x00,0x00,6,'GIFT_SEND_ACKNOWLEDGMENT','GIFT_GIFT_ID'),
 (272,0x00,0x00,'GIFT_ACKNOWLEDGMENT_DATE','Acknowledgment Date',0x00,0x00,0x00,0x00,0x00,0x00,0x00,4,'GIFT_ACKNOWLEDGMENT_DATE','GIFT_GIFT_ID'),
 (273,0x00,0x00,'GIFT_CONSTITUENT_ID','Account Number',0x01,0x00,0x00,0x00,0x00,0x00,0x00,3,'GIFT_CONSTITUENT_ID','GIFT_GIFT_ID'),
 (274,0x00,0x00,'GETCONSTITUENTDISPLAYNAME(GIFT_CONSTITUENT_ID)','Account Name',0x00,0x00,0x00,0x00,0x00,0x00,0x00,1,'ACCOUNT_NAME','GIFT_GIFT_ID'),
 (275,0x00,0x00,'GIFT_GIFT_ID','Gift Reference Number',0x01,0x00,0x00,0x00,0x00,0x00,0x00,3,'GIFT_GIFT_ID','GIFT_GIFT_ID'),
 (276,0x00,0x00,'GIFT_AMOUNT','Gift Amount',0x01,0x00,0x00,0x00,0x00,0x00,0x00,5,'GIFT_AMOUNT','GIFT_GIFT_ID'),
 (277,0x00,0x00,'GIFT_CURRENCY_CODE','Currency Code',0x00,0x00,0x00,0x00,0x00,0x00,0x00,1,'GIFT_CURRENCY_CODE','GIFT_GIFT_ID'),
 (278,0x00,0x00,'GIFT_DONATION_DATE','Donation Date',0x01,0x00,0x00,0x00,0x00,0x00,0x00,4,'GIFT_DONATION_DATE','GIFT_GIFT_ID'),
 (279,0x00,0x00,'GIFT_POSTMARK_DATE','Postmark Date',0x00,0x00,0x00,0x00,0x00,0x00,0x00,4,'GIFT_POSTMARK_DATE','GIFT_GIFT_ID'),
 (280,0x00,0x00,'GETCUSTOMFIELD(GIFT_GIFT_ID, \'gift\', \'reference\')','Reference Account Number',0x00,0x00,0x00,0x00,0x00,0x00,0x00,1,'REFERENCE_ACCOUNT_NUMBER','GIFT_GIFT_ID'),
 (281,0x00,0x00,'GETCONSTITUENTDISPLAYNAME(GETCUSTOMFIELD(GIFT_GIFT_ID, \'gift\', \'reference\'))','Reference Account Name',0x00,0x00,0x00,0x00,0x00,0x00,0x00,1,'REFERENCE_ACCOUNT_NAME','GIFT_GIFT_ID'),
 (282,0x00,0x00,'GIFT_COMMENTS','Comments',0x00,0x00,0x00,0x00,0x00,0x00,0x00,1,'GIFT_COMMENTS','GIFT_GIFT_ID'),
 (283,0x00,0x00,'GIFT_TRANSACTIONDATE','Transaction Date',0x00,0x00,0x00,0x00,0x00,0x00,0x00,4,'GIFT_TRANSACTIONDATE','GIFT_GIFT_ID'),
 (284,0x00,0x00,'GIFT_PAYMENT_SOURCE_PAYMENT_PROFILE_DESCRIPTION','Payment Profile Description',0x00,0x00,0x00,0x00,0x00,0x00,0x00,1,'GIFT_PAYMENT_SOURCE_PAYMENT_PROFILE_DESCRIPTION','GIFT_GIFT_ID'),
 (285,0x00,0x00,'GIFT_PAYMENT_TYPE','Payment Method',0x00,0x00,0x00,0x00,0x00,0x00,0x00,1,'GIFT_PAYMENT_TYPE','GIFT_GIFT_ID'),
 (286,0x00,0x00,'GIFT_PAYMENT_SOURCE_CREDIT_CARD_TYPE','Credit Card Type',0x00,0x00,0x00,0x00,0x00,0x00,0x00,1,'GIFT_PAYMENT_SOURCE_CREDIT_CARD_TYPE','GIFT_GIFT_ID'),
 (287,0x00,0x00,'GIFT_PAYMENT_SOURCE_CREDIT_CARD_HOLDER_NAME','Credit Card Holder Name',0x00,0x00,0x00,0x00,0x00,0x00,0x00,1,'GIFT_PAYMENT_SOURCE_CREDIT_CARD_HOLDER_NAME','GIFT_GIFT_ID'),
 (288,0x00,0x00,'GIFT_PAYMENT_SOURCE_CREDIT_CARD_EXPIRATION','Credit Card Expiration',0x00,0x00,0x00,0x00,0x00,0x00,0x00,1,'GIFT_PAYMENT_SOURCE_CREDIT_CARD_EXPIRATION','GIFT_GIFT_ID'),
 (289,0x00,0x00,'GIFT_PAYMENT_SOURCE_CREDIT_CARD_EXPIRATION_DATE','Credit Card Expiration (Date / Time)',0x00,0x00,0x00,0x00,0x00,0x00,0x00,4,'GIFT_PAYMENT_SOURCE_CREDIT_CARD_EXPIRATION_DATE','GIFT_GIFT_ID'),
 (290,0x00,0x00,'GIFT_PAYMENT_SOURCE_ACH_HOLDER_NAME','ACH Holder Name',0x00,0x00,0x00,0x00,0x00,0x00,0x00,1,'GIFT_PAYMENT_SOURCE_ACH_HOLDER_NAME','GIFT_GIFT_ID'),
 (291,0x00,0x00,'GIFT_PAYMENT_SOURCE_ACH_ROUTING_NUMBER','ACH Routing Number',0x00,0x00,0x00,0x00,0x00,0x00,0x00,1,'GIFT_PAYMENT_SOURCE_ACH_ROUTING_NUMBER','GIFT_GIFT_ID'),
 (292,0x00,0x00,'GIFT_CHECK_NUMBER','Check Number',0x00,0x00,0x00,0x00,0x00,0x00,0x00,2,'GIFT_CHECK_NUMBER','GIFT_GIFT_ID'),
 (293,0x00,0x00,'GIFT_AUTH_CODE','Authorization Code',0x00,0x00,0x00,0x00,0x00,0x00,0x00,1,'GIFT_AUTH_CODE','GIFT_GIFT_ID'),
 (294,0x00,0x00,'GIFT_PAYMENT_ADDRESS_ADDRESS_LINE_1','Address Line 1',0x00,0x00,0x00,0x00,0x00,0x00,0x00,1,'GIFT_PAYMENT_ADDRESS_ADDRESS_LINE_1','GIFT_GIFT_ID'),
 (295,0x00,0x00,'GIFT_PAYMENT_ADDRESS_ADDRESS_LINE_2','Address Line 2',0x00,0x00,0x00,0x00,0x00,0x00,0x00,1,'GIFT_PAYMENT_ADDRESS_ADDRESS_LINE_2','GIFT_GIFT_ID'),
 (296,0x00,0x00,'GIFT_PAYMENT_ADDRESS_ADDRESS_LINE_3','Address Line 3',0x00,0x00,0x00,0x00,0x00,0x00,0x00,1,'GIFT_PAYMENT_ADDRESS_ADDRESS_LINE_3','GIFT_GIFT_ID'),
 (297,0x00,0x00,'GIFT_PAYMENT_ADDRESS_CITY','City',0x00,0x00,0x00,0x00,0x00,0x00,0x00,1,'GIFT_PAYMENT_ADDRESS_CITY','GIFT_GIFT_ID'),
 (298,0x00,0x00,'GIFT_PAYMENT_ADDRESS_STATE_PROVINCE','State/Province',0x00,0x00,0x00,0x00,0x00,0x00,0x00,1,'GIFT_PAYMENT_ADDRESS_STATE_PROVINCE','GIFT_GIFT_ID'),
 (299,0x00,0x00,'GIFT_PAYMENT_ADDRESS_POSTAL_CODE','Zip/Postal Code',0x00,0x00,0x00,0x00,0x00,0x00,0x00,1,'GIFT_PAYMENT_ADDRESS_POSTAL_CODE','GIFT_GIFT_ID'),
 (300,0x00,0x00,'GIFT_PAYMENT_ADDRESS_COUNTRY','Country',0x00,0x00,0x00,0x00,0x00,0x00,0x00,1,'GIFT_PAYMENT_ADDRESS_COUNTRY','GIFT_GIFT_ID'),
 (301,0x00,0x00,'GIFT_PAYMENT_PHONE_NUMBER','Phone Number',0x00,0x00,0x00,0x00,0x00,0x00,0x00,1,'GIFT_PAYMENT_PHONE_NUMBER','GIFT_GIFT_ID'),
 (302,0x00,0x00,'GIFT_ACKNOWLEDGEMENT_EMAIL_EMAIL_ADDRESS','Receipt Email',0x00,0x00,0x00,0x00,0x00,0x00,0x00,1,'GIFT_ACKNOWLEDGEMENT_EMAIL_EMAIL_ADDRESS','GIFT_GIFT_ID'),
 (303,0x00,0x00,'GIFT_SEND_ACKNOWLEDGMENT','Send Acknowledgment',0x00,0x00,0x00,0x00,0x00,0x00,0x00,6,'GIFT_SEND_ACKNOWLEDGMENT','GIFT_GIFT_ID'),
 (304,0x00,0x00,'GIFT_ACKNOWLEDGMENT_DATE','Acknowledgment Date',0x00,0x00,0x00,0x00,0x00,0x00,0x00,4,'GIFT_ACKNOWLEDGMENT_DATE','GIFT_GIFT_ID'),
 (305,0x00,0x00,'DISTRO_LINE_DISTRO_LINE_ID','Gift Distribution Reference Number',0x01,0x00,0x00,0x00,0x00,0x00,0x00,3,'DISTRO_LINE_DISTRO_LINE_ID','DISTRO_LINE_DISTRO_LINE_ID'),
 (306,0x00,0x00,'DISTRO_LINE_AMOUNT','Gift Distribution Amount',0x01,0x00,0x00,0x00,0x00,0x00,0x00,5,'DISTRO_LINE_AMOUNT','DISTRO_LINE_DISTRO_LINE_ID'),
 (307,0x00,0x00,'DISTRO_LINE_PERCENTAGE','Percentage',0x00,0x00,0x00,0x00,0x00,0x00,0x00,3,'DISTRO_LINE_PERCENTAGE','DISTRO_LINE_DISTRO_LINE_ID'),
 (308,0x00,0x00,'DISTRO_LINE_PROJECT_CODE','Designation',0x00,0x00,0x00,0x00,0x00,0x00,0x00,1,'DISTRO_LINE_PROJECT_CODE','DISTRO_LINE_DISTRO_LINE_ID'),
 (309,0x00,0x00,'DISTRO_LINE_PROJECT_CODE_DESCRIPTION','Designation Description',0x00,0x00,0x00,0x00,0x00,0x00,0x00,1,'DISTRO_LINE_PROJECT_CODE_DESCRIPTION','DISTRO_LINE_DISTRO_LINE_ID'),
 (310,0x00,0x00,'DISTRO_LINE_MOTIVATION_CODE','Motivation',0x00,0x00,0x00,0x00,0x00,0x00,0x00,1,'DISTRO_LINE_MOTIVATION_CODE','DISTRO_LINE_DISTRO_LINE_ID'),
 (311,0x00,0x00,'DISTRO_LINE_MOTIVATION_CODE_DESCRIPTION','Motivation Description',0x00,0x00,0x00,0x00,0x00,0x00,0x00,1,'DISTRO_LINE_MOTIVATION_CODE_DESCRIPTION','DISTRO_LINE_DISTRO_LINE_ID'),
 (312,0x00,0x00,'PAYMENT_HISTORY_PAYMENT_HISTORY_ID','Payment History ID',0x01,0x00,0x00,0x00,0x00,0x00,0x00,3,'PAYMENT_HISTORY_PAYMENT_HISTORY_ID','PAYMENT_HISTORY_PAYMENT_HISTORY_ID'),
 (313,0x00,0x00,'PAYMENT_HISTORY_CONSTITUENT_ID','Account Number',0x01,0x00,0x00,0x00,0x00,0x00,0x00,3,'PAYMENT_HISTORY_CONSTITUENT_ID','PAYMENT_HISTORY_PAYMENT_HISTORY_ID'),
 (314,0x00,0x00,'GETCONSTITUENTDISPLAYNAME(PAYMENT_HISTORY_CONSTITUENT_ID)','Account Name',0x01,0x00,0x00,0x00,0x00,0x00,0x00,1,'ACCOUNT_NAME','PAYMENT_HISTORY_PAYMENT_HISTORY_ID'),
 (315,0x00,0x00,'PAYMENT_HISTORY_PAYMENT_HISTORY_TYPE','Payment History Type',0x01,0x00,0x00,0x00,0x00,0x00,0x00,1,'PAYMENT_HISTORY_PAYMENT_HISTORY_TYPE','PAYMENT_HISTORY_PAYMENT_HISTORY_ID'),
 (316,0x00,0x00,'PAYMENT_HISTORY_GIFT_ID','Gift ID',0x00,0x00,0x00,0x00,0x00,0x00,0x00,3,'PAYMENT_HISTORY_GIFT_ID','PAYMENT_HISTORY_PAYMENT_HISTORY_ID'),
 (317,0x00,0x00,'PAYMENT_HISTORY_TRANSACTION_DATE','Transaction Date',0x00,0x00,0x00,0x00,0x00,0x00,0x00,4,'PAYMENT_HISTORY_TRANSACTION_DATE','PAYMENT_HISTORY_PAYMENT_HISTORY_ID'),
 (318,0x00,0x00,'PAYMENT_HISTORY_PAYMENT_TYPE','Payment Method',0x01,0x00,0x00,0x00,0x00,0x00,0x00,1,'PAYMENT_HISTORY_PAYMENT_TYPE','PAYMENT_HISTORY_PAYMENT_HISTORY_ID'),
 (319,0x00,0x00,'PAYMENT_HISTORY_AMOUNT','Amount',0x01,0x00,0x00,0x00,0x00,0x00,0x00,5,'PAYMENT_HISTORY_AMOUNT','PAYMENT_HISTORY_PAYMENT_HISTORY_ID'),
 (320,0x00,0x00,'PAYMENT_HISTORY_CURRENCY_CODE','Currency Code',0x00,0x00,0x00,0x00,0x00,0x00,0x00,1,'PAYMENT_HISTORY_CURRENCY_CODE','PAYMENT_HISTORY_PAYMENT_HISTORY_ID'),
 (321,0x00,0x00,'PAYMENT_HISTORY_PAYMENT_DESC','Description',0x00,0x00,0x00,0x00,0x00,0x00,0x00,1,'PAYMENT_HISTORY_PAYMENT_DESC','PAYMENT_HISTORY_PAYMENT_HISTORY_ID'),
 (322,0x00,0x00,'PAYMENT_SOURCE_PAYMENT_SOURCE_ID','Payment Method ID',0x01,0x00,0x00,0x00,0x00,0x00,0x00,3,'PAYMENT_SOURCE_PAYMENT_SOURCE_ID','PAYMENT_SOURCE_PAYMENT_SOURCE_ID'),
 (323,0x00,0x00,'PAYMENT_SOURCE_CONSTITUENT_ID','Account Number',0x01,0x00,0x00,0x00,0x00,0x00,0x00,3,'PAYMENT_SOURCE_CONSTITUENT_ID','PAYMENT_SOURCE_PAYMENT_SOURCE_ID'),
 (324,0x00,0x00,'GETCONSTITUENTDISPLAYNAME(PAYMENT_SOURCE_CONSTITUENT_ID)','Account Name',0x00,0x00,0x00,0x00,0x00,0x00,0x00,1,'ACCOUNT_NAME','PAYMENT_SOURCE_PAYMENT_SOURCE_ID'),
 (325,0x00,0x00,'PAYMENT_SOURCE_PAYMENT_PROFILE_DESCRIPTION','Payment Profile Description',0x01,0x00,0x00,0x00,0x00,0x00,0x00,1,'PAYMENT_SOURCE_PAYMENT_PROFILE_DESCRIPTION','PAYMENT_SOURCE_PAYMENT_SOURCE_ID'),
 (326,0x00,0x00,'PAYMENT_SOURCE_PAYMENT_TYPE','Payment Method',0x01,0x00,0x00,0x00,0x00,0x00,0x00,1,'PAYMENT_SOURCE_PAYMENT_TYPE','PAYMENT_SOURCE_PAYMENT_SOURCE_ID'),
 (327,0x00,0x00,'PAYMENT_SOURCE_CREDIT_CARD_HOLDER_NAME','Credit Card Holder Name',0x00,0x00,0x00,0x00,0x00,0x00,0x00,1,'PAYMENT_SOURCE_CREDIT_CARD_HOLDER_NAME','PAYMENT_SOURCE_PAYMENT_SOURCE_ID'),
 (328,0x00,0x00,'PAYMENT_SOURCE_CREDIT_CARD_TYPE','Credit Card Type',0x00,0x00,0x00,0x00,0x00,0x00,0x00,1,'PAYMENT_SOURCE_CREDIT_CARD_TYPE','PAYMENT_SOURCE_PAYMENT_SOURCE_ID'),
 (329,0x00,0x00,'PAYMENT_SOURCE_CREDIT_CARD_EXPIRATION','Credit Card Expiration',0x00,0x00,0x00,0x00,0x00,0x00,0x00,1,'PAYMENT_SOURCE_CREDIT_CARD_EXPIRATION','PAYMENT_SOURCE_PAYMENT_SOURCE_ID'),
 (330,0x00,0x00,'PAYMENT_SOURCE_CREDIT_CARD_EXPIRATION_DATE','Credit Card Expiration (Date / Time)',0x00,0x00,0x00,0x00,0x00,0x00,0x00,4,'PAYMENT_SOURCE_CREDIT_CARD_EXPIRATION_DATE','PAYMENT_SOURCE_PAYMENT_SOURCE_ID'),
 (331,0x00,0x00,'PAYMENT_SOURCE_ACH_HOLDER_NAME','ACH Holder Name',0x00,0x00,0x00,0x00,0x00,0x00,0x00,1,'PAYMENT_SOURCE_ACH_HOLDER_NAME','PAYMENT_SOURCE_PAYMENT_SOURCE_ID'),
 (332,0x00,0x00,'PAYMENT_SOURCE_ACH_ROUTING_NUMBER','ACH Routing Number',0x00,0x00,0x00,0x00,0x00,0x00,0x00,1,'PAYMENT_SOURCE_ACH_ROUTING_NUMBER','PAYMENT_SOURCE_PAYMENT_SOURCE_ID'),
 (333,0x00,0x00,'PAYMENT_SOURCE_ADDRESS_ADDRESS_LINE_1','Address Line 1',0x00,0x00,0x00,0x00,0x00,0x00,0x00,1,'PAYMENT_SOURCE_ADDRESS_ADDRESS_LINE_1','PAYMENT_SOURCE_PAYMENT_SOURCE_ID'),
 (334,0x00,0x00,'PAYMENT_SOURCE_ADDRESS_ADDRESS_LINE_2','Address Line 2',0x00,0x00,0x00,0x00,0x00,0x00,0x00,1,'PAYMENT_SOURCE_ADDRESS_ADDRESS_LINE_2','PAYMENT_SOURCE_PAYMENT_SOURCE_ID'),
 (335,0x00,0x00,'PAYMENT_SOURCE_ADDRESS_ADDRESS_LINE_3','Address Line 3',0x00,0x00,0x00,0x00,0x00,0x00,0x00,1,'PAYMENT_SOURCE_ADDRESS_ADDRESS_LINE_3','PAYMENT_SOURCE_PAYMENT_SOURCE_ID'),
 (336,0x00,0x00,'PAYMENT_SOURCE_ADDRESS_CITY','City',0x00,0x00,0x00,0x00,0x00,0x00,0x00,1,'PAYMENT_SOURCE_ADDRESS_CITY','PAYMENT_SOURCE_PAYMENT_SOURCE_ID'),
 (337,0x00,0x00,'PAYMENT_SOURCE_ADDRESS_STATE_PROVINCE','State/Province',0x00,0x00,0x00,0x00,0x00,0x00,0x00,1,'PAYMENT_SOURCE_ADDRESS_STATE_PROVINCE','PAYMENT_SOURCE_PAYMENT_SOURCE_ID'),
 (338,0x00,0x00,'PAYMENT_SOURCE_ADDRESS_POSTAL_CODE','Zip/Postal Code',0x00,0x00,0x00,0x00,0x00,0x00,0x00,1,'PAYMENT_SOURCE_ADDRESS_POSTAL_CODE','PAYMENT_SOURCE_PAYMENT_SOURCE_ID'),
 (339,0x00,0x00,'PAYMENT_SOURCE_ADDRESS_COUNTRY','Country',0x00,0x00,0x00,0x00,0x00,0x00,0x00,1,'PAYMENT_SOURCE_ADDRESS_COUNTRY','PAYMENT_SOURCE_PAYMENT_SOURCE_ID'),
 (340,0x00,0x00,'PAYMENT_SOURCE_PHONE_NUMBER','Phone Number',0x00,0x00,0x00,0x00,0x00,0x00,0x00,1,'PAYMENT_SOURCE_PHONE_NUMBER','PAYMENT_SOURCE_PAYMENT_SOURCE_ID'),
 (341,0x00,0x00,'COMMITMENT_COMMITMENT_ID','Pledge ID',0x01,0x00,0x00,0x00,0x00,0x00,0x00,3,'COMMITMENT_COMMITMENT_ID','COMMITMENT_COMMITMENT_ID'),
 (342,0x00,0x00,'COMMITMENT_CONSTITUENT_ID','Account Number',0x01,0x00,0x00,0x00,0x00,0x00,0x00,3,'COMMITMENT_CONSTITUENT_ID','COMMITMENT_COMMITMENT_ID'),
 (343,0x00,0x00,'GETCONSTITUENTDISPLAYNAME(COMMITMENT_CONSTITUENT_ID)','Account Name',0x00,0x00,0x00,0x00,0x00,0x00,0x00,1,'ACCOUNT_NAME','COMMITMENT_COMMITMENT_ID'),
 (344,0x00,0x00,'COMMITMENT_AMOUNT_PER_GIFT','Amount Per Gift',0x00,0x00,0x00,0x00,0x00,0x00,0x00,5,'COMMITMENT_AMOUNT_PER_GIFT','COMMITMENT_COMMITMENT_ID'),
 (345,0x00,0x00,'COMMITMENT_AMOUNT_TOTAL','Amount Total',0x00,0x00,0x00,0x00,0x00,0x00,0x00,5,'COMMITMENT_AMOUNT_TOTAL','COMMITMENT_COMMITMENT_ID'),
 (346,0x00,0x00,'COMMITMENT_CURRENCY_CODE','Currency Code',0x00,0x00,0x00,0x00,0x00,0x00,0x00,1,'COMMITMENT_CURRENCY_CODE','COMMITMENT_COMMITMENT_ID'),
 (347,0x00,0x00,'COMMITMENT_STATUS','Status',0x00,0x00,0x00,0x00,0x00,0x00,0x00,1,'COMMITMENT_STATUS','COMMITMENT_COMMITMENT_ID'),
 (348,0x00,0x00,'COMMITMENT_FREQUENCY','Frequency',0x00,0x00,0x00,0x00,0x00,0x00,0x00,1,'COMMITMENT_FREQUENCY','COMMITMENT_COMMITMENT_ID'),
 (349,0x00,0x00,'COMMITMENT_PLEDGE_DATE','Pledge Date',0x00,0x00,0x00,0x00,0x00,0x00,0x00,4,'COMMITMENT_PLEDGE_DATE','COMMITMENT_COMMITMENT_ID'),
 (350,0x00,0x00,'COMMITMENT_PROJECTED_DATE','Projected Date',0x00,0x00,0x00,0x00,0x00,0x00,0x00,4,'COMMITMENT_PROJECTED_DATE','COMMITMENT_COMMITMENT_ID'),
 (351,0x00,0x00,'COMMITMENT_START_DATE','Start Date',0x00,0x00,0x00,0x00,0x00,0x00,0x00,4,'COMMITMENT_START_DATE','COMMITMENT_COMMITMENT_ID'),
 (352,0x00,0x00,'COMMITMENT_END_DATE','End Date',0x00,0x00,0x00,0x00,0x00,0x00,0x00,4,'COMMITMENT_END_DATE','COMMITMENT_COMMITMENT_ID'),
 (353,0x00,0x00,'COMMITMENT_COMMENTS','Comments',0x00,0x00,0x00,0x00,0x00,0x00,0x00,1,'COMMITMENT_COMMENTS','COMMITMENT_COMMITMENT_ID'),
 (354,0x00,0x00,'COMMITMENT_ACKNOWLEDGEMENT_EMAIL_EMAIL_ADDRESS','Receipt Email',0x00,0x00,0x00,0x00,0x00,0x00,0x00,1,'COMMITMENT_ACKNOWLEDGEMENT_EMAIL_EMAIL_ADDRESS','COMMITMENT_COMMITMENT_ID'),
 (355,0x00,0x00,'COMMITMENT_SEND_ACKNOWLEDGMENT','Send Acknowledgment',0x00,0x00,0x00,0x00,0x00,0x00,0x00,6,'COMMITMENT_SEND_ACKNOWLEDGMENT','COMMITMENT_COMMITMENT_ID'),
 (356,0x00,0x00,'COMMITMENT_ACKNOWLEDGMENT_DATE','Acknowledgment Date',0x00,0x00,0x00,0x00,0x00,0x00,0x00,4,'COMMITMENT_ACKNOWLEDGMENT_DATE','COMMITMENT_COMMITMENT_ID'),
 (357,0x00,0x00,'COMMITMENT_ACKNOWLEDGEMENT_EMAIL_EMAIL_ADDRESS','Receipt Email',0x00,0x00,0x00,0x00,0x00,0x00,0x00,1,'COMMITMENT_ACKNOWLEDGEMENT_EMAIL_EMAIL_ADDRESS','COMMITMENT_COMMITMENT_ID'),
 (358,0x00,0x00,'COMMITMENT_SEND_ACKNOWLEDGMENT','Send Acknowledgment',0x00,0x00,0x00,0x00,0x00,0x00,0x00,6,'COMMITMENT_SEND_ACKNOWLEDGMENT','COMMITMENT_COMMITMENT_ID'),
 (359,0x00,0x00,'COMMITMENT_ACKNOWLEDGMENT_DATE','Acknowledgment Date',0x00,0x00,0x00,0x00,0x00,0x00,0x00,4,'COMMITMENT_ACKNOWLEDGMENT_DATE','COMMITMENT_COMMITMENT_ID'),
 (360,0x00,0x00,'COMMITMENT_COMMITMENT_ID','Pledge ID',0x01,0x00,0x00,0x00,0x00,0x00,0x00,3,'COMMITMENT_COMMITMENT_ID','COMMITMENT_COMMITMENT_ID'),
 (361,0x00,0x00,'COMMITMENT_CONSTITUENT_ID','Account Number',0x01,0x00,0x00,0x00,0x00,0x00,0x00,3,'COMMITMENT_CONSTITUENT_ID','COMMITMENT_COMMITMENT_ID'),
 (362,0x00,0x00,'COMMITMENT_AMOUNT_PER_GIFT','Amount Per Gift',0x00,0x00,0x00,0x00,0x00,0x00,0x00,5,'COMMITMENT_AMOUNT_PER_GIFT','COMMITMENT_COMMITMENT_ID'),
 (363,0x00,0x00,'COMMITMENT_AMOUNT_TOTAL','Amount Total',0x00,0x00,0x00,0x00,0x00,0x00,0x00,5,'COMMITMENT_AMOUNT_TOTAL','COMMITMENT_COMMITMENT_ID'),
 (364,0x00,0x00,'COMMITMENT_CURRENCY_CODE','Currency Code',0x00,0x00,0x00,0x00,0x00,0x00,0x00,1,'COMMITMENT_CURRENCY_CODE','COMMITMENT_COMMITMENT_ID'),
 (365,0x00,0x00,'COMMITMENT_STATUS','Status',0x00,0x00,0x00,0x00,0x00,0x00,0x00,1,'COMMITMENT_STATUS','COMMITMENT_COMMITMENT_ID'),
 (366,0x00,0x00,'COMMITMENT_FREQUENCY','Frequency',0x00,0x00,0x00,0x00,0x00,0x00,0x00,1,'COMMITMENT_FREQUENCY','COMMITMENT_COMMITMENT_ID'),
 (367,0x00,0x00,'COMMITMENT_PLEDGE_DATE','Pledge Date',0x00,0x00,0x00,0x00,0x00,0x00,0x00,4,'COMMITMENT_PLEDGE_DATE','COMMITMENT_COMMITMENT_ID'),
 (368,0x00,0x00,'COMMITMENT_PROJECTED_DATE','Projected Date',0x00,0x00,0x00,0x00,0x00,0x00,0x00,4,'COMMITMENT_PROJECTED_DATE','COMMITMENT_COMMITMENT_ID'),
 (369,0x00,0x00,'COMMITMENT_START_DATE','Start Date',0x00,0x00,0x00,0x00,0x00,0x00,0x00,4,'COMMITMENT_START_DATE','COMMITMENT_COMMITMENT_ID'),
 (370,0x00,0x00,'COMMITMENT_END_DATE','End Date',0x00,0x00,0x00,0x00,0x00,0x00,0x00,4,'COMMITMENT_END_DATE','COMMITMENT_COMMITMENT_ID'),
 (371,0x00,0x00,'COMMITMENT_COMMENTS','Comments',0x00,0x00,0x00,0x00,0x00,0x00,0x00,1,'COMMITMENT_COMMENTS','COMMITMENT_COMMITMENT_ID'),
 (372,0x00,0x00,'COMMITMENT_ACKNOWLEDGEMENT_EMAIL_EMAIL_ADDRESS','Receipt Email',0x00,0x00,0x00,0x00,0x00,0x00,0x00,1,'COMMITMENT_ACKNOWLEDGEMENT_EMAIL_EMAIL_ADDRESS','COMMITMENT_COMMITMENT_ID'),
 (373,0x00,0x00,'COMMITMENT_SEND_ACKNOWLEDGMENT','Send Acknowledgment',0x00,0x00,0x00,0x00,0x00,0x00,0x00,6,'COMMITMENT_SEND_ACKNOWLEDGMENT','COMMITMENT_COMMITMENT_ID'),
 (374,0x00,0x00,'COMMITMENT_ACKNOWLEDGMENT_DATE','Acknowledgment Date',0x00,0x00,0x00,0x00,0x00,0x00,0x00,4,'COMMITMENT_ACKNOWLEDGMENT_DATE','COMMITMENT_COMMITMENT_ID'),
 (375,0x00,0x00,'COMMITMENT_ACKNOWLEDGEMENT_EMAIL_EMAIL_ADDRESS','Receipt Email',0x00,0x00,0x00,0x00,0x00,0x00,0x00,1,'COMMITMENT_ACKNOWLEDGEMENT_EMAIL_EMAIL_ADDRESS','COMMITMENT_COMMITMENT_ID'),
 (376,0x00,0x00,'COMMITMENT_SEND_ACKNOWLEDGMENT','Send Acknowledgment',0x00,0x00,0x00,0x00,0x00,0x00,0x00,6,'COMMITMENT_SEND_ACKNOWLEDGMENT','COMMITMENT_COMMITMENT_ID'),
 (377,0x00,0x00,'COMMITMENT_ACKNOWLEDGMENT_DATE','Acknowledgment Date',0x00,0x00,0x00,0x00,0x00,0x00,0x00,4,'COMMITMENT_ACKNOWLEDGMENT_DATE','COMMITMENT_COMMITMENT_ID'),
 (378,0x00,0x00,'DISTRO_LINE_DISTRO_LINE_ID','Pledge Distribution Reference Number',0x01,0x00,0x00,0x00,0x00,0x00,0x00,3,'DISTRO_LINE_DISTRO_LINE_ID','DISTRO_LINE_DISTRO_LINE_ID'),
 (379,0x00,0x00,'DISTRO_LINE_AMOUNT','Pledge Distribution Amount',0x01,0x00,0x00,0x00,0x00,0x00,0x00,5,'DISTRO_LINE_AMOUNT','DISTRO_LINE_DISTRO_LINE_ID'),
 (380,0x00,0x00,'DISTRO_LINE_PERCENTAGE','Percentage',0x00,0x00,0x00,0x00,0x00,0x00,0x00,3,'DISTRO_LINE_PERCENTAGE','DISTRO_LINE_DISTRO_LINE_ID'),
 (381,0x00,0x00,'DISTRO_LINE_PROJECT_CODE','Designation',0x00,0x00,0x00,0x00,0x00,0x00,0x00,1,'DISTRO_LINE_PROJECT_CODE','DISTRO_LINE_DISTRO_LINE_ID'),
 (382,0x00,0x00,'DISTRO_LINE_PROJECT_CODE_DESCRIPTION','Designation Description',0x00,0x00,0x00,0x00,0x00,0x00,0x00,1,'DISTRO_LINE_PROJECT_CODE_DESCRIPTION','DISTRO_LINE_DISTRO_LINE_ID'),
 (383,0x00,0x00,'DISTRO_LINE_MOTIVATION_CODE','Motivation',0x00,0x00,0x00,0x00,0x00,0x00,0x00,1,'DISTRO_LINE_MOTIVATION_CODE','DISTRO_LINE_DISTRO_LINE_ID');
INSERT INTO `REPORTFIELD` (`REPORTFIELD_ID`,`AVERAGE`,`CAN_BE_SUMMARIZED`,`COLUMN_NAME`,`DISPLAY_NAME`,`IS_DEFAULT`,`IS_SUMMARIZED`,`LARGEST_VALUE`,`PERFORMSUMMARY`,`RECORD_COUNT`,`IS_SELECTED`,`SMALLEST_VALUE`,`FIELD_TYPE`,`ALIAS_NAME`,`PRIMARY_KEYS`) VALUES 
 (384,0x00,0x00,'DISTRO_LINE_MOTIVATION_CODE_DESCRIPTION','Motivation Description',0x00,0x00,0x00,0x00,0x00,0x00,0x00,1,'DISTRO_LINE_MOTIVATION_CODE_DESCRIPTION','DISTRO_LINE_DISTRO_LINE_ID'),
 (385,0x00,0x00,'COMMITMENT_COMMITMENT_ID','Recurring Gift ID',0x01,0x00,0x00,0x00,0x00,0x00,0x00,3,'COMMITMENT_COMMITMENT_ID','COMMITMENT_COMMITMENT_ID'),
 (386,0x00,0x00,'COMMITMENT_CONSTITUENT_ID','Account Number',0x01,0x00,0x00,0x00,0x00,0x00,0x00,3,'COMMITMENT_CONSTITUENT_ID','COMMITMENT_COMMITMENT_ID'),
 (387,0x00,0x00,'GETCONSTITUENTDISPLAYNAME(COMMITMENT_CONSTITUENT_ID)','Account Name',0x00,0x00,0x00,0x00,0x00,0x00,0x00,1,'ACCOUNT_NAME','COMMITMENT_COMMITMENT_ID'),
 (388,0x00,0x00,'COMMITMENT_AUTO_PAY','Auto Pay',0x00,0x00,0x00,0x00,0x00,0x00,0x00,6,'COMMITMENT_AUTO_PAY','COMMITMENT_COMMITMENT_ID'),
 (389,0x00,0x00,'COMMITMENT_AMOUNT_PER_GIFT','Amount Per Gift',0x01,0x00,0x00,0x00,0x00,0x00,0x00,5,'COMMITMENT_AMOUNT_PER_GIFT','COMMITMENT_COMMITMENT_ID'),
 (390,0x00,0x00,'COMMITMENT_AMOUNT_TOTAL','Amount Total',0x01,0x00,0x00,0x00,0x00,0x00,0x00,5,'COMMITMENT_AMOUNT_TOTAL','COMMITMENT_COMMITMENT_ID'),
 (391,0x00,0x00,'COMMITMENT_CURRENCY_CODE','Currency Code',0x00,0x00,0x00,0x00,0x00,0x00,0x00,1,'COMMITMENT_CURRENCY_CODE','COMMITMENT_COMMITMENT_ID'),
 (392,0x00,0x00,'COMMITMENT_FREQUENCY','Frequency',0x00,0x00,0x00,0x00,0x00,0x00,0x00,1,'COMMITMENT_FREQUENCY','COMMITMENT_COMMITMENT_ID'),
 (393,0x00,0x00,'COMMITMENT_START_DATE','Start Date',0x00,0x00,0x00,0x00,0x00,0x00,0x00,4,'COMMITMENT_START_DATE','COMMITMENT_COMMITMENT_ID'),
 (394,0x00,0x00,'COMMITMENT_END_DATE','End Date',0x00,0x00,0x00,0x00,0x00,0x00,0x00,4,'COMMITMENT_END_DATE','COMMITMENT_COMMITMENT_ID'),
 (395,0x00,0x00,'COMMITMENT_STATUS','Status',0x00,0x00,0x00,0x00,0x00,0x00,0x00,1,'COMMITMENT_STATUS','COMMITMENT_COMMITMENT_ID'),
 (396,0x00,0x00,'GETCUSTOMFIELD(COMMITMENT_COMMITMENT_ID, \'commitment\', \'reference\')','Reference Account Number',0x00,0x00,0x00,0x00,0x00,0x00,0x00,1,'REFERENCE_ACCOUNT_NUMBER','COMMITMENT_COMMITMENT_ID'),
 (397,0x00,0x00,'GETCONSTITUENTDISPLAYNAME(GETCUSTOMFIELD(COMMITMENT_COMMITMENT_ID, \'commitment\', \'reference\'))','Reference Account Name',0x00,0x00,0x00,0x00,0x00,0x00,0x00,1,'REFERENCE_ACCOUNT_NAME','COMMITMENT_COMMITMENT_ID'),
 (398,0x00,0x00,'COMMITMENT_COMMENTS','Comments',0x00,0x00,0x00,0x00,0x00,0x00,0x00,1,'COMMITMENT_COMMENTS','COMMITMENT_COMMITMENT_ID'),
 (399,0x00,0x00,'COMMITMENT_LAST_ENTRY_DATE','Last Entry Date',0x00,0x00,0x00,0x00,0x00,0x00,0x00,4,'COMMITMENT_LAST_ENTRY_DATE','COMMITMENT_COMMITMENT_ID'),
 (400,0x00,0x00,'COMMITMENT_CREATE_DATE','Recurring Gift Create Date',0x00,0x00,0x00,0x00,0x00,0x00,0x00,4,'COMMITMENT_CREATE_DATE','COMMITMENT_COMMITMENT_ID'),
 (401,0x00,0x00,'COMMITMENT_UPDATE_DATE','Recurring Gift Update Date',0x00,0x00,0x00,0x00,0x00,0x00,0x00,4,'COMMITMENT_UPDATE_DATE','COMMITMENT_COMMITMENT_ID'),
 (402,0x00,0x00,'COMMITMENT_PAYMENT_SOURCE_PAYMENT_PROFILE_DESCRIPTION','Payment Profile Description',0x00,0x00,0x00,0x00,0x00,0x00,0x00,1,'COMMITMENT_PAYMENT_SOURCE_PAYMENT_PROFILE_DESCRIPTION','COMMITMENT_COMMITMENT_ID'),
 (403,0x00,0x00,'COMMITMENT_PAYMENT_TYPE','Payment Method',0x00,0x00,0x00,0x00,0x00,0x00,0x00,1,'COMMITMENT_PAYMENT_TYPE','COMMITMENT_COMMITMENT_ID'),
 (404,0x00,0x00,'COMMITMENT_PAYMENT_SOURCE_CREDIT_CARD_TYPE','Credit Card Type',0x00,0x00,0x00,0x00,0x00,0x00,0x00,1,'COMMITMENT_PAYMENT_SOURCE_CREDIT_CARD_TYPE','COMMITMENT_COMMITMENT_ID'),
 (405,0x00,0x00,'COMMITMENT_PAYMENT_SOURCE_CREDIT_CARD_HOLDER_NAME','Credit Card Holder Name',0x00,0x00,0x00,0x00,0x00,0x00,0x00,1,'COMMITMENT_PAYMENT_SOURCE_CREDIT_CARD_HOLDER_NAME','COMMITMENT_COMMITMENT_ID'),
 (406,0x00,0x00,'COMMITMENT_PAYMENT_SOURCE_CREDIT_CARD_EXPIRATION','Credit Card Expiration',0x00,0x00,0x00,0x00,0x00,0x00,0x00,1,'COMMITMENT_PAYMENT_SOURCE_CREDIT_CARD_EXPIRATION','COMMITMENT_COMMITMENT_ID'),
 (407,0x00,0x00,'COMMITMENT_PAYMENT_SOURCE_CREDIT_CARD_EXPIRATION_DATE','Credit Card Expiration (Date / Time)',0x00,0x00,0x00,0x00,0x00,0x00,0x00,4,'COMMITMENT_PAYMENT_SOURCE_CREDIT_CARD_EXPIRATION_DATE','COMMITMENT_COMMITMENT_ID'),
 (408,0x00,0x00,'COMMITMENT_PAYMENT_SOURCE_ACH_HOLDER_NAME','ACH Holder Name',0x00,0x00,0x00,0x00,0x00,0x00,0x00,1,'COMMITMENT_PAYMENT_SOURCE_ACH_HOLDER_NAME','COMMITMENT_COMMITMENT_ID'),
 (409,0x00,0x00,'COMMITMENT_PAYMENT_SOURCE_ACH_ROUTING_NUMBER','ACH Routing Number',0x00,0x00,0x00,0x00,0x00,0x00,0x00,1,'COMMITMENT_PAYMENT_SOURCE_ACH_ROUTING_NUMBER','COMMITMENT_COMMITMENT_ID'),
 (410,0x00,0x00,'COMMITMENT_CHECK_NUMBER','Check Number',0x00,0x00,0x00,0x00,0x00,0x00,0x00,2,'COMMITMENT_CHECK_NUMBER','COMMITMENT_COMMITMENT_ID'),
 (411,0x00,0x00,'COMMITMENT_PAYMENT_ADDRESS_ADDRESS_LINE_1','Address Line 1',0x00,0x00,0x00,0x00,0x00,0x00,0x00,1,'COMMITMENT_PAYMENT_ADDRESS_ADDRESS_LINE_1','COMMITMENT_COMMITMENT_ID'),
 (412,0x00,0x00,'COMMITMENT_PAYMENT_ADDRESS_ADDRESS_LINE_2','Address Line 2',0x00,0x00,0x00,0x00,0x00,0x00,0x00,1,'COMMITMENT_PAYMENT_ADDRESS_ADDRESS_LINE_2','COMMITMENT_COMMITMENT_ID'),
 (413,0x00,0x00,'COMMITMENT_PAYMENT_ADDRESS_ADDRESS_LINE_3','Address Line 3',0x00,0x00,0x00,0x00,0x00,0x00,0x00,1,'COMMITMENT_PAYMENT_ADDRESS_ADDRESS_LINE_3','COMMITMENT_COMMITMENT_ID'),
 (414,0x00,0x00,'COMMITMENT_PAYMENT_ADDRESS_CITY','City',0x00,0x00,0x00,0x00,0x00,0x00,0x00,1,'COMMITMENT_PAYMENT_ADDRESS_CITY','COMMITMENT_COMMITMENT_ID'),
 (415,0x00,0x00,'COMMITMENT_PAYMENT_ADDRESS_STATE_PROVINCE','State/Province',0x00,0x00,0x00,0x00,0x00,0x00,0x00,1,'COMMITMENT_PAYMENT_ADDRESS_STATE_PROVINCE','COMMITMENT_COMMITMENT_ID'),
 (416,0x00,0x00,'COMMITMENT_PAYMENT_ADDRESS_POSTAL_CODE','Zip/Postal Code',0x00,0x00,0x00,0x00,0x00,0x00,0x00,1,'COMMITMENT_PAYMENT_ADDRESS_POSTAL_CODE','COMMITMENT_COMMITMENT_ID'),
 (417,0x00,0x00,'COMMITMENT_PAYMENT_ADDRESS_COUNTRY','Country',0x00,0x00,0x00,0x00,0x00,0x00,0x00,1,'COMMITMENT_PAYMENT_ADDRESS_COUNTRY','COMMITMENT_COMMITMENT_ID'),
 (418,0x00,0x00,'COMMITMENT_PAYMENT_PHONE_NUMBER','Phone Number',0x00,0x00,0x00,0x00,0x00,0x00,0x00,1,'COMMITMENT_PAYMENT_PHONE_NUMBER','COMMITMENT_COMMITMENT_ID'),
 (419,0x00,0x00,'COMMITMENT_ACKNOWLEDGEMENT_EMAIL_EMAIL_ADDRESS','Receipt Email',0x00,0x00,0x00,0x00,0x00,0x00,0x00,1,'COMMITMENT_ACKNOWLEDGEMENT_EMAIL_EMAIL_ADDRESS','COMMITMENT_COMMITMENT_ID'),
 (420,0x00,0x00,'COMMITMENT_SEND_ACKNOWLEDGMENT','Send Acknowledgment',0x00,0x00,0x00,0x00,0x00,0x00,0x00,6,'COMMITMENT_SEND_ACKNOWLEDGMENT','COMMITMENT_COMMITMENT_ID'),
 (421,0x00,0x00,'COMMITMENT_ACKNOWLEDGMENT_DATE','Acknowledgment Date',0x00,0x00,0x00,0x00,0x00,0x00,0x00,4,'COMMITMENT_ACKNOWLEDGMENT_DATE','COMMITMENT_COMMITMENT_ID'),
 (422,0x00,0x00,'COMMITMENT_COMMITMENT_ID','Recurring Gift ID',0x01,0x00,0x00,0x00,0x00,0x00,0x00,3,'COMMITMENT_COMMITMENT_ID','COMMITMENT_COMMITMENT_ID'),
 (423,0x00,0x00,'COMMITMENT_CONSTITUENT_ID','Account Number',0x01,0x00,0x00,0x00,0x00,0x00,0x00,3,'COMMITMENT_CONSTITUENT_ID','COMMITMENT_COMMITMENT_ID'),
 (424,0x00,0x00,'GETCONSTITUENTDISPLAYNAME(COMMITMENT_CONSTITUENT_ID)','Account Name',0x00,0x00,0x00,0x00,0x00,0x00,0x00,1,'ACCOUNT_NAME','COMMITMENT_COMMITMENT_ID'),
 (425,0x00,0x00,'COMMITMENT_AUTO_PAY','Auto Pay',0x00,0x00,0x00,0x00,0x00,0x00,0x00,6,'COMMITMENT_AUTO_PAY','COMMITMENT_COMMITMENT_ID'),
 (426,0x00,0x00,'COMMITMENT_AMOUNT_PER_GIFT','Amount Per Gift',0x01,0x00,0x00,0x00,0x00,0x00,0x00,5,'COMMITMENT_AMOUNT_PER_GIFT','COMMITMENT_COMMITMENT_ID'),
 (427,0x00,0x00,'COMMITMENT_AMOUNT_TOTAL','Amount Total',0x01,0x00,0x00,0x00,0x00,0x00,0x00,5,'COMMITMENT_AMOUNT_TOTAL','COMMITMENT_COMMITMENT_ID'),
 (428,0x00,0x00,'COMMITMENT_CURRENCY_CODE','Currency Code',0x00,0x00,0x00,0x00,0x00,0x00,0x00,1,'COMMITMENT_CURRENCY_CODE','COMMITMENT_COMMITMENT_ID'),
 (429,0x00,0x00,'COMMITMENT_FREQUENCY','Frequency',0x00,0x00,0x00,0x00,0x00,0x00,0x00,1,'COMMITMENT_FREQUENCY','COMMITMENT_COMMITMENT_ID'),
 (430,0x00,0x00,'COMMITMENT_START_DATE','Start Date',0x00,0x00,0x00,0x00,0x00,0x00,0x00,4,'COMMITMENT_START_DATE','COMMITMENT_COMMITMENT_ID'),
 (431,0x00,0x00,'COMMITMENT_END_DATE','End Date',0x00,0x00,0x00,0x00,0x00,0x00,0x00,4,'COMMITMENT_END_DATE','COMMITMENT_COMMITMENT_ID'),
 (432,0x00,0x00,'COMMITMENT_STATUS','Status',0x00,0x00,0x00,0x00,0x00,0x00,0x00,1,'COMMITMENT_STATUS','COMMITMENT_COMMITMENT_ID'),
 (433,0x00,0x00,'GETCUSTOMFIELD(COMMITMENT_COMMITMENT_ID, \'commitment\', \'reference\')','Reference Account Number',0x00,0x00,0x00,0x00,0x00,0x00,0x00,1,'REFERENCE_ACCOUNT_NUMBER','COMMITMENT_COMMITMENT_ID'),
 (434,0x00,0x00,'GETCONSTITUENTDISPLAYNAME(GETCUSTOMFIELD(COMMITMENT_COMMITMENT_ID, \'commitment\', \'reference\'))','Reference Account Name',0x00,0x00,0x00,0x00,0x00,0x00,0x00,1,'REFERENCE_ACCOUNT_NAME','COMMITMENT_COMMITMENT_ID'),
 (435,0x00,0x00,'COMMITMENT_COMMENTS','Comments',0x00,0x00,0x00,0x00,0x00,0x00,0x00,1,'COMMITMENT_COMMENTS','COMMITMENT_COMMITMENT_ID'),
 (436,0x00,0x00,'COMMITMENT_LAST_ENTRY_DATE','Last Entry Date',0x00,0x00,0x00,0x00,0x00,0x00,0x00,4,'COMMITMENT_LAST_ENTRY_DATE','COMMITMENT_COMMITMENT_ID'),
 (437,0x00,0x00,'COMMITMENT_CREATE_DATE','Recurring Gift Create Date',0x00,0x00,0x00,0x00,0x00,0x00,0x00,4,'COMMITMENT_CREATE_DATE','COMMITMENT_COMMITMENT_ID'),
 (438,0x00,0x00,'COMMITMENT_UPDATE_DATE','Recurring Gift Update Date',0x00,0x00,0x00,0x00,0x00,0x00,0x00,4,'COMMITMENT_UPDATE_DATE','COMMITMENT_COMMITMENT_ID'),
 (439,0x00,0x00,'COMMITMENT_PAYMENT_SOURCE_PAYMENT_PROFILE_DESCRIPTION','Payment Profile Description',0x00,0x00,0x00,0x00,0x00,0x00,0x00,1,'COMMITMENT_PAYMENT_SOURCE_PAYMENT_PROFILE_DESCRIPTION','COMMITMENT_COMMITMENT_ID'),
 (440,0x00,0x00,'COMMITMENT_PAYMENT_TYPE','Payment Method',0x00,0x00,0x00,0x00,0x00,0x00,0x00,1,'COMMITMENT_PAYMENT_TYPE','COMMITMENT_COMMITMENT_ID'),
 (441,0x00,0x00,'COMMITMENT_PAYMENT_SOURCE_CREDIT_CARD_TYPE','Credit Card Type',0x00,0x00,0x00,0x00,0x00,0x00,0x00,1,'COMMITMENT_PAYMENT_SOURCE_CREDIT_CARD_TYPE','COMMITMENT_COMMITMENT_ID'),
 (442,0x00,0x00,'COMMITMENT_PAYMENT_SOURCE_CREDIT_CARD_HOLDER_NAME','Credit Card Holder Name',0x00,0x00,0x00,0x00,0x00,0x00,0x00,1,'COMMITMENT_PAYMENT_SOURCE_CREDIT_CARD_HOLDER_NAME','COMMITMENT_COMMITMENT_ID'),
 (443,0x00,0x00,'COMMITMENT_PAYMENT_SOURCE_CREDIT_CARD_EXPIRATION','Credit Card Expiration',0x00,0x00,0x00,0x00,0x00,0x00,0x00,1,'COMMITMENT_PAYMENT_SOURCE_CREDIT_CARD_EXPIRATION','COMMITMENT_COMMITMENT_ID'),
 (444,0x00,0x00,'COMMITMENT_PAYMENT_SOURCE_CREDIT_CARD_EXPIRATION_DATE','Credit Card Expiration (Date / Time)',0x00,0x00,0x00,0x00,0x00,0x00,0x00,4,'COMMITMENT_PAYMENT_SOURCE_CREDIT_CARD_EXPIRATION_DATE','COMMITMENT_COMMITMENT_ID'),
 (445,0x00,0x00,'COMMITMENT_PAYMENT_SOURCE_ACH_HOLDER_NAME','ACH Holder Name',0x00,0x00,0x00,0x00,0x00,0x00,0x00,1,'COMMITMENT_PAYMENT_SOURCE_ACH_HOLDER_NAME','COMMITMENT_COMMITMENT_ID'),
 (446,0x00,0x00,'COMMITMENT_PAYMENT_SOURCE_ACH_ROUTING_NUMBER','ACH Routing Number',0x00,0x00,0x00,0x00,0x00,0x00,0x00,1,'COMMITMENT_PAYMENT_SOURCE_ACH_ROUTING_NUMBER','COMMITMENT_COMMITMENT_ID'),
 (447,0x00,0x00,'COMMITMENT_CHECK_NUMBER','Check Number',0x00,0x00,0x00,0x00,0x00,0x00,0x00,2,'COMMITMENT_CHECK_NUMBER','COMMITMENT_COMMITMENT_ID'),
 (448,0x00,0x00,'COMMITMENT_PAYMENT_ADDRESS_ADDRESS_LINE_1','Address Line 1',0x00,0x00,0x00,0x00,0x00,0x00,0x00,1,'COMMITMENT_PAYMENT_ADDRESS_ADDRESS_LINE_1','COMMITMENT_COMMITMENT_ID'),
 (449,0x00,0x00,'COMMITMENT_PAYMENT_ADDRESS_ADDRESS_LINE_2','Address Line 2',0x00,0x00,0x00,0x00,0x00,0x00,0x00,1,'COMMITMENT_PAYMENT_ADDRESS_ADDRESS_LINE_2','COMMITMENT_COMMITMENT_ID'),
 (450,0x00,0x00,'COMMITMENT_PAYMENT_ADDRESS_ADDRESS_LINE_3','Address Line 3',0x00,0x00,0x00,0x00,0x00,0x00,0x00,1,'COMMITMENT_PAYMENT_ADDRESS_ADDRESS_LINE_3','COMMITMENT_COMMITMENT_ID'),
 (451,0x00,0x00,'COMMITMENT_PAYMENT_ADDRESS_CITY','City',0x00,0x00,0x00,0x00,0x00,0x00,0x00,1,'COMMITMENT_PAYMENT_ADDRESS_CITY','COMMITMENT_COMMITMENT_ID'),
 (452,0x00,0x00,'COMMITMENT_PAYMENT_ADDRESS_STATE_PROVINCE','State/Province',0x00,0x00,0x00,0x00,0x00,0x00,0x00,1,'COMMITMENT_PAYMENT_ADDRESS_STATE_PROVINCE','COMMITMENT_COMMITMENT_ID'),
 (453,0x00,0x00,'COMMITMENT_PAYMENT_ADDRESS_POSTAL_CODE','Zip/Postal Code',0x00,0x00,0x00,0x00,0x00,0x00,0x00,1,'COMMITMENT_PAYMENT_ADDRESS_POSTAL_CODE','COMMITMENT_COMMITMENT_ID'),
 (454,0x00,0x00,'COMMITMENT_PAYMENT_ADDRESS_COUNTRY','Country',0x00,0x00,0x00,0x00,0x00,0x00,0x00,1,'COMMITMENT_PAYMENT_ADDRESS_COUNTRY','COMMITMENT_COMMITMENT_ID'),
 (455,0x00,0x00,'COMMITMENT_PAYMENT_PHONE_NUMBER','Phone Number',0x00,0x00,0x00,0x00,0x00,0x00,0x00,1,'COMMITMENT_PAYMENT_PHONE_NUMBER','COMMITMENT_COMMITMENT_ID'),
 (456,0x00,0x00,'COMMITMENT_ACKNOWLEDGEMENT_EMAIL_EMAIL_ADDRESS','Receipt Email',0x00,0x00,0x00,0x00,0x00,0x00,0x00,1,'COMMITMENT_ACKNOWLEDGEMENT_EMAIL_EMAIL_ADDRESS','COMMITMENT_COMMITMENT_ID'),
 (457,0x00,0x00,'COMMITMENT_SEND_ACKNOWLEDGMENT','Send Acknowledgment',0x00,0x00,0x00,0x00,0x00,0x00,0x00,6,'COMMITMENT_SEND_ACKNOWLEDGMENT','COMMITMENT_COMMITMENT_ID'),
 (458,0x00,0x00,'COMMITMENT_ACKNOWLEDGMENT_DATE','Acknowledgment Date',0x00,0x00,0x00,0x00,0x00,0x00,0x00,4,'COMMITMENT_ACKNOWLEDGMENT_DATE','COMMITMENT_COMMITMENT_ID'),
 (459,0x00,0x00,'DISTRO_LINE_DISTRO_LINE_ID','Gift Distribution Reference Number',0x01,0x00,0x00,0x00,0x00,0x00,0x00,3,'DISTRO_LINE_DISTRO_LINE_ID','DISTRO_LINE_DISTRO_LINE_ID'),
 (460,0x00,0x00,'DISTRO_LINE_AMOUNT','Gift Distribution Amount',0x01,0x00,0x00,0x00,0x00,0x00,0x00,5,'DISTRO_LINE_AMOUNT','DISTRO_LINE_DISTRO_LINE_ID'),
 (461,0x00,0x00,'DISTRO_LINE_PERCENTAGE','Percentage',0x00,0x00,0x00,0x00,0x00,0x00,0x00,3,'DISTRO_LINE_PERCENTAGE','DISTRO_LINE_DISTRO_LINE_ID'),
 (462,0x00,0x00,'DISTRO_LINE_PROJECT_CODE','Designation',0x00,0x00,0x00,0x00,0x00,0x00,0x00,1,'DISTRO_LINE_PROJECT_CODE','DISTRO_LINE_DISTRO_LINE_ID'),
 (463,0x00,0x00,'DISTRO_LINE_PROJECT_CODE_DESCRIPTION','Designation Description',0x00,0x00,0x00,0x00,0x00,0x00,0x00,1,'DISTRO_LINE_PROJECT_CODE_DESCRIPTION','DISTRO_LINE_DISTRO_LINE_ID'),
 (464,0x00,0x00,'DISTRO_LINE_MOTIVATION_CODE','Motivation',0x00,0x00,0x00,0x00,0x00,0x00,0x00,1,'DISTRO_LINE_MOTIVATION_CODE','DISTRO_LINE_DISTRO_LINE_ID'),
 (465,0x00,0x00,'DISTRO_LINE_MOTIVATION_CODE_DESCRIPTION','Motivation Description',0x00,0x00,0x00,0x00,0x00,0x00,0x00,1,'DISTRO_LINE_MOTIVATION_CODE_DESCRIPTION','DISTRO_LINE_DISTRO_LINE_ID'),
 (466,0x00,0x00,'CONSTITUENT_CONSTITUENT_ID','Account Number',0x01,0x00,0x00,0x00,0x00,0x00,0x00,3,'CONSTITUENT_CONSTITUENT_ID','CONSTITUENT_CONSTITUENT_ID'),
 (467,0x00,0x00,'GETCONSTITUENTDISPLAYNAME(GETCUSTOMFIELD(CONSTITUENT_CONSTITUENT_ID, \'person\', \'accountManager\'))','Account Manager Name',0x00,0x00,0x00,0x00,0x00,0x00,0x00,1,'ACCOUNTMANAGER','CONSTITUENT_CONSTITUENT_ID'),
 (468,0x00,0x00,'GETCUSTOMFIELD(CONSTITUENT_CONSTITUENT_ID, \'person\', \'accountManager\')','Account Manager Account Number',0x00,0x00,0x00,0x00,0x00,0x00,0x00,3,'ACCOUNTMANAGERACCOUNTNUMBER','CONSTITUENT_CONSTITUENT_ID'),
 (469,0x00,0x00,'CONSTITUENT_CONSTITUENT_TYPE','Constituent Type',0x01,0x00,0x00,0x00,0x00,0x00,0x00,1,'CONSTITUENT_CONSTITUENT_TYPE','CONSTITUENT_CONSTITUENT_ID'),
 (470,0x00,0x00,'CONSTITUENT_CONSTITUENT_ROLE','Profile Type',0x00,0x00,0x00,0x00,0x00,0x00,0x00,1,'CONSTITUENT_CONSTITUENT_ROLE','CONSTITUENT_CONSTITUENT_ID'),
 (471,0x00,0x00,'CONSTITUENT_DONOR_PROFILE','Donor Profile',0x00,0x00,0x00,0x00,0x00,0x00,0x00,1,'CONSTITUENT_DONOR_PROFILE','CONSTITUENT_CONSTITUENT_ID'),
 (472,0x00,0x00,'CONSTITUENT_TITLE','Title',0x00,0x00,0x00,0x00,0x00,0x00,0x00,1,'CONSTITUENT_TITLE','CONSTITUENT_CONSTITUENT_ID'),
 (473,0x00,0x00,'CONSTITUENT_FIRST_NAME','First Name',0x01,0x00,0x00,0x00,0x00,0x00,0x00,1,'CONSTITUENT_FIRST_NAME','CONSTITUENT_CONSTITUENT_ID'),
 (474,0x00,0x00,'CONSTITUENT_MIDDLE_NAME','Middle Name',0x00,0x00,0x00,0x00,0x00,0x00,0x00,1,'CONSTITUENT_MIDDLE_NAME','CONSTITUENT_CONSTITUENT_ID'),
 (475,0x00,0x00,'CONSTITUENT_LAST_NAME','Last Name',0x01,0x00,0x00,0x00,0x00,0x00,0x00,1,'CONSTITUENT_LAST_NAME','CONSTITUENT_CONSTITUENT_ID'),
 (476,0x00,0x00,'CONSTITUENT_SUFFIX','Suffix',0x00,0x00,0x00,0x00,0x00,0x00,0x00,1,'CONSTITUENT_SUFFIX','CONSTITUENT_CONSTITUENT_ID'),
 (477,0x00,0x00,'CONSTITUENT_RECOGNITION_NAME','Recognition Name',0x00,0x00,0x00,0x00,0x00,0x00,0x00,1,'CONSTITUENT_RECOGNITION_NAME','CONSTITUENT_CONSTITUENT_ID'),
 (478,0x00,0x00,'CONSTITUENT_ORGANIZATION_NAME','Organization Name',0x00,0x00,0x00,0x00,0x00,0x00,0x00,1,'CONSTITUENT_ORGANIZATION_NAME','CONSTITUENT_CONSTITUENT_ID'),
 (479,0x00,0x00,'CONSTITUENT_LEGAL_NAME','Legal Name',0x00,0x00,0x00,0x00,0x00,0x00,0x00,1,'CONSTITUENT_LEGAL_NAME','CONSTITUENT_CONSTITUENT_ID'),
 (480,0x00,0x00,'GETCUSTOMFIELD(CONSTITUENT_CONSTITUENT_ID, \'person\', \'organization.matching\')','Matching',0x00,0x00,0x00,0x00,0x00,0x00,0x00,1,'ORGANIZATION_MATCHING','CONSTITUENT_CONSTITUENT_ID'),
 (481,0x00,0x00,'GETCUSTOMFIELD(CONSTITUENT_CONSTITUENT_ID, \'person\', \'organization.percentMatch\')','Percent Matching',0x00,0x00,0x00,0x00,0x00,0x00,0x00,3,'ORGANIZATION_PERCENTMATCH','CONSTITUENT_CONSTITUENT_ID'),
 (482,0x00,0x00,'GETCUSTOMFIELD(CONSTITUENT_CONSTITUENT_ID, \'person\', \'organization.maximumMatch\')','Maximum Match',0x00,0x00,0x00,0x00,0x00,0x00,0x00,5,'ORGANIZATION_MAXIMUMMATCH','CONSTITUENT_CONSTITUENT_ID'),
 (483,0x00,0x00,'GETCUSTOMFIELD(CONSTITUENT_CONSTITUENT_ID, \'person\', \'organization.website\')','Website',0x00,0x00,0x00,0x00,0x00,0x00,0x00,1,'ORGANIZATION_WEBSITE','CONSTITUENT_CONSTITUENT_ID'),
 (484,0x00,0x00,'GETCUSTOMFIELD(CONSTITUENT_CONSTITUENT_ID, \'person\', \'organization.taxid\')','Tax ID',0x00,0x00,0x00,0x00,0x00,0x00,0x00,1,'ORGANIZATION_TAXID','CONSTITUENT_CONSTITUENT_ID'),
 (485,0x00,0x00,'CONSTITUENT_NCAIS_CODE','NCAIS Code',0x00,0x00,0x00,0x00,0x00,0x00,0x00,1,'CONSTITUENT_NCAIS_CODE','CONSTITUENT_CONSTITUENT_ID'),
 (486,0x00,0x00,'GETCUSTOMFIELD(CONSTITUENT_CONSTITUENT_ID, \'person\', \'communicationPreferences\')','Communication Preferences',0x00,0x00,0x00,0x00,0x00,0x00,0x00,1,'COMMUNICATIONPREFERENCES','CONSTITUENT_CONSTITUENT_ID'),
 (487,0x00,0x00,'GETCUSTOMFIELD(CONSTITUENT_CONSTITUENT_ID, \'person\', \'emailFormat\')','Email Format',0x00,0x00,0x00,0x00,0x00,0x00,0x00,1,'EMAILFORMAT','CONSTITUENT_CONSTITUENT_ID'),
 (488,0x00,0x00,'CONSTITUENT_CREATE_DATE','Create Date',0x00,0x00,0x00,0x00,0x00,0x00,0x00,4,'CONSTITUENT_CREATE_DATE','CONSTITUENT_CONSTITUENT_ID'),
 (489,0x00,0x00,'CONSTITUENT_UPDATE_DATE','Update Date',0x00,0x00,0x00,0x00,0x00,0x00,0x00,4,'CONSTITUENT_UPDATE_DATE','CONSTITUENT_CONSTITUENT_ID'),
 (490,0x00,0x00,'CONSTITUENT_MARITAL_STATUS','Marital Status',0x00,0x00,0x00,0x00,0x00,0x00,0x00,1,'CONSTITUENT_MARITAL_STATUS','CONSTITUENT_CONSTITUENT_ID'),
 (491,0x00,0x00,'GETCUSTOMFIELD(CONSTITUENT_CONSTITUENT_ID, \'person\', \'individual.birthDate\')','Birth Date',0x00,0x00,0x00,0x00,0x00,0x00,0x00,4,'INDIVIDUAL_BIRTHDATE','CONSTITUENT_CONSTITUENT_ID'),
 (492,0x00,0x00,'GETCUSTOMFIELD(CONSTITUENT_CONSTITUENT_ID, \'person\', \'individual.deceased\')','Deceased',0x00,0x00,0x00,0x00,0x00,0x00,0x00,6,'INDIVIDUAL_DECEASED','CONSTITUENT_CONSTITUENT_ID'),
 (493,0x00,0x00,'GETCUSTOMFIELD(CONSTITUENT_CONSTITUENT_ID, \'person\', \'individual.gender\')','Gender',0x00,0x00,0x00,0x00,0x00,0x00,0x00,1,'INDIVIDUAL_GENDER','CONSTITUENT_CONSTITUENT_ID'),
 (494,0x00,0x00,'GETCUSTOMFIELD(CONSTITUENT_CONSTITUENT_ID, \'person\', \'individual.race\')','Race',0x00,0x00,0x00,0x00,0x00,0x00,0x00,1,'INDIVIDUAL_RACE','CONSTITUENT_CONSTITUENT_ID'),
 (495,0x00,0x00,'GETCUSTOMFIELD(CONSTITUENT_CONSTITUENT_ID, \'person\', \'individual.military\')','Military',0x00,0x00,0x00,0x00,0x00,0x00,0x00,1,'INDIVIDUAL_MILITARY','CONSTITUENT_CONSTITUENT_ID'),
 (496,0x00,0x00,'CONSTITUENT_SITE_NAME','Site Name',0x00,0x00,0x00,0x00,0x00,0x00,0x00,1,'CONSTITUENT_SITE_NAME','CONSTITUENT_CONSTITUENT_ID'),
 (497,0x00,0x00,'GIFT_GIFT_ID','Gift Reference Number',0x01,0x00,0x00,0x00,0x00,0x00,0x00,3,'GIFT_GIFT_ID','GIFT_GIFT_ID'),
 (498,0x00,0x00,'GIFT_AMOUNT','Gift Amount',0x01,0x00,0x00,0x00,0x00,0x00,0x00,5,'GIFT_AMOUNT','GIFT_GIFT_ID'),
 (499,0x00,0x00,'GIFT_CURRENCY_CODE','Currency Code',0x00,0x00,0x00,0x00,0x00,0x00,0x00,1,'GIFT_CURRENCY_CODE','GIFT_GIFT_ID'),
 (500,0x00,0x00,'GIFT_DONATION_DATE','Donation Date',0x01,0x00,0x00,0x00,0x00,0x00,0x00,4,'GIFT_DONATION_DATE','GIFT_GIFT_ID'),
 (501,0x00,0x00,'GIFT_POSTMARK_DATE','Postmark Date',0x00,0x00,0x00,0x00,0x00,0x00,0x00,4,'GIFT_POSTMARK_DATE','GIFT_GIFT_ID'),
 (502,0x00,0x00,'GETCUSTOMFIELD(GIFT_GIFT_ID, \'gift\', \'reference\')','Reference Account Number',0x00,0x00,0x00,0x00,0x00,0x00,0x00,1,'REFERENCE_ACCOUNT_NUMBER','GIFT_GIFT_ID'),
 (503,0x00,0x00,'GETCONSTITUENTDISPLAYNAME(GETCUSTOMFIELD(GIFT_GIFT_ID, \'gift\', \'reference\'))','Reference Account Name',0x00,0x00,0x00,0x00,0x00,0x00,0x00,1,'REFERENCE_ACCOUNT_NAME','GIFT_GIFT_ID'),
 (504,0x00,0x00,'GIFT_COMMENTS','Comments',0x00,0x00,0x00,0x00,0x00,0x00,0x00,1,'GIFT_COMMENTS','GIFT_GIFT_ID'),
 (505,0x00,0x00,'GIFT_TRANSACTIONDATE','Transaction Date',0x00,0x00,0x00,0x00,0x00,0x00,0x00,4,'GIFT_TRANSACTIONDATE','GIFT_GIFT_ID'),
 (506,0x00,0x00,'GIFT_PAYMENT_SOURCE_PAYMENT_PROFILE_DESCRIPTION','Payment Profile Description',0x00,0x00,0x00,0x00,0x00,0x00,0x00,1,'GIFT_PAYMENT_SOURCE_PAYMENT_PROFILE_DESCRIPTION','GIFT_GIFT_ID'),
 (507,0x00,0x00,'GIFT_PAYMENT_TYPE','Payment Method',0x00,0x00,0x00,0x00,0x00,0x00,0x00,1,'GIFT_PAYMENT_TYPE','GIFT_GIFT_ID'),
 (508,0x00,0x00,'GIFT_PAYMENT_SOURCE_CREDIT_CARD_TYPE','Credit Card Type',0x00,0x00,0x00,0x00,0x00,0x00,0x00,1,'GIFT_PAYMENT_SOURCE_CREDIT_CARD_TYPE','GIFT_GIFT_ID'),
 (509,0x00,0x00,'GIFT_PAYMENT_SOURCE_CREDIT_CARD_HOLDER_NAME','Credit Card Holder Name',0x00,0x00,0x00,0x00,0x00,0x00,0x00,1,'GIFT_PAYMENT_SOURCE_CREDIT_CARD_HOLDER_NAME','GIFT_GIFT_ID'),
 (510,0x00,0x00,'GIFT_PAYMENT_SOURCE_CREDIT_CARD_EXPIRATION','Credit Card Expiration',0x00,0x00,0x00,0x00,0x00,0x00,0x00,1,'GIFT_PAYMENT_SOURCE_CREDIT_CARD_EXPIRATION','GIFT_GIFT_ID'),
 (511,0x00,0x00,'GIFT_PAYMENT_SOURCE_CREDIT_CARD_EXPIRATION_DATE','Credit Card Expiration (Date / Time)',0x00,0x00,0x00,0x00,0x00,0x00,0x00,4,'GIFT_PAYMENT_SOURCE_CREDIT_CARD_EXPIRATION_DATE','GIFT_GIFT_ID'),
 (512,0x00,0x00,'GIFT_PAYMENT_SOURCE_ACH_HOLDER_NAME','ACH Holder Name',0x00,0x00,0x00,0x00,0x00,0x00,0x00,1,'GIFT_PAYMENT_SOURCE_ACH_HOLDER_NAME','GIFT_GIFT_ID'),
 (513,0x00,0x00,'GIFT_PAYMENT_SOURCE_ACH_ROUTING_NUMBER','ACH Routing Number',0x00,0x00,0x00,0x00,0x00,0x00,0x00,1,'GIFT_PAYMENT_SOURCE_ACH_ROUTING_NUMBER','GIFT_GIFT_ID'),
 (514,0x00,0x00,'GIFT_CHECK_NUMBER','Check Number',0x00,0x00,0x00,0x00,0x00,0x00,0x00,2,'GIFT_CHECK_NUMBER','GIFT_GIFT_ID'),
 (515,0x00,0x00,'GIFT_AUTH_CODE','Authorization Code',0x00,0x00,0x00,0x00,0x00,0x00,0x00,1,'GIFT_AUTH_CODE','GIFT_GIFT_ID'),
 (516,0x00,0x00,'GIFT_PAYMENT_ADDRESS_ADDRESS_LINE_1','Address Line 1',0x00,0x00,0x00,0x00,0x00,0x00,0x00,1,'GIFT_PAYMENT_ADDRESS_ADDRESS_LINE_1','GIFT_GIFT_ID'),
 (517,0x00,0x00,'GIFT_PAYMENT_ADDRESS_ADDRESS_LINE_2','Address Line 2',0x00,0x00,0x00,0x00,0x00,0x00,0x00,1,'GIFT_PAYMENT_ADDRESS_ADDRESS_LINE_2','GIFT_GIFT_ID'),
 (518,0x00,0x00,'GIFT_PAYMENT_ADDRESS_ADDRESS_LINE_3','Address Line 3',0x00,0x00,0x00,0x00,0x00,0x00,0x00,1,'GIFT_PAYMENT_ADDRESS_ADDRESS_LINE_3','GIFT_GIFT_ID'),
 (519,0x00,0x00,'GIFT_PAYMENT_ADDRESS_CITY','City',0x00,0x00,0x00,0x00,0x00,0x00,0x00,1,'GIFT_PAYMENT_ADDRESS_CITY','GIFT_GIFT_ID'),
 (520,0x00,0x00,'GIFT_PAYMENT_ADDRESS_STATE_PROVINCE','State/Province',0x00,0x00,0x00,0x00,0x00,0x00,0x00,1,'GIFT_PAYMENT_ADDRESS_STATE_PROVINCE','GIFT_GIFT_ID'),
 (521,0x00,0x00,'GIFT_PAYMENT_ADDRESS_POSTAL_CODE','Zip/Postal Code',0x00,0x00,0x00,0x00,0x00,0x00,0x00,1,'GIFT_PAYMENT_ADDRESS_POSTAL_CODE','GIFT_GIFT_ID'),
 (522,0x00,0x00,'GIFT_PAYMENT_ADDRESS_COUNTRY','Country',0x00,0x00,0x00,0x00,0x00,0x00,0x00,1,'GIFT_PAYMENT_ADDRESS_COUNTRY','GIFT_GIFT_ID'),
 (523,0x00,0x00,'GIFT_PAYMENT_PHONE_NUMBER','Phone Number',0x00,0x00,0x00,0x00,0x00,0x00,0x00,1,'GIFT_PAYMENT_PHONE_NUMBER','GIFT_GIFT_ID'),
 (524,0x00,0x00,'GIFT_ACKNOWLEDGEMENT_EMAIL_EMAIL_ADDRESS','Receipt Email',0x00,0x00,0x00,0x00,0x00,0x00,0x00,1,'GIFT_ACKNOWLEDGEMENT_EMAIL_EMAIL_ADDRESS','GIFT_GIFT_ID'),
 (525,0x00,0x00,'GIFT_SEND_ACKNOWLEDGMENT','Send Acknowledgment',0x00,0x00,0x00,0x00,0x00,0x00,0x00,6,'GIFT_SEND_ACKNOWLEDGMENT','GIFT_GIFT_ID'),
 (526,0x00,0x00,'GIFT_ACKNOWLEDGMENT_DATE','Acknowledgment Date',0x00,0x00,0x00,0x00,0x00,0x00,0x00,4,'GIFT_ACKNOWLEDGMENT_DATE','GIFT_GIFT_ID'),
 (527,0x00,0x00,'CONSTITUENT_CONSTITUENT_ID','Account Number',0x01,0x00,0x00,0x00,0x00,0x00,0x00,3,'CONSTITUENT_CONSTITUENT_ID','CONSTITUENT_CONSTITUENT_ID'),
 (528,0x00,0x00,'GETCONSTITUENTDISPLAYNAME(GETCUSTOMFIELD(CONSTITUENT_CONSTITUENT_ID, \'person\', \'accountManager\'))','Account Manager Name',0x00,0x00,0x00,0x00,0x00,0x00,0x00,1,'ACCOUNTMANAGER','CONSTITUENT_CONSTITUENT_ID'),
 (529,0x00,0x00,'GETCUSTOMFIELD(CONSTITUENT_CONSTITUENT_ID, \'person\', \'accountManager\')','Account Manager Account Number',0x00,0x00,0x00,0x00,0x00,0x00,0x00,3,'ACCOUNTMANAGERACCOUNTNUMBER','CONSTITUENT_CONSTITUENT_ID'),
 (530,0x00,0x00,'CONSTITUENT_CONSTITUENT_TYPE','Constituent Type',0x01,0x00,0x00,0x00,0x00,0x00,0x00,1,'CONSTITUENT_CONSTITUENT_TYPE','CONSTITUENT_CONSTITUENT_ID'),
 (531,0x00,0x00,'CONSTITUENT_CONSTITUENT_ROLE','Profile Type',0x00,0x00,0x00,0x00,0x00,0x00,0x00,1,'CONSTITUENT_CONSTITUENT_ROLE','CONSTITUENT_CONSTITUENT_ID'),
 (532,0x00,0x00,'CONSTITUENT_DONOR_PROFILE','Donor Profile',0x00,0x00,0x00,0x00,0x00,0x00,0x00,1,'CONSTITUENT_DONOR_PROFILE','CONSTITUENT_CONSTITUENT_ID'),
 (533,0x00,0x00,'CONSTITUENT_TITLE','Title',0x00,0x00,0x00,0x00,0x00,0x00,0x00,1,'CONSTITUENT_TITLE','CONSTITUENT_CONSTITUENT_ID'),
 (534,0x00,0x00,'CONSTITUENT_FIRST_NAME','First Name',0x01,0x00,0x00,0x00,0x00,0x00,0x00,1,'CONSTITUENT_FIRST_NAME','CONSTITUENT_CONSTITUENT_ID'),
 (535,0x00,0x00,'CONSTITUENT_MIDDLE_NAME','Middle Name',0x00,0x00,0x00,0x00,0x00,0x00,0x00,1,'CONSTITUENT_MIDDLE_NAME','CONSTITUENT_CONSTITUENT_ID'),
 (536,0x00,0x00,'CONSTITUENT_LAST_NAME','Last Name',0x01,0x00,0x00,0x00,0x00,0x00,0x00,1,'CONSTITUENT_LAST_NAME','CONSTITUENT_CONSTITUENT_ID'),
 (537,0x00,0x00,'CONSTITUENT_SUFFIX','Suffix',0x00,0x00,0x00,0x00,0x00,0x00,0x00,1,'CONSTITUENT_SUFFIX','CONSTITUENT_CONSTITUENT_ID'),
 (538,0x00,0x00,'CONSTITUENT_RECOGNITION_NAME','Recognition Name',0x00,0x00,0x00,0x00,0x00,0x00,0x00,1,'CONSTITUENT_RECOGNITION_NAME','CONSTITUENT_CONSTITUENT_ID'),
 (539,0x00,0x00,'CONSTITUENT_ORGANIZATION_NAME','Organization Name',0x00,0x00,0x00,0x00,0x00,0x00,0x00,1,'CONSTITUENT_ORGANIZATION_NAME','CONSTITUENT_CONSTITUENT_ID'),
 (540,0x00,0x00,'CONSTITUENT_LEGAL_NAME','Legal Name',0x00,0x00,0x00,0x00,0x00,0x00,0x00,1,'CONSTITUENT_LEGAL_NAME','CONSTITUENT_CONSTITUENT_ID'),
 (541,0x00,0x00,'GETCUSTOMFIELD(CONSTITUENT_CONSTITUENT_ID, \'person\', \'organization.matching\')','Matching',0x00,0x00,0x00,0x00,0x00,0x00,0x00,1,'ORGANIZATION_MATCHING','CONSTITUENT_CONSTITUENT_ID'),
 (542,0x00,0x00,'GETCUSTOMFIELD(CONSTITUENT_CONSTITUENT_ID, \'person\', \'organization.percentMatch\')','Percent Matching',0x00,0x00,0x00,0x00,0x00,0x00,0x00,3,'ORGANIZATION_PERCENTMATCH','CONSTITUENT_CONSTITUENT_ID'),
 (543,0x00,0x00,'GETCUSTOMFIELD(CONSTITUENT_CONSTITUENT_ID, \'person\', \'organization.maximumMatch\')','Maximum Match',0x00,0x00,0x00,0x00,0x00,0x00,0x00,5,'ORGANIZATION_MAXIMUMMATCH','CONSTITUENT_CONSTITUENT_ID'),
 (544,0x00,0x00,'GETCUSTOMFIELD(CONSTITUENT_CONSTITUENT_ID, \'person\', \'organization.website\')','Website',0x00,0x00,0x00,0x00,0x00,0x00,0x00,1,'ORGANIZATION_WEBSITE','CONSTITUENT_CONSTITUENT_ID'),
 (545,0x00,0x00,'GETCUSTOMFIELD(CONSTITUENT_CONSTITUENT_ID, \'person\', \'organization.taxid\')','Tax ID',0x00,0x00,0x00,0x00,0x00,0x00,0x00,1,'ORGANIZATION_TAXID','CONSTITUENT_CONSTITUENT_ID'),
 (546,0x00,0x00,'CONSTITUENT_NCAIS_CODE','NCAIS Code',0x00,0x00,0x00,0x00,0x00,0x00,0x00,1,'CONSTITUENT_NCAIS_CODE','CONSTITUENT_CONSTITUENT_ID'),
 (547,0x00,0x00,'GETCUSTOMFIELD(CONSTITUENT_CONSTITUENT_ID, \'person\', \'communicationPreferences\')','Communication Preferences',0x00,0x00,0x00,0x00,0x00,0x00,0x00,1,'COMMUNICATIONPREFERENCES','CONSTITUENT_CONSTITUENT_ID'),
 (548,0x00,0x00,'GETCUSTOMFIELD(CONSTITUENT_CONSTITUENT_ID, \'person\', \'emailFormat\')','Email Format',0x00,0x00,0x00,0x00,0x00,0x00,0x00,1,'EMAILFORMAT','CONSTITUENT_CONSTITUENT_ID'),
 (549,0x00,0x00,'CONSTITUENT_CREATE_DATE','Create Date',0x00,0x00,0x00,0x00,0x00,0x00,0x00,4,'CONSTITUENT_CREATE_DATE','CONSTITUENT_CONSTITUENT_ID'),
 (550,0x00,0x00,'CONSTITUENT_UPDATE_DATE','Update Date',0x00,0x00,0x00,0x00,0x00,0x00,0x00,4,'CONSTITUENT_UPDATE_DATE','CONSTITUENT_CONSTITUENT_ID'),
 (551,0x00,0x00,'CONSTITUENT_MARITAL_STATUS','Marital Status',0x00,0x00,0x00,0x00,0x00,0x00,0x00,1,'CONSTITUENT_MARITAL_STATUS','CONSTITUENT_CONSTITUENT_ID'),
 (552,0x00,0x00,'GETCUSTOMFIELD(CONSTITUENT_CONSTITUENT_ID, \'person\', \'individual.birthDate\')','Birth Date',0x00,0x00,0x00,0x00,0x00,0x00,0x00,4,'INDIVIDUAL_BIRTHDATE','CONSTITUENT_CONSTITUENT_ID'),
 (553,0x00,0x00,'GETCUSTOMFIELD(CONSTITUENT_CONSTITUENT_ID, \'person\', \'individual.deceased\')','Deceased',0x00,0x00,0x00,0x00,0x00,0x00,0x00,6,'INDIVIDUAL_DECEASED','CONSTITUENT_CONSTITUENT_ID'),
 (554,0x00,0x00,'GETCUSTOMFIELD(CONSTITUENT_CONSTITUENT_ID, \'person\', \'individual.gender\')','Gender',0x00,0x00,0x00,0x00,0x00,0x00,0x00,1,'INDIVIDUAL_GENDER','CONSTITUENT_CONSTITUENT_ID'),
 (555,0x00,0x00,'GETCUSTOMFIELD(CONSTITUENT_CONSTITUENT_ID, \'person\', \'individual.race\')','Race',0x00,0x00,0x00,0x00,0x00,0x00,0x00,1,'INDIVIDUAL_RACE','CONSTITUENT_CONSTITUENT_ID'),
 (556,0x00,0x00,'GETCUSTOMFIELD(CONSTITUENT_CONSTITUENT_ID, \'person\', \'individual.military\')','Military',0x00,0x00,0x00,0x00,0x00,0x00,0x00,1,'INDIVIDUAL_MILITARY','CONSTITUENT_CONSTITUENT_ID'),
 (557,0x00,0x00,'CONSTITUENT_SITE_NAME','Site Name',0x00,0x00,0x00,0x00,0x00,0x00,0x00,1,'CONSTITUENT_SITE_NAME','CONSTITUENT_CONSTITUENT_ID'),
 (558,0x00,0x00,'GIFT_GIFT_ID','Gift Reference Number',0x01,0x00,0x00,0x00,0x00,0x00,0x00,3,'GIFT_GIFT_ID','GIFT_GIFT_ID'),
 (559,0x00,0x00,'GIFT_AMOUNT','Gift Amount',0x01,0x00,0x00,0x00,0x00,0x00,0x00,5,'GIFT_AMOUNT','GIFT_GIFT_ID'),
 (560,0x00,0x00,'GIFT_CURRENCY_CODE','Currency Code',0x00,0x00,0x00,0x00,0x00,0x00,0x00,1,'GIFT_CURRENCY_CODE','GIFT_GIFT_ID'),
 (561,0x00,0x00,'GIFT_DONATION_DATE','Donation Date',0x01,0x00,0x00,0x00,0x00,0x00,0x00,4,'GIFT_DONATION_DATE','GIFT_GIFT_ID'),
 (562,0x00,0x00,'GIFT_POSTMARK_DATE','Postmark Date',0x00,0x00,0x00,0x00,0x00,0x00,0x00,4,'GIFT_POSTMARK_DATE','GIFT_GIFT_ID'),
 (563,0x00,0x00,'GETCUSTOMFIELD(GIFT_GIFT_ID, \'gift\', \'reference\')','Reference Account Number',0x00,0x00,0x00,0x00,0x00,0x00,0x00,1,'REFERENCE_ACCOUNT_NUMBER','GIFT_GIFT_ID'),
 (564,0x00,0x00,'GETCONSTITUENTDISPLAYNAME(GETCUSTOMFIELD(GIFT_GIFT_ID, \'gift\', \'reference\'))','Reference Account Name',0x00,0x00,0x00,0x00,0x00,0x00,0x00,1,'REFERENCE_ACCOUNT_NAME','GIFT_GIFT_ID'),
 (565,0x00,0x00,'GIFT_COMMENTS','Comments',0x00,0x00,0x00,0x00,0x00,0x00,0x00,1,'GIFT_COMMENTS','GIFT_GIFT_ID'),
 (566,0x00,0x00,'GIFT_TRANSACTIONDATE','Transaction Date',0x00,0x00,0x00,0x00,0x00,0x00,0x00,4,'GIFT_TRANSACTIONDATE','GIFT_GIFT_ID'),
 (567,0x00,0x00,'GIFT_PAYMENT_SOURCE_PAYMENT_PROFILE_DESCRIPTION','Payment Profile Description',0x00,0x00,0x00,0x00,0x00,0x00,0x00,1,'GIFT_PAYMENT_SOURCE_PAYMENT_PROFILE_DESCRIPTION','GIFT_GIFT_ID'),
 (568,0x00,0x00,'GIFT_PAYMENT_TYPE','Payment Method',0x00,0x00,0x00,0x00,0x00,0x00,0x00,1,'GIFT_PAYMENT_TYPE','GIFT_GIFT_ID'),
 (569,0x00,0x00,'GIFT_PAYMENT_SOURCE_CREDIT_CARD_TYPE','Credit Card Type',0x00,0x00,0x00,0x00,0x00,0x00,0x00,1,'GIFT_PAYMENT_SOURCE_CREDIT_CARD_TYPE','GIFT_GIFT_ID'),
 (570,0x00,0x00,'GIFT_PAYMENT_SOURCE_CREDIT_CARD_HOLDER_NAME','Credit Card Holder Name',0x00,0x00,0x00,0x00,0x00,0x00,0x00,1,'GIFT_PAYMENT_SOURCE_CREDIT_CARD_HOLDER_NAME','GIFT_GIFT_ID'),
 (571,0x00,0x00,'GIFT_PAYMENT_SOURCE_CREDIT_CARD_EXPIRATION','Credit Card Expiration',0x00,0x00,0x00,0x00,0x00,0x00,0x00,1,'GIFT_PAYMENT_SOURCE_CREDIT_CARD_EXPIRATION','GIFT_GIFT_ID'),
 (572,0x00,0x00,'GIFT_PAYMENT_SOURCE_CREDIT_CARD_EXPIRATION_DATE','Credit Card Expiration (Date / Time)',0x00,0x00,0x00,0x00,0x00,0x00,0x00,4,'GIFT_PAYMENT_SOURCE_CREDIT_CARD_EXPIRATION_DATE','GIFT_GIFT_ID'),
 (573,0x00,0x00,'GIFT_PAYMENT_SOURCE_ACH_HOLDER_NAME','ACH Holder Name',0x00,0x00,0x00,0x00,0x00,0x00,0x00,1,'GIFT_PAYMENT_SOURCE_ACH_HOLDER_NAME','GIFT_GIFT_ID'),
 (574,0x00,0x00,'GIFT_PAYMENT_SOURCE_ACH_ROUTING_NUMBER','ACH Routing Number',0x00,0x00,0x00,0x00,0x00,0x00,0x00,1,'GIFT_PAYMENT_SOURCE_ACH_ROUTING_NUMBER','GIFT_GIFT_ID'),
 (575,0x00,0x00,'GIFT_CHECK_NUMBER','Check Number',0x00,0x00,0x00,0x00,0x00,0x00,0x00,2,'GIFT_CHECK_NUMBER','GIFT_GIFT_ID'),
 (576,0x00,0x00,'GIFT_AUTH_CODE','Authorization Code',0x00,0x00,0x00,0x00,0x00,0x00,0x00,1,'GIFT_AUTH_CODE','GIFT_GIFT_ID'),
 (577,0x00,0x00,'GIFT_PAYMENT_ADDRESS_ADDRESS_LINE_1','Address Line 1',0x00,0x00,0x00,0x00,0x00,0x00,0x00,1,'GIFT_PAYMENT_ADDRESS_ADDRESS_LINE_1','GIFT_GIFT_ID'),
 (578,0x00,0x00,'GIFT_PAYMENT_ADDRESS_ADDRESS_LINE_2','Address Line 2',0x00,0x00,0x00,0x00,0x00,0x00,0x00,1,'GIFT_PAYMENT_ADDRESS_ADDRESS_LINE_2','GIFT_GIFT_ID'),
 (579,0x00,0x00,'GIFT_PAYMENT_ADDRESS_ADDRESS_LINE_3','Address Line 3',0x00,0x00,0x00,0x00,0x00,0x00,0x00,1,'GIFT_PAYMENT_ADDRESS_ADDRESS_LINE_3','GIFT_GIFT_ID'),
 (580,0x00,0x00,'GIFT_PAYMENT_ADDRESS_CITY','City',0x00,0x00,0x00,0x00,0x00,0x00,0x00,1,'GIFT_PAYMENT_ADDRESS_CITY','GIFT_GIFT_ID'),
 (581,0x00,0x00,'GIFT_PAYMENT_ADDRESS_STATE_PROVINCE','State/Province',0x00,0x00,0x00,0x00,0x00,0x00,0x00,1,'GIFT_PAYMENT_ADDRESS_STATE_PROVINCE','GIFT_GIFT_ID'),
 (582,0x00,0x00,'GIFT_PAYMENT_ADDRESS_POSTAL_CODE','Zip/Postal Code',0x00,0x00,0x00,0x00,0x00,0x00,0x00,1,'GIFT_PAYMENT_ADDRESS_POSTAL_CODE','GIFT_GIFT_ID'),
 (583,0x00,0x00,'GIFT_PAYMENT_ADDRESS_COUNTRY','Country',0x00,0x00,0x00,0x00,0x00,0x00,0x00,1,'GIFT_PAYMENT_ADDRESS_COUNTRY','GIFT_GIFT_ID'),
 (584,0x00,0x00,'GIFT_PAYMENT_PHONE_NUMBER','Phone Number',0x00,0x00,0x00,0x00,0x00,0x00,0x00,1,'GIFT_PAYMENT_PHONE_NUMBER','GIFT_GIFT_ID'),
 (585,0x00,0x00,'GIFT_ACKNOWLEDGEMENT_EMAIL_EMAIL_ADDRESS','Receipt Email',0x00,0x00,0x00,0x00,0x00,0x00,0x00,1,'GIFT_ACKNOWLEDGEMENT_EMAIL_EMAIL_ADDRESS','GIFT_GIFT_ID'),
 (586,0x00,0x00,'GIFT_SEND_ACKNOWLEDGMENT','Send Acknowledgment',0x00,0x00,0x00,0x00,0x00,0x00,0x00,6,'GIFT_SEND_ACKNOWLEDGMENT','GIFT_GIFT_ID'),
 (587,0x00,0x00,'GIFT_ACKNOWLEDGMENT_DATE','Acknowledgment Date',0x00,0x00,0x00,0x00,0x00,0x00,0x00,4,'GIFT_ACKNOWLEDGMENT_DATE','GIFT_GIFT_ID'),
 (588,0x00,0x00,'DISTRO_LINE_DISTRO_LINE_ID','Gift Distribution Reference Number',0x01,0x00,0x00,0x00,0x00,0x00,0x00,3,'DISTRO_LINE_DISTRO_LINE_ID','DISTRO_LINE_DISTRO_LINE_ID'),
 (589,0x00,0x00,'DISTRO_LINE_AMOUNT','Gift Distribution Amount',0x01,0x00,0x00,0x00,0x00,0x00,0x00,5,'DISTRO_LINE_AMOUNT','DISTRO_LINE_DISTRO_LINE_ID'),
 (590,0x00,0x00,'DISTRO_LINE_PERCENTAGE','Percentage',0x00,0x00,0x00,0x00,0x00,0x00,0x00,3,'DISTRO_LINE_PERCENTAGE','DISTRO_LINE_DISTRO_LINE_ID'),
 (591,0x00,0x00,'DISTRO_LINE_PROJECT_CODE','Designation',0x00,0x00,0x00,0x00,0x00,0x00,0x00,1,'DISTRO_LINE_PROJECT_CODE','DISTRO_LINE_DISTRO_LINE_ID'),
 (592,0x00,0x00,'DISTRO_LINE_PROJECT_CODE_DESCRIPTION','Designation Description',0x00,0x00,0x00,0x00,0x00,0x00,0x00,1,'DISTRO_LINE_PROJECT_CODE_DESCRIPTION','DISTRO_LINE_DISTRO_LINE_ID'),
 (593,0x00,0x00,'DISTRO_LINE_MOTIVATION_CODE','Motivation',0x00,0x00,0x00,0x00,0x00,0x00,0x00,1,'DISTRO_LINE_MOTIVATION_CODE','DISTRO_LINE_DISTRO_LINE_ID'),
 (594,0x00,0x00,'DISTRO_LINE_MOTIVATION_CODE_DESCRIPTION','Motivation Description',0x00,0x00,0x00,0x00,0x00,0x00,0x00,1,'DISTRO_LINE_MOTIVATION_CODE_DESCRIPTION','DISTRO_LINE_DISTRO_LINE_ID'),
 (595,0x00,0x00,'CONSTITUENT_CONSTITUENT_ID','Account Number',0x01,0x00,0x00,0x00,0x00,0x00,0x00,3,'CONSTITUENT_CONSTITUENT_ID','CONSTITUENT_CONSTITUENT_ID'),
 (596,0x00,0x00,'GETCONSTITUENTDISPLAYNAME(GETCUSTOMFIELD(CONSTITUENT_CONSTITUENT_ID, \'person\', \'accountManager\'))','Account Manager Name',0x00,0x00,0x00,0x00,0x00,0x00,0x00,1,'ACCOUNTMANAGER','CONSTITUENT_CONSTITUENT_ID'),
 (597,0x00,0x00,'GETCUSTOMFIELD(CONSTITUENT_CONSTITUENT_ID, \'person\', \'accountManager\')','Account Manager Account Number',0x00,0x00,0x00,0x00,0x00,0x00,0x00,3,'ACCOUNTMANAGERACCOUNTNUMBER','CONSTITUENT_CONSTITUENT_ID'),
 (598,0x00,0x00,'CONSTITUENT_CONSTITUENT_TYPE','Constituent Type',0x01,0x00,0x00,0x00,0x00,0x00,0x00,1,'CONSTITUENT_CONSTITUENT_TYPE','CONSTITUENT_CONSTITUENT_ID'),
 (599,0x00,0x00,'CONSTITUENT_CONSTITUENT_ROLE','Profile Type',0x00,0x00,0x00,0x00,0x00,0x00,0x00,1,'CONSTITUENT_CONSTITUENT_ROLE','CONSTITUENT_CONSTITUENT_ID'),
 (600,0x00,0x00,'CONSTITUENT_DONOR_PROFILE','Donor Profile',0x00,0x00,0x00,0x00,0x00,0x00,0x00,1,'CONSTITUENT_DONOR_PROFILE','CONSTITUENT_CONSTITUENT_ID'),
 (601,0x00,0x00,'CONSTITUENT_TITLE','Title',0x00,0x00,0x00,0x00,0x00,0x00,0x00,1,'CONSTITUENT_TITLE','CONSTITUENT_CONSTITUENT_ID'),
 (602,0x00,0x00,'CONSTITUENT_FIRST_NAME','First Name',0x01,0x00,0x00,0x00,0x00,0x00,0x00,1,'CONSTITUENT_FIRST_NAME','CONSTITUENT_CONSTITUENT_ID'),
 (603,0x00,0x00,'CONSTITUENT_MIDDLE_NAME','Middle Name',0x00,0x00,0x00,0x00,0x00,0x00,0x00,1,'CONSTITUENT_MIDDLE_NAME','CONSTITUENT_CONSTITUENT_ID'),
 (604,0x00,0x00,'CONSTITUENT_LAST_NAME','Last Name',0x01,0x00,0x00,0x00,0x00,0x00,0x00,1,'CONSTITUENT_LAST_NAME','CONSTITUENT_CONSTITUENT_ID'),
 (605,0x00,0x00,'CONSTITUENT_SUFFIX','Suffix',0x00,0x00,0x00,0x00,0x00,0x00,0x00,1,'CONSTITUENT_SUFFIX','CONSTITUENT_CONSTITUENT_ID'),
 (606,0x00,0x00,'CONSTITUENT_RECOGNITION_NAME','Recognition Name',0x00,0x00,0x00,0x00,0x00,0x00,0x00,1,'CONSTITUENT_RECOGNITION_NAME','CONSTITUENT_CONSTITUENT_ID'),
 (607,0x00,0x00,'CONSTITUENT_ORGANIZATION_NAME','Organization Name',0x00,0x00,0x00,0x00,0x00,0x00,0x00,1,'CONSTITUENT_ORGANIZATION_NAME','CONSTITUENT_CONSTITUENT_ID'),
 (608,0x00,0x00,'CONSTITUENT_LEGAL_NAME','Legal Name',0x00,0x00,0x00,0x00,0x00,0x00,0x00,1,'CONSTITUENT_LEGAL_NAME','CONSTITUENT_CONSTITUENT_ID'),
 (609,0x00,0x00,'GETCUSTOMFIELD(CONSTITUENT_CONSTITUENT_ID, \'person\', \'organization.matching\')','Matching',0x00,0x00,0x00,0x00,0x00,0x00,0x00,1,'ORGANIZATION_MATCHING','CONSTITUENT_CONSTITUENT_ID'),
 (610,0x00,0x00,'GETCUSTOMFIELD(CONSTITUENT_CONSTITUENT_ID, \'person\', \'organization.percentMatch\')','Percent Matching',0x00,0x00,0x00,0x00,0x00,0x00,0x00,3,'ORGANIZATION_PERCENTMATCH','CONSTITUENT_CONSTITUENT_ID'),
 (611,0x00,0x00,'GETCUSTOMFIELD(CONSTITUENT_CONSTITUENT_ID, \'person\', \'organization.maximumMatch\')','Maximum Match',0x00,0x00,0x00,0x00,0x00,0x00,0x00,5,'ORGANIZATION_MAXIMUMMATCH','CONSTITUENT_CONSTITUENT_ID'),
 (612,0x00,0x00,'GETCUSTOMFIELD(CONSTITUENT_CONSTITUENT_ID, \'person\', \'organization.website\')','Website',0x00,0x00,0x00,0x00,0x00,0x00,0x00,1,'ORGANIZATION_WEBSITE','CONSTITUENT_CONSTITUENT_ID'),
 (613,0x00,0x00,'GETCUSTOMFIELD(CONSTITUENT_CONSTITUENT_ID, \'person\', \'organization.taxid\')','Tax ID',0x00,0x00,0x00,0x00,0x00,0x00,0x00,1,'ORGANIZATION_TAXID','CONSTITUENT_CONSTITUENT_ID'),
 (614,0x00,0x00,'CONSTITUENT_NCAIS_CODE','NCAIS Code',0x00,0x00,0x00,0x00,0x00,0x00,0x00,1,'CONSTITUENT_NCAIS_CODE','CONSTITUENT_CONSTITUENT_ID'),
 (615,0x00,0x00,'GETCUSTOMFIELD(CONSTITUENT_CONSTITUENT_ID, \'person\', \'communicationPreferences\')','Communication Preferences',0x00,0x00,0x00,0x00,0x00,0x00,0x00,1,'COMMUNICATIONPREFERENCES','CONSTITUENT_CONSTITUENT_ID'),
 (616,0x00,0x00,'GETCUSTOMFIELD(CONSTITUENT_CONSTITUENT_ID, \'person\', \'emailFormat\')','Email Format',0x00,0x00,0x00,0x00,0x00,0x00,0x00,1,'EMAILFORMAT','CONSTITUENT_CONSTITUENT_ID'),
 (617,0x00,0x00,'CONSTITUENT_CREATE_DATE','Create Date',0x00,0x00,0x00,0x00,0x00,0x00,0x00,4,'CONSTITUENT_CREATE_DATE','CONSTITUENT_CONSTITUENT_ID'),
 (618,0x00,0x00,'CONSTITUENT_UPDATE_DATE','Update Date',0x00,0x00,0x00,0x00,0x00,0x00,0x00,4,'CONSTITUENT_UPDATE_DATE','CONSTITUENT_CONSTITUENT_ID'),
 (619,0x00,0x00,'CONSTITUENT_MARITAL_STATUS','Marital Status',0x00,0x00,0x00,0x00,0x00,0x00,0x00,1,'CONSTITUENT_MARITAL_STATUS','CONSTITUENT_CONSTITUENT_ID'),
 (620,0x00,0x00,'GETCUSTOMFIELD(CONSTITUENT_CONSTITUENT_ID, \'person\', \'individual.birthDate\')','Birth Date',0x00,0x00,0x00,0x00,0x00,0x00,0x00,4,'INDIVIDUAL_BIRTHDATE','CONSTITUENT_CONSTITUENT_ID'),
 (621,0x00,0x00,'GETCUSTOMFIELD(CONSTITUENT_CONSTITUENT_ID, \'person\', \'individual.deceased\')','Deceased',0x00,0x00,0x00,0x00,0x00,0x00,0x00,6,'INDIVIDUAL_DECEASED','CONSTITUENT_CONSTITUENT_ID'),
 (622,0x00,0x00,'GETCUSTOMFIELD(CONSTITUENT_CONSTITUENT_ID, \'person\', \'individual.gender\')','Gender',0x00,0x00,0x00,0x00,0x00,0x00,0x00,1,'INDIVIDUAL_GENDER','CONSTITUENT_CONSTITUENT_ID'),
 (623,0x00,0x00,'GETCUSTOMFIELD(CONSTITUENT_CONSTITUENT_ID, \'person\', \'individual.race\')','Race',0x00,0x00,0x00,0x00,0x00,0x00,0x00,1,'INDIVIDUAL_RACE','CONSTITUENT_CONSTITUENT_ID'),
 (624,0x00,0x00,'GETCUSTOMFIELD(CONSTITUENT_CONSTITUENT_ID, \'person\', \'individual.military\')','Military',0x00,0x00,0x00,0x00,0x00,0x00,0x00,1,'INDIVIDUAL_MILITARY','CONSTITUENT_CONSTITUENT_ID'),
 (625,0x00,0x00,'CONSTITUENT_SITE_NAME','Site Name',0x00,0x00,0x00,0x00,0x00,0x00,0x00,1,'CONSTITUENT_SITE_NAME','CONSTITUENT_CONSTITUENT_ID'),
 (626,0x00,0x00,'PAYMENT_HISTORY_PAYMENT_HISTORY_ID','Payment History ID',0x00,0x00,0x00,0x00,0x00,0x00,0x00,3,'PAYMENT_HISTORY_PAYMENT_HISTORY_ID','PAYMENT_HISTORY_PAYMENT_HISTORY_ID'),
 (627,0x00,0x00,'PAYMENT_HISTORY_PAYMENT_HISTORY_TYPE','Payment History Type',0x00,0x00,0x00,0x00,0x00,0x00,0x00,1,'PAYMENT_HISTORY_PAYMENT_HISTORY_TYPE','PAYMENT_HISTORY_PAYMENT_HISTORY_ID'),
 (628,0x00,0x00,'PAYMENT_HISTORY_GIFT_ID','Gift ID',0x00,0x00,0x00,0x00,0x00,0x00,0x00,3,'PAYMENT_HISTORY_GIFT_ID','PAYMENT_HISTORY_PAYMENT_HISTORY_ID'),
 (629,0x00,0x00,'PAYMENT_HISTORY_TRANSACTION_DATE','Transaction Date',0x00,0x00,0x00,0x00,0x00,0x00,0x00,4,'PAYMENT_HISTORY_TRANSACTION_DATE','PAYMENT_HISTORY_PAYMENT_HISTORY_ID'),
 (630,0x00,0x00,'PAYMENT_HISTORY_PAYMENT_TYPE','Payment Method',0x00,0x00,0x00,0x00,0x00,0x00,0x00,1,'PAYMENT_HISTORY_PAYMENT_TYPE','PAYMENT_HISTORY_PAYMENT_HISTORY_ID'),
 (631,0x00,0x00,'PAYMENT_HISTORY_AMOUNT','Amount',0x00,0x00,0x00,0x00,0x00,0x00,0x00,5,'PAYMENT_HISTORY_AMOUNT','PAYMENT_HISTORY_PAYMENT_HISTORY_ID'),
 (632,0x00,0x00,'PAYMENT_HISTORY_CURRENCY_CODE','Currency Code',0x00,0x00,0x00,0x00,0x00,0x00,0x00,1,'PAYMENT_HISTORY_CURRENCY_CODE','PAYMENT_HISTORY_PAYMENT_HISTORY_ID'),
 (633,0x00,0x00,'PAYMENT_HISTORY_PAYMENT_DESC','Description',0x00,0x00,0x00,0x00,0x00,0x00,0x00,1,'PAYMENT_HISTORY_PAYMENT_DESC','PAYMENT_HISTORY_PAYMENT_HISTORY_ID'),
 (634,0x00,0x00,'CONSTITUENT_CONSTITUENT_ID','Account Number',0x01,0x00,0x00,0x00,0x00,0x00,0x00,3,'CONSTITUENT_CONSTITUENT_ID','CONSTITUENT_CONSTITUENT_ID'),
 (635,0x00,0x00,'GETCONSTITUENTDISPLAYNAME(GETCUSTOMFIELD(CONSTITUENT_CONSTITUENT_ID, \'person\', \'accountManager\'))','Account Manager Name',0x00,0x00,0x00,0x00,0x00,0x00,0x00,1,'ACCOUNTMANAGER','CONSTITUENT_CONSTITUENT_ID'),
 (636,0x00,0x00,'GETCUSTOMFIELD(CONSTITUENT_CONSTITUENT_ID, \'person\', \'accountManager\')','Account Manager Account Number',0x00,0x00,0x00,0x00,0x00,0x00,0x00,3,'ACCOUNTMANAGERACCOUNTNUMBER','CONSTITUENT_CONSTITUENT_ID'),
 (637,0x00,0x00,'CONSTITUENT_CONSTITUENT_TYPE','Constituent Type',0x01,0x00,0x00,0x00,0x00,0x00,0x00,1,'CONSTITUENT_CONSTITUENT_TYPE','CONSTITUENT_CONSTITUENT_ID'),
 (638,0x00,0x00,'CONSTITUENT_CONSTITUENT_ROLE','Profile Type',0x00,0x00,0x00,0x00,0x00,0x00,0x00,1,'CONSTITUENT_CONSTITUENT_ROLE','CONSTITUENT_CONSTITUENT_ID'),
 (639,0x00,0x00,'CONSTITUENT_DONOR_PROFILE','Donor Profile',0x00,0x00,0x00,0x00,0x00,0x00,0x00,1,'CONSTITUENT_DONOR_PROFILE','CONSTITUENT_CONSTITUENT_ID'),
 (640,0x00,0x00,'CONSTITUENT_TITLE','Title',0x00,0x00,0x00,0x00,0x00,0x00,0x00,1,'CONSTITUENT_TITLE','CONSTITUENT_CONSTITUENT_ID'),
 (641,0x00,0x00,'CONSTITUENT_FIRST_NAME','First Name',0x01,0x00,0x00,0x00,0x00,0x00,0x00,1,'CONSTITUENT_FIRST_NAME','CONSTITUENT_CONSTITUENT_ID'),
 (642,0x00,0x00,'CONSTITUENT_MIDDLE_NAME','Middle Name',0x00,0x00,0x00,0x00,0x00,0x00,0x00,1,'CONSTITUENT_MIDDLE_NAME','CONSTITUENT_CONSTITUENT_ID'),
 (643,0x00,0x00,'CONSTITUENT_LAST_NAME','Last Name',0x01,0x00,0x00,0x00,0x00,0x00,0x00,1,'CONSTITUENT_LAST_NAME','CONSTITUENT_CONSTITUENT_ID'),
 (644,0x00,0x00,'CONSTITUENT_SUFFIX','Suffix',0x00,0x00,0x00,0x00,0x00,0x00,0x00,1,'CONSTITUENT_SUFFIX','CONSTITUENT_CONSTITUENT_ID'),
 (645,0x00,0x00,'CONSTITUENT_RECOGNITION_NAME','Recognition Name',0x00,0x00,0x00,0x00,0x00,0x00,0x00,1,'CONSTITUENT_RECOGNITION_NAME','CONSTITUENT_CONSTITUENT_ID'),
 (646,0x00,0x00,'CONSTITUENT_ORGANIZATION_NAME','Organization Name',0x00,0x00,0x00,0x00,0x00,0x00,0x00,1,'CONSTITUENT_ORGANIZATION_NAME','CONSTITUENT_CONSTITUENT_ID'),
 (647,0x00,0x00,'CONSTITUENT_LEGAL_NAME','Legal Name',0x00,0x00,0x00,0x00,0x00,0x00,0x00,1,'CONSTITUENT_LEGAL_NAME','CONSTITUENT_CONSTITUENT_ID'),
 (648,0x00,0x00,'GETCUSTOMFIELD(CONSTITUENT_CONSTITUENT_ID, \'person\', \'organization.matching\')','Matching',0x00,0x00,0x00,0x00,0x00,0x00,0x00,1,'ORGANIZATION_MATCHING','CONSTITUENT_CONSTITUENT_ID'),
 (649,0x00,0x00,'GETCUSTOMFIELD(CONSTITUENT_CONSTITUENT_ID, \'person\', \'organization.percentMatch\')','Percent Matching',0x00,0x00,0x00,0x00,0x00,0x00,0x00,3,'ORGANIZATION_PERCENTMATCH','CONSTITUENT_CONSTITUENT_ID'),
 (650,0x00,0x00,'GETCUSTOMFIELD(CONSTITUENT_CONSTITUENT_ID, \'person\', \'organization.maximumMatch\')','Maximum Match',0x00,0x00,0x00,0x00,0x00,0x00,0x00,5,'ORGANIZATION_MAXIMUMMATCH','CONSTITUENT_CONSTITUENT_ID'),
 (651,0x00,0x00,'GETCUSTOMFIELD(CONSTITUENT_CONSTITUENT_ID, \'person\', \'organization.website\')','Website',0x00,0x00,0x00,0x00,0x00,0x00,0x00,1,'ORGANIZATION_WEBSITE','CONSTITUENT_CONSTITUENT_ID'),
 (652,0x00,0x00,'GETCUSTOMFIELD(CONSTITUENT_CONSTITUENT_ID, \'person\', \'organization.taxid\')','Tax ID',0x00,0x00,0x00,0x00,0x00,0x00,0x00,1,'ORGANIZATION_TAXID','CONSTITUENT_CONSTITUENT_ID'),
 (653,0x00,0x00,'CONSTITUENT_NCAIS_CODE','NCAIS Code',0x00,0x00,0x00,0x00,0x00,0x00,0x00,1,'CONSTITUENT_NCAIS_CODE','CONSTITUENT_CONSTITUENT_ID'),
 (654,0x00,0x00,'GETCUSTOMFIELD(CONSTITUENT_CONSTITUENT_ID, \'person\', \'communicationPreferences\')','Communication Preferences',0x00,0x00,0x00,0x00,0x00,0x00,0x00,1,'COMMUNICATIONPREFERENCES','CONSTITUENT_CONSTITUENT_ID'),
 (655,0x00,0x00,'GETCUSTOMFIELD(CONSTITUENT_CONSTITUENT_ID, \'person\', \'emailFormat\')','Email Format',0x00,0x00,0x00,0x00,0x00,0x00,0x00,1,'EMAILFORMAT','CONSTITUENT_CONSTITUENT_ID'),
 (656,0x00,0x00,'CONSTITUENT_CREATE_DATE','Create Date',0x00,0x00,0x00,0x00,0x00,0x00,0x00,4,'CONSTITUENT_CREATE_DATE','CONSTITUENT_CONSTITUENT_ID'),
 (657,0x00,0x00,'CONSTITUENT_UPDATE_DATE','Update Date',0x00,0x00,0x00,0x00,0x00,0x00,0x00,4,'CONSTITUENT_UPDATE_DATE','CONSTITUENT_CONSTITUENT_ID'),
 (658,0x00,0x00,'CONSTITUENT_MARITAL_STATUS','Marital Status',0x00,0x00,0x00,0x00,0x00,0x00,0x00,1,'CONSTITUENT_MARITAL_STATUS','CONSTITUENT_CONSTITUENT_ID'),
 (659,0x00,0x00,'GETCUSTOMFIELD(CONSTITUENT_CONSTITUENT_ID, \'person\', \'individual.birthDate\')','Birth Date',0x00,0x00,0x00,0x00,0x00,0x00,0x00,4,'INDIVIDUAL_BIRTHDATE','CONSTITUENT_CONSTITUENT_ID'),
 (660,0x00,0x00,'GETCUSTOMFIELD(CONSTITUENT_CONSTITUENT_ID, \'person\', \'individual.deceased\')','Deceased',0x00,0x00,0x00,0x00,0x00,0x00,0x00,6,'INDIVIDUAL_DECEASED','CONSTITUENT_CONSTITUENT_ID'),
 (661,0x00,0x00,'GETCUSTOMFIELD(CONSTITUENT_CONSTITUENT_ID, \'person\', \'individual.gender\')','Gender',0x00,0x00,0x00,0x00,0x00,0x00,0x00,1,'INDIVIDUAL_GENDER','CONSTITUENT_CONSTITUENT_ID'),
 (662,0x00,0x00,'GETCUSTOMFIELD(CONSTITUENT_CONSTITUENT_ID, \'person\', \'individual.race\')','Race',0x00,0x00,0x00,0x00,0x00,0x00,0x00,1,'INDIVIDUAL_RACE','CONSTITUENT_CONSTITUENT_ID'),
 (663,0x00,0x00,'GETCUSTOMFIELD(CONSTITUENT_CONSTITUENT_ID, \'person\', \'individual.military\')','Military',0x00,0x00,0x00,0x00,0x00,0x00,0x00,1,'INDIVIDUAL_MILITARY','CONSTITUENT_CONSTITUENT_ID'),
 (664,0x00,0x00,'CONSTITUENT_SITE_NAME','Site Name',0x00,0x00,0x00,0x00,0x00,0x00,0x00,1,'CONSTITUENT_SITE_NAME','CONSTITUENT_CONSTITUENT_ID'),
 (665,0x00,0x00,'PAYMENT_SOURCE_PAYMENT_SOURCE_ID','Payment Method ID',0x01,0x00,0x00,0x00,0x00,0x00,0x00,3,'PAYMENT_SOURCE_PAYMENT_SOURCE_ID','PAYMENT_SOURCE_PAYMENT_SOURCE_ID'),
 (666,0x00,0x00,'GIFT_PAYMENT_SOURCE_PAYMENT_PROFILE_DESCRIPTION','Payment Profile Description',0x01,0x00,0x00,0x00,0x00,0x00,0x00,1,'GIFT_PAYMENT_SOURCE_PAYMENT_PROFILE_DESCRIPTION','PAYMENT_SOURCE_PAYMENT_SOURCE_ID'),
 (667,0x00,0x00,'GIFT_PAYMENT_SOURCE_PAYMENT_TYPE','Payment Method',0x01,0x00,0x00,0x00,0x00,0x00,0x00,1,'GIFT_PAYMENT_SOURCE_PAYMENT_TYPE','PAYMENT_SOURCE_PAYMENT_SOURCE_ID'),
 (668,0x00,0x00,'GIFT_PAYMENT_SOURCE_CREDIT_CARD_HOLDER_NAME','Credit Card Holder Name',0x00,0x00,0x00,0x00,0x00,0x00,0x00,1,'GIFT_PAYMENT_SOURCE_CREDIT_CARD_HOLDER_NAME','PAYMENT_SOURCE_PAYMENT_SOURCE_ID'),
 (669,0x00,0x00,'GIFT_PAYMENT_SOURCE_CREDIT_CARD_TYPE','Credit Card Type',0x00,0x00,0x00,0x00,0x00,0x00,0x00,1,'GIFT_PAYMENT_SOURCE_CREDIT_CARD_TYPE','PAYMENT_SOURCE_PAYMENT_SOURCE_ID'),
 (670,0x00,0x00,'GIFT_PAYMENT_SOURCE_CREDIT_CARD_EXPIRATION','Credit Card Expiration',0x00,0x00,0x00,0x00,0x00,0x00,0x00,1,'GIFT_PAYMENT_SOURCE_CREDIT_CARD_EXPIRATION','PAYMENT_SOURCE_PAYMENT_SOURCE_ID'),
 (671,0x00,0x00,'GIFT_PAYMENT_SOURCE_CREDIT_CARD_EXPIRATION_DATE','Credit Card Expiration (Date / Time)',0x00,0x00,0x00,0x00,0x00,0x00,0x00,4,'GIFT_PAYMENT_SOURCE_CREDIT_CARD_EXPIRATION_DATE','PAYMENT_SOURCE_PAYMENT_SOURCE_ID'),
 (672,0x00,0x00,'GIFT_PAYMENT_SOURCE_ACH_HOLDER_NAME','ACH Holder Name',0x00,0x00,0x00,0x00,0x00,0x00,0x00,1,'GIFT_PAYMENT_SOURCE_ACH_HOLDER_NAME','PAYMENT_SOURCE_PAYMENT_SOURCE_ID'),
 (673,0x00,0x00,'GIFT_PAYMENT_SOURCE_ACH_ROUTING_NUMBER','ACH Routing Number',0x00,0x00,0x00,0x00,0x00,0x00,0x00,1,'GIFT_PAYMENT_SOURCE_ACH_ROUTING_NUMBER','PAYMENT_SOURCE_PAYMENT_SOURCE_ID'),
 (674,0x00,0x00,'GIFT_PAYMENT_ADDRESS_ADDRESS_LINE_1','Address Line 1',0x00,0x00,0x00,0x00,0x00,0x00,0x00,1,'GIFT_PAYMENT_ADDRESS_ADDRESS_LINE_1','PAYMENT_SOURCE_PAYMENT_SOURCE_ID'),
 (675,0x00,0x00,'GIFT_PAYMENT_ADDRESS_ADDRESS_LINE_2','Address Line 2',0x00,0x00,0x00,0x00,0x00,0x00,0x00,1,'GIFT_PAYMENT_ADDRESS_ADDRESS_LINE_2','PAYMENT_SOURCE_PAYMENT_SOURCE_ID'),
 (676,0x00,0x00,'GIFT_PAYMENT_ADDRESS_ADDRESS_LINE_3','Address Line 3',0x00,0x00,0x00,0x00,0x00,0x00,0x00,1,'GIFT_PAYMENT_ADDRESS_ADDRESS_LINE_3','PAYMENT_SOURCE_PAYMENT_SOURCE_ID'),
 (677,0x00,0x00,'GIFT_PAYMENT_ADDRESS_CITY','City',0x00,0x00,0x00,0x00,0x00,0x00,0x00,1,'GIFT_PAYMENT_ADDRESS_CITY','PAYMENT_SOURCE_PAYMENT_SOURCE_ID'),
 (678,0x00,0x00,'GIFT_PAYMENT_ADDRESS_STATE_PROVINCE','State/Province',0x00,0x00,0x00,0x00,0x00,0x00,0x00,1,'GIFT_PAYMENT_ADDRESS_STATE_PROVINCE','PAYMENT_SOURCE_PAYMENT_SOURCE_ID'),
 (679,0x00,0x00,'GIFT_PAYMENT_ADDRESS_POSTAL_CODE','Zip/Postal Code',0x00,0x00,0x00,0x00,0x00,0x00,0x00,1,'GIFT_PAYMENT_ADDRESS_POSTAL_CODE','PAYMENT_SOURCE_PAYMENT_SOURCE_ID'),
 (680,0x00,0x00,'GIFT_PAYMENT_ADDRESS_COUNTRY','Country',0x00,0x00,0x00,0x00,0x00,0x00,0x00,1,'GIFT_PAYMENT_ADDRESS_COUNTRY','PAYMENT_SOURCE_PAYMENT_SOURCE_ID'),
 (681,0x00,0x00,'GIFT_PAYMENT_PHONE_NUMBER','Phone Number',0x00,0x00,0x00,0x00,0x00,0x00,0x00,1,'GIFT_PAYMENT_PHONE_NUMBER','PAYMENT_SOURCE_PAYMENT_SOURCE_ID'),
 (682,0x00,0x00,'CONSTITUENT_CONSTITUENT_ID','Account Number',0x01,0x00,0x00,0x00,0x00,0x00,0x00,3,'CONSTITUENT_CONSTITUENT_ID','CONSTITUENT_CONSTITUENT_ID'),
 (683,0x00,0x00,'GETCONSTITUENTDISPLAYNAME(GETCUSTOMFIELD(CONSTITUENT_CONSTITUENT_ID, \'person\', \'accountManager\'))','Account Manager Name',0x00,0x00,0x00,0x00,0x00,0x00,0x00,1,'ACCOUNTMANAGER','CONSTITUENT_CONSTITUENT_ID'),
 (684,0x00,0x00,'GETCUSTOMFIELD(CONSTITUENT_CONSTITUENT_ID, \'person\', \'accountManager\')','Account Manager Account Number',0x00,0x00,0x00,0x00,0x00,0x00,0x00,3,'ACCOUNTMANAGERACCOUNTNUMBER','CONSTITUENT_CONSTITUENT_ID'),
 (685,0x00,0x00,'CONSTITUENT_CONSTITUENT_TYPE','Constituent Type',0x01,0x00,0x00,0x00,0x00,0x00,0x00,1,'CONSTITUENT_CONSTITUENT_TYPE','CONSTITUENT_CONSTITUENT_ID'),
 (686,0x00,0x00,'CONSTITUENT_CONSTITUENT_ROLE','Profile Type',0x00,0x00,0x00,0x00,0x00,0x00,0x00,1,'CONSTITUENT_CONSTITUENT_ROLE','CONSTITUENT_CONSTITUENT_ID'),
 (687,0x00,0x00,'CONSTITUENT_DONOR_PROFILE','Donor Profile',0x00,0x00,0x00,0x00,0x00,0x00,0x00,1,'CONSTITUENT_DONOR_PROFILE','CONSTITUENT_CONSTITUENT_ID'),
 (688,0x00,0x00,'CONSTITUENT_TITLE','Title',0x00,0x00,0x00,0x00,0x00,0x00,0x00,1,'CONSTITUENT_TITLE','CONSTITUENT_CONSTITUENT_ID'),
 (689,0x00,0x00,'CONSTITUENT_FIRST_NAME','First Name',0x01,0x00,0x00,0x00,0x00,0x00,0x00,1,'CONSTITUENT_FIRST_NAME','CONSTITUENT_CONSTITUENT_ID'),
 (690,0x00,0x00,'CONSTITUENT_MIDDLE_NAME','Middle Name',0x00,0x00,0x00,0x00,0x00,0x00,0x00,1,'CONSTITUENT_MIDDLE_NAME','CONSTITUENT_CONSTITUENT_ID'),
 (691,0x00,0x00,'CONSTITUENT_LAST_NAME','Last Name',0x01,0x00,0x00,0x00,0x00,0x00,0x00,1,'CONSTITUENT_LAST_NAME','CONSTITUENT_CONSTITUENT_ID'),
 (692,0x00,0x00,'CONSTITUENT_SUFFIX','Suffix',0x00,0x00,0x00,0x00,0x00,0x00,0x00,1,'CONSTITUENT_SUFFIX','CONSTITUENT_CONSTITUENT_ID'),
 (693,0x00,0x00,'CONSTITUENT_RECOGNITION_NAME','Recognition Name',0x00,0x00,0x00,0x00,0x00,0x00,0x00,1,'CONSTITUENT_RECOGNITION_NAME','CONSTITUENT_CONSTITUENT_ID'),
 (694,0x00,0x00,'CONSTITUENT_ORGANIZATION_NAME','Organization Name',0x00,0x00,0x00,0x00,0x00,0x00,0x00,1,'CONSTITUENT_ORGANIZATION_NAME','CONSTITUENT_CONSTITUENT_ID'),
 (695,0x00,0x00,'CONSTITUENT_LEGAL_NAME','Legal Name',0x00,0x00,0x00,0x00,0x00,0x00,0x00,1,'CONSTITUENT_LEGAL_NAME','CONSTITUENT_CONSTITUENT_ID'),
 (696,0x00,0x00,'GETCUSTOMFIELD(CONSTITUENT_CONSTITUENT_ID, \'person\', \'organization.matching\')','Matching',0x00,0x00,0x00,0x00,0x00,0x00,0x00,1,'ORGANIZATION_MATCHING','CONSTITUENT_CONSTITUENT_ID'),
 (697,0x00,0x00,'GETCUSTOMFIELD(CONSTITUENT_CONSTITUENT_ID, \'person\', \'organization.percentMatch\')','Percent Matching',0x00,0x00,0x00,0x00,0x00,0x00,0x00,3,'ORGANIZATION_PERCENTMATCH','CONSTITUENT_CONSTITUENT_ID'),
 (698,0x00,0x00,'GETCUSTOMFIELD(CONSTITUENT_CONSTITUENT_ID, \'person\', \'organization.maximumMatch\')','Maximum Match',0x00,0x00,0x00,0x00,0x00,0x00,0x00,5,'ORGANIZATION_MAXIMUMMATCH','CONSTITUENT_CONSTITUENT_ID'),
 (699,0x00,0x00,'GETCUSTOMFIELD(CONSTITUENT_CONSTITUENT_ID, \'person\', \'organization.website\')','Website',0x00,0x00,0x00,0x00,0x00,0x00,0x00,1,'ORGANIZATION_WEBSITE','CONSTITUENT_CONSTITUENT_ID'),
 (700,0x00,0x00,'GETCUSTOMFIELD(CONSTITUENT_CONSTITUENT_ID, \'person\', \'organization.taxid\')','Tax ID',0x00,0x00,0x00,0x00,0x00,0x00,0x00,1,'ORGANIZATION_TAXID','CONSTITUENT_CONSTITUENT_ID'),
 (701,0x00,0x00,'CONSTITUENT_NCAIS_CODE','NCAIS Code',0x00,0x00,0x00,0x00,0x00,0x00,0x00,1,'CONSTITUENT_NCAIS_CODE','CONSTITUENT_CONSTITUENT_ID'),
 (702,0x00,0x00,'GETCUSTOMFIELD(CONSTITUENT_CONSTITUENT_ID, \'person\', \'communicationPreferences\')','Communication Preferences',0x00,0x00,0x00,0x00,0x00,0x00,0x00,1,'COMMUNICATIONPREFERENCES','CONSTITUENT_CONSTITUENT_ID'),
 (703,0x00,0x00,'GETCUSTOMFIELD(CONSTITUENT_CONSTITUENT_ID, \'person\', \'emailFormat\')','Email Format',0x00,0x00,0x00,0x00,0x00,0x00,0x00,1,'EMAILFORMAT','CONSTITUENT_CONSTITUENT_ID'),
 (704,0x00,0x00,'CONSTITUENT_CREATE_DATE','Create Date',0x00,0x00,0x00,0x00,0x00,0x00,0x00,4,'CONSTITUENT_CREATE_DATE','CONSTITUENT_CONSTITUENT_ID'),
 (705,0x00,0x00,'CONSTITUENT_UPDATE_DATE','Update Date',0x00,0x00,0x00,0x00,0x00,0x00,0x00,4,'CONSTITUENT_UPDATE_DATE','CONSTITUENT_CONSTITUENT_ID'),
 (706,0x00,0x00,'CONSTITUENT_MARITAL_STATUS','Marital Status',0x00,0x00,0x00,0x00,0x00,0x00,0x00,1,'CONSTITUENT_MARITAL_STATUS','CONSTITUENT_CONSTITUENT_ID'),
 (707,0x00,0x00,'GETCUSTOMFIELD(CONSTITUENT_CONSTITUENT_ID, \'person\', \'individual.birthDate\')','Birth Date',0x00,0x00,0x00,0x00,0x00,0x00,0x00,4,'INDIVIDUAL_BIRTHDATE','CONSTITUENT_CONSTITUENT_ID'),
 (708,0x00,0x00,'GETCUSTOMFIELD(CONSTITUENT_CONSTITUENT_ID, \'person\', \'individual.deceased\')','Deceased',0x00,0x00,0x00,0x00,0x00,0x00,0x00,6,'INDIVIDUAL_DECEASED','CONSTITUENT_CONSTITUENT_ID'),
 (709,0x00,0x00,'GETCUSTOMFIELD(CONSTITUENT_CONSTITUENT_ID, \'person\', \'individual.gender\')','Gender',0x00,0x00,0x00,0x00,0x00,0x00,0x00,1,'INDIVIDUAL_GENDER','CONSTITUENT_CONSTITUENT_ID'),
 (710,0x00,0x00,'GETCUSTOMFIELD(CONSTITUENT_CONSTITUENT_ID, \'person\', \'individual.race\')','Race',0x00,0x00,0x00,0x00,0x00,0x00,0x00,1,'INDIVIDUAL_RACE','CONSTITUENT_CONSTITUENT_ID'),
 (711,0x00,0x00,'GETCUSTOMFIELD(CONSTITUENT_CONSTITUENT_ID, \'person\', \'individual.military\')','Military',0x00,0x00,0x00,0x00,0x00,0x00,0x00,1,'INDIVIDUAL_MILITARY','CONSTITUENT_CONSTITUENT_ID'),
 (712,0x00,0x00,'CONSTITUENT_SITE_NAME','Site Name',0x00,0x00,0x00,0x00,0x00,0x00,0x00,1,'CONSTITUENT_SITE_NAME','CONSTITUENT_CONSTITUENT_ID'),
 (713,0x00,0x00,'COMMITMENT_COMMITMENT_ID','Pledge ID',0x01,0x00,0x00,0x00,0x00,0x00,0x00,3,'COMMITMENT_COMMITMENT_ID','COMMITMENT_COMMITMENT_ID'),
 (714,0x00,0x00,'COMMITMENT_AMOUNT_PER_GIFT','Amount Per Gift',0x00,0x00,0x00,0x00,0x00,0x00,0x00,5,'COMMITMENT_AMOUNT_PER_GIFT','COMMITMENT_COMMITMENT_ID'),
 (715,0x00,0x00,'COMMITMENT_AMOUNT_TOTAL','Amount Total',0x00,0x00,0x00,0x00,0x00,0x00,0x00,5,'COMMITMENT_AMOUNT_TOTAL','COMMITMENT_COMMITMENT_ID'),
 (716,0x00,0x00,'COMMITMENT_CURRENCY_CODE','Currency Code',0x00,0x00,0x00,0x00,0x00,0x00,0x00,1,'COMMITMENT_CURRENCY_CODE','COMMITMENT_COMMITMENT_ID'),
 (717,0x00,0x00,'COMMITMENT_STATUS','Status',0x00,0x00,0x00,0x00,0x00,0x00,0x00,1,'COMMITMENT_STATUS','COMMITMENT_COMMITMENT_ID'),
 (718,0x00,0x00,'COMMITMENT_FREQUENCY','Frequency',0x00,0x00,0x00,0x00,0x00,0x00,0x00,1,'COMMITMENT_FREQUENCY','COMMITMENT_COMMITMENT_ID'),
 (719,0x00,0x00,'COMMITMENT_PLEDGE_DATE','Pledge Date',0x00,0x00,0x00,0x00,0x00,0x00,0x00,4,'COMMITMENT_PLEDGE_DATE','COMMITMENT_COMMITMENT_ID'),
 (720,0x00,0x00,'COMMITMENT_PROJECTED_DATE','Projected Date',0x00,0x00,0x00,0x00,0x00,0x00,0x00,4,'COMMITMENT_PROJECTED_DATE','COMMITMENT_COMMITMENT_ID'),
 (721,0x00,0x00,'COMMITMENT_START_DATE','Start Date',0x00,0x00,0x00,0x00,0x00,0x00,0x00,4,'COMMITMENT_START_DATE','COMMITMENT_COMMITMENT_ID'),
 (722,0x00,0x00,'COMMITMENT_END_DATE','End Date',0x00,0x00,0x00,0x00,0x00,0x00,0x00,4,'COMMITMENT_END_DATE','COMMITMENT_COMMITMENT_ID'),
 (723,0x00,0x00,'COMMITMENT_COMMENTS','Comments',0x00,0x00,0x00,0x00,0x00,0x00,0x00,1,'COMMITMENT_COMMENTS','COMMITMENT_COMMITMENT_ID'),
 (724,0x00,0x00,'COMMITMENT_ACKNOWLEDGEMENT_EMAIL_EMAIL_ADDRESS','Receipt Email',0x00,0x00,0x00,0x00,0x00,0x00,0x00,1,'COMMITMENT_ACKNOWLEDGEMENT_EMAIL_EMAIL_ADDRESS','COMMITMENT_COMMITMENT_ID'),
 (725,0x00,0x00,'COMMITMENT_SEND_ACKNOWLEDGMENT','Send Acknowledgment',0x00,0x00,0x00,0x00,0x00,0x00,0x00,6,'COMMITMENT_SEND_ACKNOWLEDGMENT','COMMITMENT_COMMITMENT_ID'),
 (726,0x00,0x00,'COMMITMENT_ACKNOWLEDGMENT_DATE','Acknowledgment Date',0x00,0x00,0x00,0x00,0x00,0x00,0x00,4,'COMMITMENT_ACKNOWLEDGMENT_DATE','COMMITMENT_COMMITMENT_ID'),
 (727,0x00,0x00,'COMMITMENT_ACKNOWLEDGEMENT_EMAIL_EMAIL_ADDRESS','Receipt Email',0x00,0x00,0x00,0x00,0x00,0x00,0x00,1,'COMMITMENT_ACKNOWLEDGEMENT_EMAIL_EMAIL_ADDRESS','COMMITMENT_COMMITMENT_ID'),
 (728,0x00,0x00,'COMMITMENT_SEND_ACKNOWLEDGMENT','Send Acknowledgment',0x00,0x00,0x00,0x00,0x00,0x00,0x00,6,'COMMITMENT_SEND_ACKNOWLEDGMENT','COMMITMENT_COMMITMENT_ID'),
 (729,0x00,0x00,'COMMITMENT_ACKNOWLEDGMENT_DATE','Acknowledgment Date',0x00,0x00,0x00,0x00,0x00,0x00,0x00,4,'COMMITMENT_ACKNOWLEDGMENT_DATE','COMMITMENT_COMMITMENT_ID'),
 (730,0x00,0x00,'CONSTITUENT_CONSTITUENT_ID','Account Number',0x01,0x00,0x00,0x00,0x00,0x00,0x00,3,'CONSTITUENT_CONSTITUENT_ID','CONSTITUENT_CONSTITUENT_ID'),
 (731,0x00,0x00,'GETCONSTITUENTDISPLAYNAME(GETCUSTOMFIELD(CONSTITUENT_CONSTITUENT_ID, \'person\', \'accountManager\'))','Account Manager Name',0x00,0x00,0x00,0x00,0x00,0x00,0x00,1,'ACCOUNTMANAGER','CONSTITUENT_CONSTITUENT_ID'),
 (732,0x00,0x00,'GETCUSTOMFIELD(CONSTITUENT_CONSTITUENT_ID, \'person\', \'accountManager\')','Account Manager Account Number',0x00,0x00,0x00,0x00,0x00,0x00,0x00,3,'ACCOUNTMANAGERACCOUNTNUMBER','CONSTITUENT_CONSTITUENT_ID'),
 (733,0x00,0x00,'CONSTITUENT_CONSTITUENT_TYPE','Constituent Type',0x01,0x00,0x00,0x00,0x00,0x00,0x00,1,'CONSTITUENT_CONSTITUENT_TYPE','CONSTITUENT_CONSTITUENT_ID'),
 (734,0x00,0x00,'CONSTITUENT_CONSTITUENT_ROLE','Profile Type',0x00,0x00,0x00,0x00,0x00,0x00,0x00,1,'CONSTITUENT_CONSTITUENT_ROLE','CONSTITUENT_CONSTITUENT_ID'),
 (735,0x00,0x00,'CONSTITUENT_DONOR_PROFILE','Donor Profile',0x00,0x00,0x00,0x00,0x00,0x00,0x00,1,'CONSTITUENT_DONOR_PROFILE','CONSTITUENT_CONSTITUENT_ID'),
 (736,0x00,0x00,'CONSTITUENT_TITLE','Title',0x00,0x00,0x00,0x00,0x00,0x00,0x00,1,'CONSTITUENT_TITLE','CONSTITUENT_CONSTITUENT_ID'),
 (737,0x00,0x00,'CONSTITUENT_FIRST_NAME','First Name',0x01,0x00,0x00,0x00,0x00,0x00,0x00,1,'CONSTITUENT_FIRST_NAME','CONSTITUENT_CONSTITUENT_ID'),
 (738,0x00,0x00,'CONSTITUENT_MIDDLE_NAME','Middle Name',0x00,0x00,0x00,0x00,0x00,0x00,0x00,1,'CONSTITUENT_MIDDLE_NAME','CONSTITUENT_CONSTITUENT_ID'),
 (739,0x00,0x00,'CONSTITUENT_LAST_NAME','Last Name',0x01,0x00,0x00,0x00,0x00,0x00,0x00,1,'CONSTITUENT_LAST_NAME','CONSTITUENT_CONSTITUENT_ID'),
 (740,0x00,0x00,'CONSTITUENT_SUFFIX','Suffix',0x00,0x00,0x00,0x00,0x00,0x00,0x00,1,'CONSTITUENT_SUFFIX','CONSTITUENT_CONSTITUENT_ID'),
 (741,0x00,0x00,'CONSTITUENT_RECOGNITION_NAME','Recognition Name',0x00,0x00,0x00,0x00,0x00,0x00,0x00,1,'CONSTITUENT_RECOGNITION_NAME','CONSTITUENT_CONSTITUENT_ID'),
 (742,0x00,0x00,'CONSTITUENT_ORGANIZATION_NAME','Organization Name',0x00,0x00,0x00,0x00,0x00,0x00,0x00,1,'CONSTITUENT_ORGANIZATION_NAME','CONSTITUENT_CONSTITUENT_ID'),
 (743,0x00,0x00,'CONSTITUENT_LEGAL_NAME','Legal Name',0x00,0x00,0x00,0x00,0x00,0x00,0x00,1,'CONSTITUENT_LEGAL_NAME','CONSTITUENT_CONSTITUENT_ID'),
 (744,0x00,0x00,'GETCUSTOMFIELD(CONSTITUENT_CONSTITUENT_ID, \'person\', \'organization.matching\')','Matching',0x00,0x00,0x00,0x00,0x00,0x00,0x00,1,'ORGANIZATION_MATCHING','CONSTITUENT_CONSTITUENT_ID'),
 (745,0x00,0x00,'GETCUSTOMFIELD(CONSTITUENT_CONSTITUENT_ID, \'person\', \'organization.percentMatch\')','Percent Matching',0x00,0x00,0x00,0x00,0x00,0x00,0x00,3,'ORGANIZATION_PERCENTMATCH','CONSTITUENT_CONSTITUENT_ID'),
 (746,0x00,0x00,'GETCUSTOMFIELD(CONSTITUENT_CONSTITUENT_ID, \'person\', \'organization.maximumMatch\')','Maximum Match',0x00,0x00,0x00,0x00,0x00,0x00,0x00,5,'ORGANIZATION_MAXIMUMMATCH','CONSTITUENT_CONSTITUENT_ID'),
 (747,0x00,0x00,'GETCUSTOMFIELD(CONSTITUENT_CONSTITUENT_ID, \'person\', \'organization.website\')','Website',0x00,0x00,0x00,0x00,0x00,0x00,0x00,1,'ORGANIZATION_WEBSITE','CONSTITUENT_CONSTITUENT_ID'),
 (748,0x00,0x00,'GETCUSTOMFIELD(CONSTITUENT_CONSTITUENT_ID, \'person\', \'organization.taxid\')','Tax ID',0x00,0x00,0x00,0x00,0x00,0x00,0x00,1,'ORGANIZATION_TAXID','CONSTITUENT_CONSTITUENT_ID'),
 (749,0x00,0x00,'CONSTITUENT_NCAIS_CODE','NCAIS Code',0x00,0x00,0x00,0x00,0x00,0x00,0x00,1,'CONSTITUENT_NCAIS_CODE','CONSTITUENT_CONSTITUENT_ID'),
 (750,0x00,0x00,'GETCUSTOMFIELD(CONSTITUENT_CONSTITUENT_ID, \'person\', \'communicationPreferences\')','Communication Preferences',0x00,0x00,0x00,0x00,0x00,0x00,0x00,1,'COMMUNICATIONPREFERENCES','CONSTITUENT_CONSTITUENT_ID'),
 (751,0x00,0x00,'GETCUSTOMFIELD(CONSTITUENT_CONSTITUENT_ID, \'person\', \'emailFormat\')','Email Format',0x00,0x00,0x00,0x00,0x00,0x00,0x00,1,'EMAILFORMAT','CONSTITUENT_CONSTITUENT_ID'),
 (752,0x00,0x00,'CONSTITUENT_CREATE_DATE','Create Date',0x00,0x00,0x00,0x00,0x00,0x00,0x00,4,'CONSTITUENT_CREATE_DATE','CONSTITUENT_CONSTITUENT_ID'),
 (753,0x00,0x00,'CONSTITUENT_UPDATE_DATE','Update Date',0x00,0x00,0x00,0x00,0x00,0x00,0x00,4,'CONSTITUENT_UPDATE_DATE','CONSTITUENT_CONSTITUENT_ID'),
 (754,0x00,0x00,'CONSTITUENT_MARITAL_STATUS','Marital Status',0x00,0x00,0x00,0x00,0x00,0x00,0x00,1,'CONSTITUENT_MARITAL_STATUS','CONSTITUENT_CONSTITUENT_ID'),
 (755,0x00,0x00,'GETCUSTOMFIELD(CONSTITUENT_CONSTITUENT_ID, \'person\', \'individual.birthDate\')','Birth Date',0x00,0x00,0x00,0x00,0x00,0x00,0x00,4,'INDIVIDUAL_BIRTHDATE','CONSTITUENT_CONSTITUENT_ID'),
 (756,0x00,0x00,'GETCUSTOMFIELD(CONSTITUENT_CONSTITUENT_ID, \'person\', \'individual.deceased\')','Deceased',0x00,0x00,0x00,0x00,0x00,0x00,0x00,6,'INDIVIDUAL_DECEASED','CONSTITUENT_CONSTITUENT_ID'),
 (757,0x00,0x00,'GETCUSTOMFIELD(CONSTITUENT_CONSTITUENT_ID, \'person\', \'individual.gender\')','Gender',0x00,0x00,0x00,0x00,0x00,0x00,0x00,1,'INDIVIDUAL_GENDER','CONSTITUENT_CONSTITUENT_ID');
INSERT INTO `REPORTFIELD` (`REPORTFIELD_ID`,`AVERAGE`,`CAN_BE_SUMMARIZED`,`COLUMN_NAME`,`DISPLAY_NAME`,`IS_DEFAULT`,`IS_SUMMARIZED`,`LARGEST_VALUE`,`PERFORMSUMMARY`,`RECORD_COUNT`,`IS_SELECTED`,`SMALLEST_VALUE`,`FIELD_TYPE`,`ALIAS_NAME`,`PRIMARY_KEYS`) VALUES 
 (758,0x00,0x00,'GETCUSTOMFIELD(CONSTITUENT_CONSTITUENT_ID, \'person\', \'individual.race\')','Race',0x00,0x00,0x00,0x00,0x00,0x00,0x00,1,'INDIVIDUAL_RACE','CONSTITUENT_CONSTITUENT_ID'),
 (759,0x00,0x00,'GETCUSTOMFIELD(CONSTITUENT_CONSTITUENT_ID, \'person\', \'individual.military\')','Military',0x00,0x00,0x00,0x00,0x00,0x00,0x00,1,'INDIVIDUAL_MILITARY','CONSTITUENT_CONSTITUENT_ID'),
 (760,0x00,0x00,'CONSTITUENT_SITE_NAME','Site Name',0x00,0x00,0x00,0x00,0x00,0x00,0x00,1,'CONSTITUENT_SITE_NAME','CONSTITUENT_CONSTITUENT_ID'),
 (761,0x00,0x00,'COMMITMENT_COMMITMENT_ID','Pledge ID',0x01,0x00,0x00,0x00,0x00,0x00,0x00,3,'COMMITMENT_COMMITMENT_ID','COMMITMENT_COMMITMENT_ID'),
 (762,0x00,0x00,'COMMITMENT_CONSTITUENT_ID','Account Number',0x01,0x00,0x00,0x00,0x00,0x00,0x00,3,'COMMITMENT_CONSTITUENT_ID','COMMITMENT_COMMITMENT_ID'),
 (763,0x00,0x00,'COMMITMENT_AMOUNT_PER_GIFT','Amount Per Gift',0x00,0x00,0x00,0x00,0x00,0x00,0x00,5,'COMMITMENT_AMOUNT_PER_GIFT','COMMITMENT_COMMITMENT_ID'),
 (764,0x00,0x00,'COMMITMENT_AMOUNT_TOTAL','Amount Total',0x00,0x00,0x00,0x00,0x00,0x00,0x00,5,'COMMITMENT_AMOUNT_TOTAL','COMMITMENT_COMMITMENT_ID'),
 (765,0x00,0x00,'COMMITMENT_CURRENCY_CODE','Currency Code',0x00,0x00,0x00,0x00,0x00,0x00,0x00,1,'COMMITMENT_CURRENCY_CODE','COMMITMENT_COMMITMENT_ID'),
 (766,0x00,0x00,'COMMITMENT_STATUS','Status',0x00,0x00,0x00,0x00,0x00,0x00,0x00,1,'COMMITMENT_STATUS','COMMITMENT_COMMITMENT_ID'),
 (767,0x00,0x00,'COMMITMENT_FREQUENCY','Frequency',0x00,0x00,0x00,0x00,0x00,0x00,0x00,1,'COMMITMENT_FREQUENCY','COMMITMENT_COMMITMENT_ID'),
 (768,0x00,0x00,'COMMITMENT_PLEDGE_DATE','Pledge Date',0x00,0x00,0x00,0x00,0x00,0x00,0x00,4,'COMMITMENT_PLEDGE_DATE','COMMITMENT_COMMITMENT_ID'),
 (769,0x00,0x00,'COMMITMENT_PROJECTED_DATE','Projected Date',0x00,0x00,0x00,0x00,0x00,0x00,0x00,4,'COMMITMENT_PROJECTED_DATE','COMMITMENT_COMMITMENT_ID'),
 (770,0x00,0x00,'COMMITMENT_START_DATE','Start Date',0x00,0x00,0x00,0x00,0x00,0x00,0x00,4,'COMMITMENT_START_DATE','COMMITMENT_COMMITMENT_ID'),
 (771,0x00,0x00,'COMMITMENT_END_DATE','End Date',0x00,0x00,0x00,0x00,0x00,0x00,0x00,4,'COMMITMENT_END_DATE','COMMITMENT_COMMITMENT_ID'),
 (772,0x00,0x00,'COMMITMENT_COMMENTS','Comments',0x00,0x00,0x00,0x00,0x00,0x00,0x00,1,'COMMITMENT_COMMENTS','COMMITMENT_COMMITMENT_ID'),
 (773,0x00,0x00,'COMMITMENT_ACKNOWLEDGEMENT_EMAIL_EMAIL_ADDRESS','Receipt Email',0x00,0x00,0x00,0x00,0x00,0x00,0x00,1,'COMMITMENT_ACKNOWLEDGEMENT_EMAIL_EMAIL_ADDRESS','COMMITMENT_COMMITMENT_ID'),
 (774,0x00,0x00,'COMMITMENT_SEND_ACKNOWLEDGMENT','Send Acknowledgment',0x00,0x00,0x00,0x00,0x00,0x00,0x00,6,'COMMITMENT_SEND_ACKNOWLEDGMENT','COMMITMENT_COMMITMENT_ID'),
 (775,0x00,0x00,'COMMITMENT_ACKNOWLEDGMENT_DATE','Acknowledgment Date',0x00,0x00,0x00,0x00,0x00,0x00,0x00,4,'COMMITMENT_ACKNOWLEDGMENT_DATE','COMMITMENT_COMMITMENT_ID'),
 (776,0x00,0x00,'COMMITMENT_ACKNOWLEDGEMENT_EMAIL_EMAIL_ADDRESS','Receipt Email',0x00,0x00,0x00,0x00,0x00,0x00,0x00,1,'COMMITMENT_ACKNOWLEDGEMENT_EMAIL_EMAIL_ADDRESS','COMMITMENT_COMMITMENT_ID'),
 (777,0x00,0x00,'COMMITMENT_SEND_ACKNOWLEDGMENT','Send Acknowledgment',0x00,0x00,0x00,0x00,0x00,0x00,0x00,6,'COMMITMENT_SEND_ACKNOWLEDGMENT','COMMITMENT_COMMITMENT_ID'),
 (778,0x00,0x00,'COMMITMENT_ACKNOWLEDGMENT_DATE','Acknowledgment Date',0x00,0x00,0x00,0x00,0x00,0x00,0x00,4,'COMMITMENT_ACKNOWLEDGMENT_DATE','COMMITMENT_COMMITMENT_ID'),
 (779,0x00,0x00,'DISTRO_LINE_DISTRO_LINE_ID','Pledge Distribution Reference Number',0x01,0x00,0x00,0x00,0x00,0x00,0x00,3,'DISTRO_LINE_DISTRO_LINE_ID','DISTRO_LINE_DISTRO_LINE_ID'),
 (780,0x00,0x00,'DISTRO_LINE_AMOUNT','Pledge Distribution Amount',0x01,0x00,0x00,0x00,0x00,0x00,0x00,5,'DISTRO_LINE_AMOUNT','DISTRO_LINE_DISTRO_LINE_ID'),
 (781,0x00,0x00,'DISTRO_LINE_PERCENTAGE','Percentage',0x00,0x00,0x00,0x00,0x00,0x00,0x00,3,'DISTRO_LINE_PERCENTAGE','DISTRO_LINE_DISTRO_LINE_ID'),
 (782,0x00,0x00,'DISTRO_LINE_PROJECT_CODE','Designation',0x00,0x00,0x00,0x00,0x00,0x00,0x00,1,'DISTRO_LINE_PROJECT_CODE','DISTRO_LINE_DISTRO_LINE_ID'),
 (783,0x00,0x00,'DISTRO_LINE_PROJECT_CODE_DESCRIPTION','Designation Description',0x00,0x00,0x00,0x00,0x00,0x00,0x00,1,'DISTRO_LINE_PROJECT_CODE_DESCRIPTION','DISTRO_LINE_DISTRO_LINE_ID'),
 (784,0x00,0x00,'DISTRO_LINE_MOTIVATION_CODE','Motivation',0x00,0x00,0x00,0x00,0x00,0x00,0x00,1,'DISTRO_LINE_MOTIVATION_CODE','DISTRO_LINE_DISTRO_LINE_ID'),
 (785,0x00,0x00,'DISTRO_LINE_MOTIVATION_CODE_DESCRIPTION','Motivation Description',0x00,0x00,0x00,0x00,0x00,0x00,0x00,1,'DISTRO_LINE_MOTIVATION_CODE_DESCRIPTION','DISTRO_LINE_DISTRO_LINE_ID'),
 (786,0x00,0x00,'CONSTITUENT_CONSTITUENT_ID','Account Number',0x01,0x00,0x00,0x00,0x00,0x00,0x00,3,'CONSTITUENT_CONSTITUENT_ID','CONSTITUENT_CONSTITUENT_ID'),
 (787,0x00,0x00,'GETCONSTITUENTDISPLAYNAME(GETCUSTOMFIELD(CONSTITUENT_CONSTITUENT_ID, \'person\', \'accountManager\'))','Account Manager Name',0x00,0x00,0x00,0x00,0x00,0x00,0x00,1,'ACCOUNTMANAGER','CONSTITUENT_CONSTITUENT_ID'),
 (788,0x00,0x00,'GETCUSTOMFIELD(CONSTITUENT_CONSTITUENT_ID, \'person\', \'accountManager\')','Account Manager Account Number',0x00,0x00,0x00,0x00,0x00,0x00,0x00,3,'ACCOUNTMANAGERACCOUNTNUMBER','CONSTITUENT_CONSTITUENT_ID'),
 (789,0x00,0x00,'CONSTITUENT_CONSTITUENT_TYPE','Constituent Type',0x01,0x00,0x00,0x00,0x00,0x00,0x00,1,'CONSTITUENT_CONSTITUENT_TYPE','CONSTITUENT_CONSTITUENT_ID'),
 (790,0x00,0x00,'CONSTITUENT_CONSTITUENT_ROLE','Profile Type',0x00,0x00,0x00,0x00,0x00,0x00,0x00,1,'CONSTITUENT_CONSTITUENT_ROLE','CONSTITUENT_CONSTITUENT_ID'),
 (791,0x00,0x00,'CONSTITUENT_DONOR_PROFILE','Donor Profile',0x00,0x00,0x00,0x00,0x00,0x00,0x00,1,'CONSTITUENT_DONOR_PROFILE','CONSTITUENT_CONSTITUENT_ID'),
 (792,0x00,0x00,'CONSTITUENT_TITLE','Title',0x00,0x00,0x00,0x00,0x00,0x00,0x00,1,'CONSTITUENT_TITLE','CONSTITUENT_CONSTITUENT_ID'),
 (793,0x00,0x00,'CONSTITUENT_FIRST_NAME','First Name',0x01,0x00,0x00,0x00,0x00,0x00,0x00,1,'CONSTITUENT_FIRST_NAME','CONSTITUENT_CONSTITUENT_ID'),
 (794,0x00,0x00,'CONSTITUENT_MIDDLE_NAME','Middle Name',0x00,0x00,0x00,0x00,0x00,0x00,0x00,1,'CONSTITUENT_MIDDLE_NAME','CONSTITUENT_CONSTITUENT_ID'),
 (795,0x00,0x00,'CONSTITUENT_LAST_NAME','Last Name',0x01,0x00,0x00,0x00,0x00,0x00,0x00,1,'CONSTITUENT_LAST_NAME','CONSTITUENT_CONSTITUENT_ID'),
 (796,0x00,0x00,'CONSTITUENT_SUFFIX','Suffix',0x00,0x00,0x00,0x00,0x00,0x00,0x00,1,'CONSTITUENT_SUFFIX','CONSTITUENT_CONSTITUENT_ID'),
 (797,0x00,0x00,'CONSTITUENT_RECOGNITION_NAME','Recognition Name',0x00,0x00,0x00,0x00,0x00,0x00,0x00,1,'CONSTITUENT_RECOGNITION_NAME','CONSTITUENT_CONSTITUENT_ID'),
 (798,0x00,0x00,'CONSTITUENT_ORGANIZATION_NAME','Organization Name',0x00,0x00,0x00,0x00,0x00,0x00,0x00,1,'CONSTITUENT_ORGANIZATION_NAME','CONSTITUENT_CONSTITUENT_ID'),
 (799,0x00,0x00,'CONSTITUENT_LEGAL_NAME','Legal Name',0x00,0x00,0x00,0x00,0x00,0x00,0x00,1,'CONSTITUENT_LEGAL_NAME','CONSTITUENT_CONSTITUENT_ID'),
 (800,0x00,0x00,'GETCUSTOMFIELD(CONSTITUENT_CONSTITUENT_ID, \'person\', \'organization.matching\')','Matching',0x00,0x00,0x00,0x00,0x00,0x00,0x00,1,'ORGANIZATION_MATCHING','CONSTITUENT_CONSTITUENT_ID'),
 (801,0x00,0x00,'GETCUSTOMFIELD(CONSTITUENT_CONSTITUENT_ID, \'person\', \'organization.percentMatch\')','Percent Matching',0x00,0x00,0x00,0x00,0x00,0x00,0x00,3,'ORGANIZATION_PERCENTMATCH','CONSTITUENT_CONSTITUENT_ID'),
 (802,0x00,0x00,'GETCUSTOMFIELD(CONSTITUENT_CONSTITUENT_ID, \'person\', \'organization.maximumMatch\')','Maximum Match',0x00,0x00,0x00,0x00,0x00,0x00,0x00,5,'ORGANIZATION_MAXIMUMMATCH','CONSTITUENT_CONSTITUENT_ID'),
 (803,0x00,0x00,'GETCUSTOMFIELD(CONSTITUENT_CONSTITUENT_ID, \'person\', \'organization.website\')','Website',0x00,0x00,0x00,0x00,0x00,0x00,0x00,1,'ORGANIZATION_WEBSITE','CONSTITUENT_CONSTITUENT_ID'),
 (804,0x00,0x00,'GETCUSTOMFIELD(CONSTITUENT_CONSTITUENT_ID, \'person\', \'organization.taxid\')','Tax ID',0x00,0x00,0x00,0x00,0x00,0x00,0x00,1,'ORGANIZATION_TAXID','CONSTITUENT_CONSTITUENT_ID'),
 (805,0x00,0x00,'CONSTITUENT_NCAIS_CODE','NCAIS Code',0x00,0x00,0x00,0x00,0x00,0x00,0x00,1,'CONSTITUENT_NCAIS_CODE','CONSTITUENT_CONSTITUENT_ID'),
 (806,0x00,0x00,'GETCUSTOMFIELD(CONSTITUENT_CONSTITUENT_ID, \'person\', \'communicationPreferences\')','Communication Preferences',0x00,0x00,0x00,0x00,0x00,0x00,0x00,1,'COMMUNICATIONPREFERENCES','CONSTITUENT_CONSTITUENT_ID'),
 (807,0x00,0x00,'GETCUSTOMFIELD(CONSTITUENT_CONSTITUENT_ID, \'person\', \'emailFormat\')','Email Format',0x00,0x00,0x00,0x00,0x00,0x00,0x00,1,'EMAILFORMAT','CONSTITUENT_CONSTITUENT_ID'),
 (808,0x00,0x00,'CONSTITUENT_CREATE_DATE','Create Date',0x00,0x00,0x00,0x00,0x00,0x00,0x00,4,'CONSTITUENT_CREATE_DATE','CONSTITUENT_CONSTITUENT_ID'),
 (809,0x00,0x00,'CONSTITUENT_UPDATE_DATE','Update Date',0x00,0x00,0x00,0x00,0x00,0x00,0x00,4,'CONSTITUENT_UPDATE_DATE','CONSTITUENT_CONSTITUENT_ID'),
 (810,0x00,0x00,'CONSTITUENT_MARITAL_STATUS','Marital Status',0x00,0x00,0x00,0x00,0x00,0x00,0x00,1,'CONSTITUENT_MARITAL_STATUS','CONSTITUENT_CONSTITUENT_ID'),
 (811,0x00,0x00,'GETCUSTOMFIELD(CONSTITUENT_CONSTITUENT_ID, \'person\', \'individual.birthDate\')','Birth Date',0x00,0x00,0x00,0x00,0x00,0x00,0x00,4,'INDIVIDUAL_BIRTHDATE','CONSTITUENT_CONSTITUENT_ID'),
 (812,0x00,0x00,'GETCUSTOMFIELD(CONSTITUENT_CONSTITUENT_ID, \'person\', \'individual.deceased\')','Deceased',0x00,0x00,0x00,0x00,0x00,0x00,0x00,6,'INDIVIDUAL_DECEASED','CONSTITUENT_CONSTITUENT_ID'),
 (813,0x00,0x00,'GETCUSTOMFIELD(CONSTITUENT_CONSTITUENT_ID, \'person\', \'individual.gender\')','Gender',0x00,0x00,0x00,0x00,0x00,0x00,0x00,1,'INDIVIDUAL_GENDER','CONSTITUENT_CONSTITUENT_ID'),
 (814,0x00,0x00,'GETCUSTOMFIELD(CONSTITUENT_CONSTITUENT_ID, \'person\', \'individual.race\')','Race',0x00,0x00,0x00,0x00,0x00,0x00,0x00,1,'INDIVIDUAL_RACE','CONSTITUENT_CONSTITUENT_ID'),
 (815,0x00,0x00,'GETCUSTOMFIELD(CONSTITUENT_CONSTITUENT_ID, \'person\', \'individual.military\')','Military',0x00,0x00,0x00,0x00,0x00,0x00,0x00,1,'INDIVIDUAL_MILITARY','CONSTITUENT_CONSTITUENT_ID'),
 (816,0x00,0x00,'CONSTITUENT_SITE_NAME','Site Name',0x00,0x00,0x00,0x00,0x00,0x00,0x00,1,'CONSTITUENT_SITE_NAME','CONSTITUENT_CONSTITUENT_ID'),
 (817,0x00,0x00,'COMMITMENT_COMMITMENT_ID','Recurring Gift ID',0x01,0x00,0x00,0x00,0x00,0x00,0x00,3,'COMMITMENT_COMMITMENT_ID','COMMITMENT_COMMITMENT_ID'),
 (818,0x00,0x00,'COMMITMENT_AUTO_PAY','Auto Pay',0x00,0x00,0x00,0x00,0x00,0x00,0x00,6,'COMMITMENT_AUTO_PAY','COMMITMENT_COMMITMENT_ID'),
 (819,0x00,0x00,'COMMITMENT_AMOUNT_PER_GIFT','Amount Per Gift',0x01,0x00,0x00,0x00,0x00,0x00,0x00,5,'COMMITMENT_AMOUNT_PER_GIFT','COMMITMENT_COMMITMENT_ID'),
 (820,0x00,0x00,'COMMITMENT_AMOUNT_TOTAL','Amount Total',0x01,0x00,0x00,0x00,0x00,0x00,0x00,5,'COMMITMENT_AMOUNT_TOTAL','COMMITMENT_COMMITMENT_ID'),
 (821,0x00,0x00,'COMMITMENT_CURRENCY_CODE','Currency Code',0x00,0x00,0x00,0x00,0x00,0x00,0x00,1,'COMMITMENT_CURRENCY_CODE','COMMITMENT_COMMITMENT_ID'),
 (822,0x00,0x00,'COMMITMENT_FREQUENCY','Frequency',0x00,0x00,0x00,0x00,0x00,0x00,0x00,1,'COMMITMENT_FREQUENCY','COMMITMENT_COMMITMENT_ID'),
 (823,0x00,0x00,'COMMITMENT_START_DATE','Start Date',0x00,0x00,0x00,0x00,0x00,0x00,0x00,4,'COMMITMENT_START_DATE','COMMITMENT_COMMITMENT_ID'),
 (824,0x00,0x00,'COMMITMENT_END_DATE','End Date',0x00,0x00,0x00,0x00,0x00,0x00,0x00,4,'COMMITMENT_END_DATE','COMMITMENT_COMMITMENT_ID'),
 (825,0x00,0x00,'COMMITMENT_STATUS','Status',0x00,0x00,0x00,0x00,0x00,0x00,0x00,1,'COMMITMENT_STATUS','COMMITMENT_COMMITMENT_ID'),
 (826,0x00,0x00,'GETCUSTOMFIELD(COMMITMENT_COMMITMENT_ID, \'commitment\', \'reference\')','Reference Account Number',0x00,0x00,0x00,0x00,0x00,0x00,0x00,1,'REFERENCE_ACCOUNT_NUMBER','COMMITMENT_COMMITMENT_ID'),
 (827,0x00,0x00,'GETCONSTITUENTDISPLAYNAME(GETCUSTOMFIELD(COMMITMENT_COMMITMENT_ID, \'commitment\', \'reference\'))','Reference Account Name',0x00,0x00,0x00,0x00,0x00,0x00,0x00,1,'REFERENCE_ACCOUNT_NAME','COMMITMENT_COMMITMENT_ID'),
 (828,0x00,0x00,'COMMITMENT_COMMENTS','Comments',0x00,0x00,0x00,0x00,0x00,0x00,0x00,1,'COMMITMENT_COMMENTS','COMMITMENT_COMMITMENT_ID'),
 (829,0x00,0x00,'COMMITMENT_LAST_ENTRY_DATE','Last Entry Date',0x00,0x00,0x00,0x00,0x00,0x00,0x00,4,'COMMITMENT_LAST_ENTRY_DATE','COMMITMENT_COMMITMENT_ID'),
 (830,0x00,0x00,'COMMITMENT_CREATE_DATE','Recurring Gift Create Date',0x00,0x00,0x00,0x00,0x00,0x00,0x00,4,'COMMITMENT_CREATE_DATE','COMMITMENT_COMMITMENT_ID'),
 (831,0x00,0x00,'COMMITMENT_UPDATE_DATE','Recurring Gift Update Date',0x00,0x00,0x00,0x00,0x00,0x00,0x00,4,'COMMITMENT_UPDATE_DATE','COMMITMENT_COMMITMENT_ID'),
 (832,0x00,0x00,'COMMITMENT_PAYMENT_SOURCE_PAYMENT_PROFILE_DESCRIPTION','Payment Profile Description',0x00,0x00,0x00,0x00,0x00,0x00,0x00,1,'COMMITMENT_PAYMENT_SOURCE_PAYMENT_PROFILE_DESCRIPTION','COMMITMENT_COMMITMENT_ID'),
 (833,0x00,0x00,'COMMITMENT_PAYMENT_TYPE','Payment Method',0x00,0x00,0x00,0x00,0x00,0x00,0x00,1,'COMMITMENT_PAYMENT_TYPE','COMMITMENT_COMMITMENT_ID'),
 (834,0x00,0x00,'COMMITMENT_PAYMENT_SOURCE_CREDIT_CARD_TYPE','Credit Card Type',0x00,0x00,0x00,0x00,0x00,0x00,0x00,1,'COMMITMENT_PAYMENT_SOURCE_CREDIT_CARD_TYPE','COMMITMENT_COMMITMENT_ID'),
 (835,0x00,0x00,'COMMITMENT_PAYMENT_SOURCE_CREDIT_CARD_HOLDER_NAME','Credit Card Holder Name',0x00,0x00,0x00,0x00,0x00,0x00,0x00,1,'COMMITMENT_PAYMENT_SOURCE_CREDIT_CARD_HOLDER_NAME','COMMITMENT_COMMITMENT_ID'),
 (836,0x00,0x00,'COMMITMENT_PAYMENT_SOURCE_CREDIT_CARD_EXPIRATION','Credit Card Expiration',0x00,0x00,0x00,0x00,0x00,0x00,0x00,1,'COMMITMENT_PAYMENT_SOURCE_CREDIT_CARD_EXPIRATION','COMMITMENT_COMMITMENT_ID'),
 (837,0x00,0x00,'COMMITMENT_PAYMENT_SOURCE_CREDIT_CARD_EXPIRATION_DATE','Credit Card Expiration (Date / Time)',0x00,0x00,0x00,0x00,0x00,0x00,0x00,4,'COMMITMENT_PAYMENT_SOURCE_CREDIT_CARD_EXPIRATION_DATE','COMMITMENT_COMMITMENT_ID'),
 (838,0x00,0x00,'COMMITMENT_PAYMENT_SOURCE_ACH_HOLDER_NAME','ACH Holder Name',0x00,0x00,0x00,0x00,0x00,0x00,0x00,1,'COMMITMENT_PAYMENT_SOURCE_ACH_HOLDER_NAME','COMMITMENT_COMMITMENT_ID'),
 (839,0x00,0x00,'COMMITMENT_PAYMENT_SOURCE_ACH_ROUTING_NUMBER','ACH Routing Number',0x00,0x00,0x00,0x00,0x00,0x00,0x00,1,'COMMITMENT_PAYMENT_SOURCE_ACH_ROUTING_NUMBER','COMMITMENT_COMMITMENT_ID'),
 (840,0x00,0x00,'COMMITMENT_CHECK_NUMBER','Check Number',0x00,0x00,0x00,0x00,0x00,0x00,0x00,2,'COMMITMENT_CHECK_NUMBER','COMMITMENT_COMMITMENT_ID'),
 (841,0x00,0x00,'COMMITMENT_PAYMENT_ADDRESS_ADDRESS_LINE_1','Address Line 1',0x00,0x00,0x00,0x00,0x00,0x00,0x00,1,'COMMITMENT_PAYMENT_ADDRESS_ADDRESS_LINE_1','COMMITMENT_COMMITMENT_ID'),
 (842,0x00,0x00,'COMMITMENT_PAYMENT_ADDRESS_ADDRESS_LINE_2','Address Line 2',0x00,0x00,0x00,0x00,0x00,0x00,0x00,1,'COMMITMENT_PAYMENT_ADDRESS_ADDRESS_LINE_2','COMMITMENT_COMMITMENT_ID'),
 (843,0x00,0x00,'COMMITMENT_PAYMENT_ADDRESS_ADDRESS_LINE_3','Address Line 3',0x00,0x00,0x00,0x00,0x00,0x00,0x00,1,'COMMITMENT_PAYMENT_ADDRESS_ADDRESS_LINE_3','COMMITMENT_COMMITMENT_ID'),
 (844,0x00,0x00,'COMMITMENT_PAYMENT_ADDRESS_CITY','City',0x00,0x00,0x00,0x00,0x00,0x00,0x00,1,'COMMITMENT_PAYMENT_ADDRESS_CITY','COMMITMENT_COMMITMENT_ID'),
 (845,0x00,0x00,'COMMITMENT_PAYMENT_ADDRESS_STATE_PROVINCE','State/Province',0x00,0x00,0x00,0x00,0x00,0x00,0x00,1,'COMMITMENT_PAYMENT_ADDRESS_STATE_PROVINCE','COMMITMENT_COMMITMENT_ID'),
 (846,0x00,0x00,'COMMITMENT_PAYMENT_ADDRESS_POSTAL_CODE','Zip/Postal Code',0x00,0x00,0x00,0x00,0x00,0x00,0x00,1,'COMMITMENT_PAYMENT_ADDRESS_POSTAL_CODE','COMMITMENT_COMMITMENT_ID'),
 (847,0x00,0x00,'COMMITMENT_PAYMENT_ADDRESS_COUNTRY','Country',0x00,0x00,0x00,0x00,0x00,0x00,0x00,1,'COMMITMENT_PAYMENT_ADDRESS_COUNTRY','COMMITMENT_COMMITMENT_ID'),
 (848,0x00,0x00,'COMMITMENT_PAYMENT_PHONE_NUMBER','Phone Number',0x00,0x00,0x00,0x00,0x00,0x00,0x00,1,'COMMITMENT_PAYMENT_PHONE_NUMBER','COMMITMENT_COMMITMENT_ID'),
 (849,0x00,0x00,'COMMITMENT_ACKNOWLEDGEMENT_EMAIL_EMAIL_ADDRESS','Receipt Email',0x00,0x00,0x00,0x00,0x00,0x00,0x00,1,'COMMITMENT_ACKNOWLEDGEMENT_EMAIL_EMAIL_ADDRESS','COMMITMENT_COMMITMENT_ID'),
 (850,0x00,0x00,'COMMITMENT_SEND_ACKNOWLEDGMENT','Send Acknowledgment',0x00,0x00,0x00,0x00,0x00,0x00,0x00,6,'COMMITMENT_SEND_ACKNOWLEDGMENT','COMMITMENT_COMMITMENT_ID'),
 (851,0x00,0x00,'COMMITMENT_ACKNOWLEDGMENT_DATE','Acknowledgment Date',0x00,0x00,0x00,0x00,0x00,0x00,0x00,4,'COMMITMENT_ACKNOWLEDGMENT_DATE','COMMITMENT_COMMITMENT_ID'),
 (852,0x00,0x00,'CONSTITUENT_CONSTITUENT_ID','Account Number',0x01,0x00,0x00,0x00,0x00,0x00,0x00,3,'CONSTITUENT_CONSTITUENT_ID','CONSTITUENT_CONSTITUENT_ID'),
 (853,0x00,0x00,'GETCONSTITUENTDISPLAYNAME(GETCUSTOMFIELD(CONSTITUENT_CONSTITUENT_ID, \'person\', \'accountManager\'))','Account Manager Name',0x00,0x00,0x00,0x00,0x00,0x00,0x00,1,'ACCOUNTMANAGER','CONSTITUENT_CONSTITUENT_ID'),
 (854,0x00,0x00,'GETCUSTOMFIELD(CONSTITUENT_CONSTITUENT_ID, \'person\', \'accountManager\')','Account Manager Account Number',0x00,0x00,0x00,0x00,0x00,0x00,0x00,3,'ACCOUNTMANAGERACCOUNTNUMBER','CONSTITUENT_CONSTITUENT_ID'),
 (855,0x00,0x00,'CONSTITUENT_CONSTITUENT_TYPE','Constituent Type',0x01,0x00,0x00,0x00,0x00,0x00,0x00,1,'CONSTITUENT_CONSTITUENT_TYPE','CONSTITUENT_CONSTITUENT_ID'),
 (856,0x00,0x00,'CONSTITUENT_CONSTITUENT_ROLE','Profile Type',0x00,0x00,0x00,0x00,0x00,0x00,0x00,1,'CONSTITUENT_CONSTITUENT_ROLE','CONSTITUENT_CONSTITUENT_ID'),
 (857,0x00,0x00,'CONSTITUENT_DONOR_PROFILE','Donor Profile',0x00,0x00,0x00,0x00,0x00,0x00,0x00,1,'CONSTITUENT_DONOR_PROFILE','CONSTITUENT_CONSTITUENT_ID'),
 (858,0x00,0x00,'CONSTITUENT_TITLE','Title',0x00,0x00,0x00,0x00,0x00,0x00,0x00,1,'CONSTITUENT_TITLE','CONSTITUENT_CONSTITUENT_ID'),
 (859,0x00,0x00,'CONSTITUENT_FIRST_NAME','First Name',0x01,0x00,0x00,0x00,0x00,0x00,0x00,1,'CONSTITUENT_FIRST_NAME','CONSTITUENT_CONSTITUENT_ID'),
 (860,0x00,0x00,'CONSTITUENT_MIDDLE_NAME','Middle Name',0x00,0x00,0x00,0x00,0x00,0x00,0x00,1,'CONSTITUENT_MIDDLE_NAME','CONSTITUENT_CONSTITUENT_ID'),
 (861,0x00,0x00,'CONSTITUENT_LAST_NAME','Last Name',0x01,0x00,0x00,0x00,0x00,0x00,0x00,1,'CONSTITUENT_LAST_NAME','CONSTITUENT_CONSTITUENT_ID'),
 (862,0x00,0x00,'CONSTITUENT_SUFFIX','Suffix',0x00,0x00,0x00,0x00,0x00,0x00,0x00,1,'CONSTITUENT_SUFFIX','CONSTITUENT_CONSTITUENT_ID'),
 (863,0x00,0x00,'CONSTITUENT_RECOGNITION_NAME','Recognition Name',0x00,0x00,0x00,0x00,0x00,0x00,0x00,1,'CONSTITUENT_RECOGNITION_NAME','CONSTITUENT_CONSTITUENT_ID'),
 (864,0x00,0x00,'CONSTITUENT_ORGANIZATION_NAME','Organization Name',0x00,0x00,0x00,0x00,0x00,0x00,0x00,1,'CONSTITUENT_ORGANIZATION_NAME','CONSTITUENT_CONSTITUENT_ID'),
 (865,0x00,0x00,'CONSTITUENT_LEGAL_NAME','Legal Name',0x00,0x00,0x00,0x00,0x00,0x00,0x00,1,'CONSTITUENT_LEGAL_NAME','CONSTITUENT_CONSTITUENT_ID'),
 (866,0x00,0x00,'GETCUSTOMFIELD(CONSTITUENT_CONSTITUENT_ID, \'person\', \'organization.matching\')','Matching',0x00,0x00,0x00,0x00,0x00,0x00,0x00,1,'ORGANIZATION_MATCHING','CONSTITUENT_CONSTITUENT_ID'),
 (867,0x00,0x00,'GETCUSTOMFIELD(CONSTITUENT_CONSTITUENT_ID, \'person\', \'organization.percentMatch\')','Percent Matching',0x00,0x00,0x00,0x00,0x00,0x00,0x00,3,'ORGANIZATION_PERCENTMATCH','CONSTITUENT_CONSTITUENT_ID'),
 (868,0x00,0x00,'GETCUSTOMFIELD(CONSTITUENT_CONSTITUENT_ID, \'person\', \'organization.maximumMatch\')','Maximum Match',0x00,0x00,0x00,0x00,0x00,0x00,0x00,5,'ORGANIZATION_MAXIMUMMATCH','CONSTITUENT_CONSTITUENT_ID'),
 (869,0x00,0x00,'GETCUSTOMFIELD(CONSTITUENT_CONSTITUENT_ID, \'person\', \'organization.website\')','Website',0x00,0x00,0x00,0x00,0x00,0x00,0x00,1,'ORGANIZATION_WEBSITE','CONSTITUENT_CONSTITUENT_ID'),
 (870,0x00,0x00,'GETCUSTOMFIELD(CONSTITUENT_CONSTITUENT_ID, \'person\', \'organization.taxid\')','Tax ID',0x00,0x00,0x00,0x00,0x00,0x00,0x00,1,'ORGANIZATION_TAXID','CONSTITUENT_CONSTITUENT_ID'),
 (871,0x00,0x00,'CONSTITUENT_NCAIS_CODE','NCAIS Code',0x00,0x00,0x00,0x00,0x00,0x00,0x00,1,'CONSTITUENT_NCAIS_CODE','CONSTITUENT_CONSTITUENT_ID'),
 (872,0x00,0x00,'GETCUSTOMFIELD(CONSTITUENT_CONSTITUENT_ID, \'person\', \'communicationPreferences\')','Communication Preferences',0x00,0x00,0x00,0x00,0x00,0x00,0x00,1,'COMMUNICATIONPREFERENCES','CONSTITUENT_CONSTITUENT_ID'),
 (873,0x00,0x00,'GETCUSTOMFIELD(CONSTITUENT_CONSTITUENT_ID, \'person\', \'emailFormat\')','Email Format',0x00,0x00,0x00,0x00,0x00,0x00,0x00,1,'EMAILFORMAT','CONSTITUENT_CONSTITUENT_ID'),
 (874,0x00,0x00,'CONSTITUENT_CREATE_DATE','Create Date',0x00,0x00,0x00,0x00,0x00,0x00,0x00,4,'CONSTITUENT_CREATE_DATE','CONSTITUENT_CONSTITUENT_ID'),
 (875,0x00,0x00,'CONSTITUENT_UPDATE_DATE','Update Date',0x00,0x00,0x00,0x00,0x00,0x00,0x00,4,'CONSTITUENT_UPDATE_DATE','CONSTITUENT_CONSTITUENT_ID'),
 (876,0x00,0x00,'CONSTITUENT_MARITAL_STATUS','Marital Status',0x00,0x00,0x00,0x00,0x00,0x00,0x00,1,'CONSTITUENT_MARITAL_STATUS','CONSTITUENT_CONSTITUENT_ID'),
 (877,0x00,0x00,'GETCUSTOMFIELD(CONSTITUENT_CONSTITUENT_ID, \'person\', \'individual.birthDate\')','Birth Date',0x00,0x00,0x00,0x00,0x00,0x00,0x00,4,'INDIVIDUAL_BIRTHDATE','CONSTITUENT_CONSTITUENT_ID'),
 (878,0x00,0x00,'GETCUSTOMFIELD(CONSTITUENT_CONSTITUENT_ID, \'person\', \'individual.deceased\')','Deceased',0x00,0x00,0x00,0x00,0x00,0x00,0x00,6,'INDIVIDUAL_DECEASED','CONSTITUENT_CONSTITUENT_ID'),
 (879,0x00,0x00,'GETCUSTOMFIELD(CONSTITUENT_CONSTITUENT_ID, \'person\', \'individual.gender\')','Gender',0x00,0x00,0x00,0x00,0x00,0x00,0x00,1,'INDIVIDUAL_GENDER','CONSTITUENT_CONSTITUENT_ID'),
 (880,0x00,0x00,'GETCUSTOMFIELD(CONSTITUENT_CONSTITUENT_ID, \'person\', \'individual.race\')','Race',0x00,0x00,0x00,0x00,0x00,0x00,0x00,1,'INDIVIDUAL_RACE','CONSTITUENT_CONSTITUENT_ID'),
 (881,0x00,0x00,'GETCUSTOMFIELD(CONSTITUENT_CONSTITUENT_ID, \'person\', \'individual.military\')','Military',0x00,0x00,0x00,0x00,0x00,0x00,0x00,1,'INDIVIDUAL_MILITARY','CONSTITUENT_CONSTITUENT_ID'),
 (882,0x00,0x00,'CONSTITUENT_SITE_NAME','Site Name',0x00,0x00,0x00,0x00,0x00,0x00,0x00,1,'CONSTITUENT_SITE_NAME','CONSTITUENT_CONSTITUENT_ID'),
 (883,0x00,0x00,'COMMITMENT_COMMITMENT_ID','Recurring Gift ID',0x01,0x00,0x00,0x00,0x00,0x00,0x00,3,'COMMITMENT_COMMITMENT_ID','COMMITMENT_COMMITMENT_ID'),
 (884,0x00,0x00,'COMMITMENT_AUTO_PAY','Auto Pay',0x00,0x00,0x00,0x00,0x00,0x00,0x00,6,'COMMITMENT_AUTO_PAY','COMMITMENT_COMMITMENT_ID'),
 (885,0x00,0x00,'COMMITMENT_AMOUNT_PER_GIFT','Amount Per Gift',0x01,0x00,0x00,0x00,0x00,0x00,0x00,5,'COMMITMENT_AMOUNT_PER_GIFT','COMMITMENT_COMMITMENT_ID'),
 (886,0x00,0x00,'COMMITMENT_AMOUNT_TOTAL','Amount Total',0x01,0x00,0x00,0x00,0x00,0x00,0x00,5,'COMMITMENT_AMOUNT_TOTAL','COMMITMENT_COMMITMENT_ID'),
 (887,0x00,0x00,'COMMITMENT_CURRENCY_CODE','Currency Code',0x00,0x00,0x00,0x00,0x00,0x00,0x00,1,'COMMITMENT_CURRENCY_CODE','COMMITMENT_COMMITMENT_ID'),
 (888,0x00,0x00,'COMMITMENT_FREQUENCY','Frequency',0x00,0x00,0x00,0x00,0x00,0x00,0x00,1,'COMMITMENT_FREQUENCY','COMMITMENT_COMMITMENT_ID'),
 (889,0x00,0x00,'COMMITMENT_START_DATE','Start Date',0x00,0x00,0x00,0x00,0x00,0x00,0x00,4,'COMMITMENT_START_DATE','COMMITMENT_COMMITMENT_ID'),
 (890,0x00,0x00,'COMMITMENT_END_DATE','End Date',0x00,0x00,0x00,0x00,0x00,0x00,0x00,4,'COMMITMENT_END_DATE','COMMITMENT_COMMITMENT_ID'),
 (891,0x00,0x00,'COMMITMENT_STATUS','Status',0x00,0x00,0x00,0x00,0x00,0x00,0x00,1,'COMMITMENT_STATUS','COMMITMENT_COMMITMENT_ID'),
 (892,0x00,0x00,'GETCUSTOMFIELD(COMMITMENT_COMMITMENT_ID, \'commitment\', \'reference\')','Reference Account Number',0x00,0x00,0x00,0x00,0x00,0x00,0x00,1,'REFERENCE_ACCOUNT_NUMBER','COMMITMENT_COMMITMENT_ID'),
 (893,0x00,0x00,'GETCONSTITUENTDISPLAYNAME(GETCUSTOMFIELD(COMMITMENT_COMMITMENT_ID, \'commitment\', \'reference\'))','Reference Account Name',0x00,0x00,0x00,0x00,0x00,0x00,0x00,1,'REFERENCE_ACCOUNT_NAME','COMMITMENT_COMMITMENT_ID'),
 (894,0x00,0x00,'COMMITMENT_COMMENTS','Comments',0x00,0x00,0x00,0x00,0x00,0x00,0x00,1,'COMMITMENT_COMMENTS','COMMITMENT_COMMITMENT_ID'),
 (895,0x00,0x00,'COMMITMENT_LAST_ENTRY_DATE','Last Entry Date',0x00,0x00,0x00,0x00,0x00,0x00,0x00,4,'COMMITMENT_LAST_ENTRY_DATE','COMMITMENT_COMMITMENT_ID'),
 (896,0x00,0x00,'COMMITMENT_CREATE_DATE','Recurring Gift Create Date',0x00,0x00,0x00,0x00,0x00,0x00,0x00,4,'COMMITMENT_CREATE_DATE','COMMITMENT_COMMITMENT_ID'),
 (897,0x00,0x00,'COMMITMENT_UPDATE_DATE','Recurring Gift Update Date',0x00,0x00,0x00,0x00,0x00,0x00,0x00,4,'COMMITMENT_UPDATE_DATE','COMMITMENT_COMMITMENT_ID'),
 (898,0x00,0x00,'COMMITMENT_PAYMENT_SOURCE_PAYMENT_PROFILE_DESCRIPTION','Payment Profile Description',0x00,0x00,0x00,0x00,0x00,0x00,0x00,1,'COMMITMENT_PAYMENT_SOURCE_PAYMENT_PROFILE_DESCRIPTION','COMMITMENT_COMMITMENT_ID'),
 (899,0x00,0x00,'COMMITMENT_PAYMENT_TYPE','Payment Method',0x00,0x00,0x00,0x00,0x00,0x00,0x00,1,'COMMITMENT_PAYMENT_TYPE','COMMITMENT_COMMITMENT_ID'),
 (900,0x00,0x00,'COMMITMENT_PAYMENT_SOURCE_CREDIT_CARD_TYPE','Credit Card Type',0x00,0x00,0x00,0x00,0x00,0x00,0x00,1,'COMMITMENT_PAYMENT_SOURCE_CREDIT_CARD_TYPE','COMMITMENT_COMMITMENT_ID'),
 (901,0x00,0x00,'COMMITMENT_PAYMENT_SOURCE_CREDIT_CARD_HOLDER_NAME','Credit Card Holder Name',0x00,0x00,0x00,0x00,0x00,0x00,0x00,1,'COMMITMENT_PAYMENT_SOURCE_CREDIT_CARD_HOLDER_NAME','COMMITMENT_COMMITMENT_ID'),
 (902,0x00,0x00,'COMMITMENT_PAYMENT_SOURCE_CREDIT_CARD_EXPIRATION','Credit Card Expiration',0x00,0x00,0x00,0x00,0x00,0x00,0x00,1,'COMMITMENT_PAYMENT_SOURCE_CREDIT_CARD_EXPIRATION','COMMITMENT_COMMITMENT_ID'),
 (903,0x00,0x00,'COMMITMENT_PAYMENT_SOURCE_CREDIT_CARD_EXPIRATION_DATE','Credit Card Expiration (Date / Time)',0x00,0x00,0x00,0x00,0x00,0x00,0x00,4,'COMMITMENT_PAYMENT_SOURCE_CREDIT_CARD_EXPIRATION_DATE','COMMITMENT_COMMITMENT_ID'),
 (904,0x00,0x00,'COMMITMENT_PAYMENT_SOURCE_ACH_HOLDER_NAME','ACH Holder Name',0x00,0x00,0x00,0x00,0x00,0x00,0x00,1,'COMMITMENT_PAYMENT_SOURCE_ACH_HOLDER_NAME','COMMITMENT_COMMITMENT_ID'),
 (905,0x00,0x00,'COMMITMENT_PAYMENT_SOURCE_ACH_ROUTING_NUMBER','ACH Routing Number',0x00,0x00,0x00,0x00,0x00,0x00,0x00,1,'COMMITMENT_PAYMENT_SOURCE_ACH_ROUTING_NUMBER','COMMITMENT_COMMITMENT_ID'),
 (906,0x00,0x00,'COMMITMENT_CHECK_NUMBER','Check Number',0x00,0x00,0x00,0x00,0x00,0x00,0x00,2,'COMMITMENT_CHECK_NUMBER','COMMITMENT_COMMITMENT_ID'),
 (907,0x00,0x00,'COMMITMENT_PAYMENT_ADDRESS_ADDRESS_LINE_1','Address Line 1',0x00,0x00,0x00,0x00,0x00,0x00,0x00,1,'COMMITMENT_PAYMENT_ADDRESS_ADDRESS_LINE_1','COMMITMENT_COMMITMENT_ID'),
 (908,0x00,0x00,'COMMITMENT_PAYMENT_ADDRESS_ADDRESS_LINE_2','Address Line 2',0x00,0x00,0x00,0x00,0x00,0x00,0x00,1,'COMMITMENT_PAYMENT_ADDRESS_ADDRESS_LINE_2','COMMITMENT_COMMITMENT_ID'),
 (909,0x00,0x00,'COMMITMENT_PAYMENT_ADDRESS_ADDRESS_LINE_3','Address Line 3',0x00,0x00,0x00,0x00,0x00,0x00,0x00,1,'COMMITMENT_PAYMENT_ADDRESS_ADDRESS_LINE_3','COMMITMENT_COMMITMENT_ID'),
 (910,0x00,0x00,'COMMITMENT_PAYMENT_ADDRESS_CITY','City',0x00,0x00,0x00,0x00,0x00,0x00,0x00,1,'COMMITMENT_PAYMENT_ADDRESS_CITY','COMMITMENT_COMMITMENT_ID'),
 (911,0x00,0x00,'COMMITMENT_PAYMENT_ADDRESS_STATE_PROVINCE','State/Province',0x00,0x00,0x00,0x00,0x00,0x00,0x00,1,'COMMITMENT_PAYMENT_ADDRESS_STATE_PROVINCE','COMMITMENT_COMMITMENT_ID'),
 (912,0x00,0x00,'COMMITMENT_PAYMENT_ADDRESS_POSTAL_CODE','Zip/Postal Code',0x00,0x00,0x00,0x00,0x00,0x00,0x00,1,'COMMITMENT_PAYMENT_ADDRESS_POSTAL_CODE','COMMITMENT_COMMITMENT_ID'),
 (913,0x00,0x00,'COMMITMENT_PAYMENT_ADDRESS_COUNTRY','Country',0x00,0x00,0x00,0x00,0x00,0x00,0x00,1,'COMMITMENT_PAYMENT_ADDRESS_COUNTRY','COMMITMENT_COMMITMENT_ID'),
 (914,0x00,0x00,'COMMITMENT_PAYMENT_PHONE_NUMBER','Phone Number',0x00,0x00,0x00,0x00,0x00,0x00,0x00,1,'COMMITMENT_PAYMENT_PHONE_NUMBER','COMMITMENT_COMMITMENT_ID'),
 (915,0x00,0x00,'COMMITMENT_ACKNOWLEDGEMENT_EMAIL_EMAIL_ADDRESS','Receipt Email',0x00,0x00,0x00,0x00,0x00,0x00,0x00,1,'COMMITMENT_ACKNOWLEDGEMENT_EMAIL_EMAIL_ADDRESS','COMMITMENT_COMMITMENT_ID'),
 (916,0x00,0x00,'COMMITMENT_SEND_ACKNOWLEDGMENT','Send Acknowledgment',0x00,0x00,0x00,0x00,0x00,0x00,0x00,6,'COMMITMENT_SEND_ACKNOWLEDGMENT','COMMITMENT_COMMITMENT_ID'),
 (917,0x00,0x00,'COMMITMENT_ACKNOWLEDGMENT_DATE','Acknowledgment Date',0x00,0x00,0x00,0x00,0x00,0x00,0x00,4,'COMMITMENT_ACKNOWLEDGMENT_DATE','COMMITMENT_COMMITMENT_ID'),
 (918,0x00,0x00,'DISTRO_LINE_DISTRO_LINE_ID','Gift Distribution Reference Number',0x01,0x00,0x00,0x00,0x00,0x00,0x00,3,'DISTRO_LINE_DISTRO_LINE_ID','DISTRO_LINE_DISTRO_LINE_ID'),
 (919,0x00,0x00,'DISTRO_LINE_AMOUNT','Gift Distribution Amount',0x01,0x00,0x00,0x00,0x00,0x00,0x00,5,'DISTRO_LINE_AMOUNT','DISTRO_LINE_DISTRO_LINE_ID'),
 (920,0x00,0x00,'DISTRO_LINE_PERCENTAGE','Percentage',0x00,0x00,0x00,0x00,0x00,0x00,0x00,3,'DISTRO_LINE_PERCENTAGE','DISTRO_LINE_DISTRO_LINE_ID'),
 (921,0x00,0x00,'DISTRO_LINE_PROJECT_CODE','Designation',0x00,0x00,0x00,0x00,0x00,0x00,0x00,1,'DISTRO_LINE_PROJECT_CODE','DISTRO_LINE_DISTRO_LINE_ID'),
 (922,0x00,0x00,'DISTRO_LINE_PROJECT_CODE_DESCRIPTION','Designation Description',0x00,0x00,0x00,0x00,0x00,0x00,0x00,1,'DISTRO_LINE_PROJECT_CODE_DESCRIPTION','DISTRO_LINE_DISTRO_LINE_ID'),
 (923,0x00,0x00,'DISTRO_LINE_MOTIVATION_CODE','Motivation',0x00,0x00,0x00,0x00,0x00,0x00,0x00,1,'DISTRO_LINE_MOTIVATION_CODE','DISTRO_LINE_DISTRO_LINE_ID'),
 (924,0x00,0x00,'DISTRO_LINE_MOTIVATION_CODE_DESCRIPTION','Motivation Description',0x00,0x00,0x00,0x00,0x00,0x00,0x00,1,'DISTRO_LINE_MOTIVATION_CODE_DESCRIPTION','DISTRO_LINE_DISTRO_LINE_ID'),
 (925,0x00,0x00,'AUDIT_AUDIT_ID','Audit History ID',0x01,0x00,0x00,0x00,0x00,0x00,0x00,3,'AUDIT_AUDIT_ID','AUDIT_AUDIT_ID'),
 (926,0x00,0x00,'AUDIT_DATE','Date',0x01,0x00,0x00,0x00,0x00,0x00,0x00,4,'AUDIT_DATE','AUDIT_AUDIT_ID'),
 (927,0x00,0x00,'AUDIT_USER','User',0x01,0x00,0x00,0x00,0x00,0x00,0x00,1,'AUDIT_USER','AUDIT_AUDIT_ID'),
 (928,0x00,0x00,'AUDIT_AUDIT_TYPE','Type',0x01,0x00,0x00,0x00,0x00,0x00,0x00,1,'AUDIT_AUDIT_TYPE','AUDIT_AUDIT_ID'),
 (929,0x00,0x00,'AUDIT_DESCRIPTION','Description',0x01,0x00,0x00,0x00,0x00,0x00,0x00,1,'AUDIT_DESCRIPTION','AUDIT_AUDIT_ID'),
 (930,0x00,0x00,'AUDIT_ENTITY_TYPE','Object Type',0x01,0x00,0x00,0x00,0x00,0x00,0x00,1,'AUDIT_ENTITY_TYPE','AUDIT_AUDIT_ID'),
 (931,0x00,0x00,'AUDIT_OBJECT_ID','Object ID',0x01,0x00,0x00,0x00,0x00,0x00,0x00,3,'AUDIT_OBJECT_ID','AUDIT_AUDIT_ID'),
 (932,0x00,0x00,'AUDIT_SITE_NAME','Site Name',0x00,0x00,0x00,0x00,0x00,0x00,0x00,1,'AUDIT_SITE_NAME','AUDIT_AUDIT_ID'),
 (933,0x00,0x00,'AUDIT_AUDIT_ID','Audit History ID',0x01,0x00,0x00,0x00,0x00,0x00,0x00,3,'AUDIT_AUDIT_ID','AUDIT_AUDIT_ID'),
 (934,0x00,0x00,'AUDIT_DATE','Date',0x01,0x00,0x00,0x00,0x00,0x00,0x00,4,'AUDIT_DATE','AUDIT_AUDIT_ID'),
 (935,0x00,0x00,'AUDIT_USER','User',0x01,0x00,0x00,0x00,0x00,0x00,0x00,1,'AUDIT_USER','AUDIT_AUDIT_ID'),
 (936,0x00,0x00,'AUDIT_AUDIT_TYPE','Type',0x01,0x00,0x00,0x00,0x00,0x00,0x00,1,'AUDIT_AUDIT_TYPE','AUDIT_AUDIT_ID'),
 (937,0x00,0x00,'AUDIT_DESCRIPTION','Description',0x01,0x00,0x00,0x00,0x00,0x00,0x00,1,'AUDIT_DESCRIPTION','AUDIT_AUDIT_ID'),
 (938,0x00,0x00,'AUDIT_ENTITY_TYPE','Object Type',0x01,0x00,0x00,0x00,0x00,0x00,0x00,1,'AUDIT_ENTITY_TYPE','AUDIT_AUDIT_ID'),
 (939,0x00,0x00,'AUDIT_OBJECT_ID','Object ID',0x00,0x00,0x00,0x00,0x00,0x00,0x00,3,'AUDIT_OBJECT_ID','AUDIT_AUDIT_ID'),
 (940,0x00,0x00,'AUDIT_SITE_NAME','Site Name',0x00,0x00,0x00,0x00,0x00,0x00,0x00,1,'AUDIT_SITE_NAME','AUDIT_AUDIT_ID'),
 (941,0x00,0x00,'ADDRESS_CONSTITUENT_ID','Account Number',0x00,0x00,0x00,0x00,0x00,0x00,0x00,3,'ADDRESS_CONSTITUENT_ID','ADDRESS_ADDRESS_ID'),
 (942,0x00,0x00,'GETCONSTITUENTDISPLAYNAME(ADDRESS_CONSTITUENT_ID)','Account Name',0x00,0x00,0x00,0x00,0x00,0x00,0x00,1,'ACCOUNT_NAME','ADDRESS_ADDRESS_ID'),
 (943,0x00,0x00,'ADDRESS_ADDRESS_ID','Address ID',0x01,0x00,0x00,0x00,0x00,0x00,0x00,3,'ADDRESS_ADDRESS_ID','ADDRESS_ADDRESS_ID'),
 (944,0x00,0x00,'ADDRESS_ADDRESS_TYPE','Address Type',0x00,0x00,0x00,0x00,0x00,0x00,0x00,1,'ADDRESS_ADDRESS_TYPE','ADDRESS_ADDRESS_ID'),
 (945,0x00,0x00,'ADDRESS_ACTIVATION_STATUS','Address Status',0x00,0x00,0x00,0x00,0x00,0x00,0x00,1,'ADDRESS_ACTIVATION_STATUS','ADDRESS_ADDRESS_ID'),
 (946,0x00,0x00,'ADDRESS_EFFECTIVE_DATE','Address Effective Date',0x00,0x00,0x00,0x00,0x00,0x00,0x00,4,'ADDRESS_EFFECTIVE_DATE','ADDRESS_ADDRESS_ID'),
 (947,0x00,0x00,'ADDRESS_SEASONAL_START_DATE','Seasonal Start Date',0x00,0x00,0x00,0x00,0x00,0x00,0x00,4,'ADDRESS_SEASONAL_START_DATE','ADDRESS_ADDRESS_ID'),
 (948,0x00,0x00,'ADDRESS_SEASONAL_END_DATE','Seasonal End Date',0x00,0x00,0x00,0x00,0x00,0x00,0x00,4,'ADDRESS_SEASONAL_END_DATE','ADDRESS_ADDRESS_ID'),
 (949,0x00,0x00,'ADDRESS_TEMPORARY_START_DATE','Temporary Start Date',0x00,0x00,0x00,0x00,0x00,0x00,0x00,4,'ADDRESS_TEMPORARY_START_DATE','ADDRESS_ADDRESS_ID'),
 (950,0x00,0x00,'ADDRESS_TEMPORARY_END_DATE','Temporary End Date',0x00,0x00,0x00,0x00,0x00,0x00,0x00,4,'ADDRESS_TEMPORARY_END_DATE','ADDRESS_ADDRESS_ID'),
 (951,0x00,0x00,'ADDRESS_ADDRESS_LINE_1','Address Line 1',0x00,0x00,0x00,0x00,0x00,0x00,0x00,1,'ADDRESS_ADDRESS_LINE_1','ADDRESS_ADDRESS_ID'),
 (952,0x00,0x00,'ADDRESS_ADDRESS_LINE_2','Address Line 2',0x00,0x00,0x00,0x00,0x00,0x00,0x00,1,'ADDRESS_ADDRESS_LINE_2','ADDRESS_ADDRESS_ID'),
 (953,0x00,0x00,'ADDRESS_ADDRESS_LINE_3','Address Line 3',0x00,0x00,0x00,0x00,0x00,0x00,0x00,1,'ADDRESS_ADDRESS_LINE_3','ADDRESS_ADDRESS_ID'),
 (954,0x00,0x00,'ADDRESS_CITY','City',0x00,0x00,0x00,0x00,0x00,0x00,0x00,1,'ADDRESS_CITY','ADDRESS_ADDRESS_ID'),
 (955,0x00,0x00,'ADDRESS_STATE_PROVINCE','State/Province',0x00,0x00,0x00,0x00,0x00,0x00,0x00,1,'ADDRESS_STATE_PROVINCE','ADDRESS_ADDRESS_ID'),
 (956,0x00,0x00,'ADDRESS_COUNTRY','Country',0x00,0x00,0x00,0x00,0x00,0x00,0x00,1,'ADDRESS_COUNTRY','ADDRESS_ADDRESS_ID'),
 (957,0x00,0x00,'ADDRESS_POSTAL_CODE','Zip/Postal Code',0x00,0x00,0x00,0x00,0x00,0x00,0x00,1,'ADDRESS_POSTAL_CODE','ADDRESS_ADDRESS_ID'),
 (958,0x00,0x00,'ADDRESS_RECEIVE_CORRESPONDENCE','Receive Correspondence',0x00,0x00,0x00,0x00,0x00,0x00,0x00,6,'ADDRESS_RECEIVE_CORRESPONDENCE','ADDRESS_ADDRESS_ID'),
 (959,0x00,0x00,'ADDRESS_COMMENT','Comments',0x00,0x00,0x00,0x00,0x00,0x00,0x00,1,'ADDRESS_COMMENT','ADDRESS_ADDRESS_ID'),
 (960,0x00,0x00,'ADDRESS_CREATE_DATE','Address Create Date',0x00,0x00,0x00,0x00,0x00,0x00,0x00,4,'ADDRESS_CREATE_DATE','ADDRESS_ADDRESS_ID'),
 (961,0x00,0x00,'ADDRESS_UPDATE_DATE','Address Update Date',0x00,0x00,0x00,0x00,0x00,0x00,0x00,4,'ADDRESS_UPDATE_DATE','ADDRESS_ADDRESS_ID'),
 (962,0x00,0x00,'ADDRESS_INACTIVE','Address Inactive',0x00,0x00,0x00,0x00,0x00,0x00,0x00,6,'ADDRESS_INACTIVE','ADDRESS_ADDRESS_ID'),
 (963,0x00,0x00,'AUDIT_AUDIT_ID','Audit History ID',0x01,0x00,0x00,0x00,0x00,0x00,0x00,3,'AUDIT_AUDIT_ID','AUDIT_AUDIT_ID'),
 (964,0x00,0x00,'AUDIT_DATE','Date',0x01,0x00,0x00,0x00,0x00,0x00,0x00,4,'AUDIT_DATE','AUDIT_AUDIT_ID'),
 (965,0x00,0x00,'AUDIT_USER','User',0x01,0x00,0x00,0x00,0x00,0x00,0x00,1,'AUDIT_USER','AUDIT_AUDIT_ID'),
 (966,0x00,0x00,'AUDIT_AUDIT_TYPE','Type',0x01,0x00,0x00,0x00,0x00,0x00,0x00,1,'AUDIT_AUDIT_TYPE','AUDIT_AUDIT_ID'),
 (967,0x00,0x00,'AUDIT_DESCRIPTION','Description',0x01,0x00,0x00,0x00,0x00,0x00,0x00,1,'AUDIT_DESCRIPTION','AUDIT_AUDIT_ID'),
 (968,0x00,0x00,'AUDIT_ENTITY_TYPE','Object Type',0x01,0x00,0x00,0x00,0x00,0x00,0x00,1,'AUDIT_ENTITY_TYPE','AUDIT_AUDIT_ID'),
 (969,0x00,0x00,'AUDIT_OBJECT_ID','Object ID',0x00,0x00,0x00,0x00,0x00,0x00,0x00,3,'AUDIT_OBJECT_ID','AUDIT_AUDIT_ID'),
 (970,0x00,0x00,'AUDIT_SITE_NAME','Site Name',0x00,0x00,0x00,0x00,0x00,0x00,0x00,1,'AUDIT_SITE_NAME','AUDIT_AUDIT_ID'),
 (971,0x00,0x00,'CONSTITUENT_CONSTITUENT_ID','Account Number',0x01,0x00,0x00,0x00,0x00,0x00,0x00,3,'CONSTITUENT_CONSTITUENT_ID','CONSTITUENT_CONSTITUENT_ID'),
 (972,0x00,0x00,'GETCONSTITUENTDISPLAYNAME(GETCUSTOMFIELD(CONSTITUENT_CONSTITUENT_ID, \'person\', \'accountManager\'))','Account Manager Name',0x00,0x00,0x00,0x00,0x00,0x00,0x00,1,'ACCOUNTMANAGER','CONSTITUENT_CONSTITUENT_ID'),
 (973,0x00,0x00,'GETCUSTOMFIELD(CONSTITUENT_CONSTITUENT_ID, \'person\', \'accountManager\')','Account Manager Account Number',0x00,0x00,0x00,0x00,0x00,0x00,0x00,3,'ACCOUNTMANAGERACCOUNTNUMBER','CONSTITUENT_CONSTITUENT_ID'),
 (974,0x00,0x00,'CONSTITUENT_CONSTITUENT_TYPE','Constituent Type',0x00,0x00,0x00,0x00,0x00,0x00,0x00,1,'CONSTITUENT_CONSTITUENT_TYPE','CONSTITUENT_CONSTITUENT_ID'),
 (975,0x00,0x00,'CONSTITUENT_CONSTITUENT_ROLE','Profile Type',0x00,0x00,0x00,0x00,0x00,0x00,0x00,1,'CONSTITUENT_CONSTITUENT_ROLE','CONSTITUENT_CONSTITUENT_ID'),
 (976,0x00,0x00,'CONSTITUENT_DONOR_PROFILE','Donor Profile',0x00,0x00,0x00,0x00,0x00,0x00,0x00,1,'CONSTITUENT_DONOR_PROFILE','CONSTITUENT_CONSTITUENT_ID'),
 (977,0x00,0x00,'CONSTITUENT_TITLE','Title',0x00,0x00,0x00,0x00,0x00,0x00,0x00,1,'CONSTITUENT_TITLE','CONSTITUENT_CONSTITUENT_ID'),
 (978,0x00,0x00,'CONSTITUENT_FIRST_NAME','First Name',0x00,0x00,0x00,0x00,0x00,0x00,0x00,1,'CONSTITUENT_FIRST_NAME','CONSTITUENT_CONSTITUENT_ID'),
 (979,0x00,0x00,'CONSTITUENT_MIDDLE_NAME','Middle Name',0x00,0x00,0x00,0x00,0x00,0x00,0x00,1,'CONSTITUENT_MIDDLE_NAME','CONSTITUENT_CONSTITUENT_ID'),
 (980,0x00,0x00,'CONSTITUENT_LAST_NAME','Last Name',0x00,0x00,0x00,0x00,0x00,0x00,0x00,1,'CONSTITUENT_LAST_NAME','CONSTITUENT_CONSTITUENT_ID'),
 (981,0x00,0x00,'CONSTITUENT_SUFFIX','Suffix',0x00,0x00,0x00,0x00,0x00,0x00,0x00,1,'CONSTITUENT_SUFFIX','CONSTITUENT_CONSTITUENT_ID'),
 (982,0x00,0x00,'CONSTITUENT_RECOGNITION_NAME','Recognition Name',0x00,0x00,0x00,0x00,0x00,0x00,0x00,1,'CONSTITUENT_RECOGNITION_NAME','CONSTITUENT_CONSTITUENT_ID'),
 (983,0x00,0x00,'CONSTITUENT_ORGANIZATION_NAME','Organization Name',0x00,0x00,0x00,0x00,0x00,0x00,0x00,1,'CONSTITUENT_ORGANIZATION_NAME','CONSTITUENT_CONSTITUENT_ID'),
 (984,0x00,0x00,'CONSTITUENT_LEGAL_NAME','Legal Name',0x00,0x00,0x00,0x00,0x00,0x00,0x00,1,'CONSTITUENT_LEGAL_NAME','CONSTITUENT_CONSTITUENT_ID'),
 (985,0x00,0x00,'GETCUSTOMFIELD(CONSTITUENT_CONSTITUENT_ID, \'person\', \'organization.matching\')','Matching',0x00,0x00,0x00,0x00,0x00,0x00,0x00,1,'ORGANIZATION_MATCHING','CONSTITUENT_CONSTITUENT_ID'),
 (986,0x00,0x00,'GETCUSTOMFIELD(CONSTITUENT_CONSTITUENT_ID, \'person\', \'organization.percentMatch\')','Percent Matching',0x00,0x00,0x00,0x00,0x00,0x00,0x00,3,'ORGANIZATION_PERCENTMATCH','CONSTITUENT_CONSTITUENT_ID'),
 (987,0x00,0x00,'GETCUSTOMFIELD(CONSTITUENT_CONSTITUENT_ID, \'person\', \'organization.maximumMatch\')','Maximum Match',0x00,0x00,0x00,0x00,0x00,0x00,0x00,5,'ORGANIZATION_MAXIMUMMATCH','CONSTITUENT_CONSTITUENT_ID'),
 (988,0x00,0x00,'GETCUSTOMFIELD(CONSTITUENT_CONSTITUENT_ID, \'person\', \'organization.website\')','Website',0x00,0x00,0x00,0x00,0x00,0x00,0x00,1,'ORGANIZATION_WEBSITE','CONSTITUENT_CONSTITUENT_ID'),
 (989,0x00,0x00,'GETCUSTOMFIELD(CONSTITUENT_CONSTITUENT_ID, \'person\', \'organization.taxid\')','Tax ID',0x00,0x00,0x00,0x00,0x00,0x00,0x00,1,'ORGANIZATION_TAXID','CONSTITUENT_CONSTITUENT_ID'),
 (990,0x00,0x00,'CONSTITUENT_NCAIS_CODE','NCAIS Code',0x00,0x00,0x00,0x00,0x00,0x00,0x00,1,'CONSTITUENT_NCAIS_CODE','CONSTITUENT_CONSTITUENT_ID'),
 (991,0x00,0x00,'GETCUSTOMFIELD(CONSTITUENT_CONSTITUENT_ID, \'person\', \'communicationPreferences\')','Communication Preferences',0x00,0x00,0x00,0x00,0x00,0x00,0x00,1,'COMMUNICATIONPREFERENCES','CONSTITUENT_CONSTITUENT_ID'),
 (992,0x00,0x00,'GETCUSTOMFIELD(CONSTITUENT_CONSTITUENT_ID, \'person\', \'emailFormat\')','Email Format',0x00,0x00,0x00,0x00,0x00,0x00,0x00,1,'EMAILFORMAT','CONSTITUENT_CONSTITUENT_ID'),
 (993,0x00,0x00,'CONSTITUENT_CREATE_DATE','Create Date',0x00,0x00,0x00,0x00,0x00,0x00,0x00,4,'CONSTITUENT_CREATE_DATE','CONSTITUENT_CONSTITUENT_ID'),
 (994,0x00,0x00,'CONSTITUENT_UPDATE_DATE','Update Date',0x00,0x00,0x00,0x00,0x00,0x00,0x00,4,'CONSTITUENT_UPDATE_DATE','CONSTITUENT_CONSTITUENT_ID'),
 (995,0x00,0x00,'CONSTITUENT_MARITAL_STATUS','Marital Status',0x00,0x00,0x00,0x00,0x00,0x00,0x00,1,'CONSTITUENT_MARITAL_STATUS','CONSTITUENT_CONSTITUENT_ID'),
 (996,0x00,0x00,'GETCUSTOMFIELD(CONSTITUENT_CONSTITUENT_ID, \'person\', \'individual.birthDate\')','Birth Date',0x00,0x00,0x00,0x00,0x00,0x00,0x00,4,'INDIVIDUAL_BIRTHDATE','CONSTITUENT_CONSTITUENT_ID'),
 (997,0x00,0x00,'GETCUSTOMFIELD(CONSTITUENT_CONSTITUENT_ID, \'person\', \'individual.deceased\')','Deceased',0x00,0x00,0x00,0x00,0x00,0x00,0x00,6,'INDIVIDUAL_DECEASED','CONSTITUENT_CONSTITUENT_ID'),
 (998,0x00,0x00,'GETCUSTOMFIELD(CONSTITUENT_CONSTITUENT_ID, \'person\', \'individual.gender\')','Gender',0x00,0x00,0x00,0x00,0x00,0x00,0x00,1,'INDIVIDUAL_GENDER','CONSTITUENT_CONSTITUENT_ID'),
 (999,0x00,0x00,'GETCUSTOMFIELD(CONSTITUENT_CONSTITUENT_ID, \'person\', \'individual.race\')','Race',0x00,0x00,0x00,0x00,0x00,0x00,0x00,1,'INDIVIDUAL_RACE','CONSTITUENT_CONSTITUENT_ID'),
 (1000,0x00,0x00,'GETCUSTOMFIELD(CONSTITUENT_CONSTITUENT_ID, \'person\', \'individual.military\')','Military',0x00,0x00,0x00,0x00,0x00,0x00,0x00,1,'INDIVIDUAL_MILITARY','CONSTITUENT_CONSTITUENT_ID'),
 (1001,0x00,0x00,'CONSTITUENT_SITE_NAME','Site Name',0x00,0x00,0x00,0x00,0x00,0x00,0x00,1,'CONSTITUENT_SITE_NAME','CONSTITUENT_CONSTITUENT_ID'),
 (1002,0x00,0x00,'AUDIT_AUDIT_ID','Audit History ID',0x01,0x00,0x00,0x00,0x00,0x00,0x00,3,'AUDIT_AUDIT_ID','AUDIT_AUDIT_ID'),
 (1003,0x00,0x00,'AUDIT_DATE','Date',0x01,0x00,0x00,0x00,0x00,0x00,0x00,4,'AUDIT_DATE','AUDIT_AUDIT_ID'),
 (1004,0x00,0x00,'AUDIT_USER','User',0x01,0x00,0x00,0x00,0x00,0x00,0x00,1,'AUDIT_USER','AUDIT_AUDIT_ID'),
 (1005,0x00,0x00,'AUDIT_AUDIT_TYPE','Type',0x01,0x00,0x00,0x00,0x00,0x00,0x00,1,'AUDIT_AUDIT_TYPE','AUDIT_AUDIT_ID'),
 (1006,0x00,0x00,'AUDIT_DESCRIPTION','Description',0x01,0x00,0x00,0x00,0x00,0x00,0x00,1,'AUDIT_DESCRIPTION','AUDIT_AUDIT_ID'),
 (1007,0x00,0x00,'AUDIT_ENTITY_TYPE','Object Type',0x01,0x00,0x00,0x00,0x00,0x00,0x00,1,'AUDIT_ENTITY_TYPE','AUDIT_AUDIT_ID'),
 (1008,0x00,0x00,'AUDIT_OBJECT_ID','Object ID',0x00,0x00,0x00,0x00,0x00,0x00,0x00,3,'AUDIT_OBJECT_ID','AUDIT_AUDIT_ID'),
 (1009,0x00,0x00,'AUDIT_SITE_NAME','Site Name',0x00,0x00,0x00,0x00,0x00,0x00,0x00,1,'AUDIT_SITE_NAME','AUDIT_AUDIT_ID'),
 (1010,0x00,0x00,'EMAIL_EMAIL_ID','Email Address ID',0x01,0x00,0x00,0x00,0x00,0x00,0x00,3,'EMAIL_EMAIL_ID','EMAIL_EMAIL_ID'),
 (1011,0x00,0x00,'EMAIL_CONSTITUENT_ID','Account Number',0x00,0x00,0x00,0x00,0x00,0x00,0x00,3,'EMAIL_CONSTITUENT_ID','EMAIL_EMAIL_ID'),
 (1012,0x00,0x00,'GETCONSTITUENTDISPLAYNAME(EMAIL_CONSTITUENT_ID)','Account Name',0x00,0x00,0x00,0x00,0x00,0x00,0x00,1,'ACCOUNT_NAME','EMAIL_EMAIL_ID'),
 (1013,0x00,0x00,'EMAIL_EMAIL_TYPE','Email Type',0x00,0x00,0x00,0x00,0x00,0x00,0x00,1,'EMAIL_EMAIL_TYPE','EMAIL_EMAIL_ID'),
 (1014,0x00,0x00,'EMAIL_ACTIVATION_STATUS','Email Status',0x00,0x00,0x00,0x00,0x00,0x00,0x00,1,'EMAIL_ACTIVATION_STATUS','EMAIL_EMAIL_ID'),
 (1015,0x00,0x00,'EMAIL_EFFECTIVE_DATE','Effective Date',0x00,0x00,0x00,0x00,0x00,0x00,0x00,4,'EMAIL_EFFECTIVE_DATE','EMAIL_EMAIL_ID'),
 (1016,0x00,0x00,'EMAIL_SEASONAL_START_DATE','Seasonal Start Date',0x00,0x00,0x00,0x00,0x00,0x00,0x00,4,'EMAIL_SEASONAL_START_DATE','EMAIL_EMAIL_ID'),
 (1017,0x00,0x00,'EMAIL_SEASONAL_END_DATE','Seasonal End Date',0x00,0x00,0x00,0x00,0x00,0x00,0x00,4,'EMAIL_SEASONAL_END_DATE','EMAIL_EMAIL_ID'),
 (1018,0x00,0x00,'EMAIL_TEMPORARY_START_DATE','Temporary Start Date',0x00,0x00,0x00,0x00,0x00,0x00,0x00,4,'EMAIL_TEMPORARY_START_DATE','EMAIL_EMAIL_ID'),
 (1019,0x00,0x00,'EMAIL_TEMPORARY_END_DATE','Temporary End Date',0x00,0x00,0x00,0x00,0x00,0x00,0x00,4,'EMAIL_TEMPORARY_END_DATE','EMAIL_EMAIL_ID'),
 (1020,0x00,0x00,'EMAIL_EMAIL_ADDRESS','Email Address',0x00,0x00,0x00,0x00,0x00,0x00,0x00,1,'EMAIL_EMAIL_ADDRESS','EMAIL_EMAIL_ID'),
 (1021,0x00,0x00,'EMAIL_EMAIL_DISPLAY','Email Display',0x00,0x00,0x00,0x00,0x00,0x00,0x00,1,'EMAIL_EMAIL_DISPLAY','EMAIL_EMAIL_ID'),
 (1022,0x00,0x00,'EMAIL_RECEIVE_CORRESPONDENCE','Receive Correspondence',0x00,0x00,0x00,0x00,0x00,0x00,0x00,6,'EMAIL_RECEIVE_CORRESPONDENCE','EMAIL_EMAIL_ID'),
 (1023,0x00,0x00,'EMAIL_COMMENT','Comments',0x00,0x00,0x00,0x00,0x00,0x00,0x00,1,'EMAIL_COMMENT','EMAIL_EMAIL_ID'),
 (1024,0x00,0x00,'EMAIL_CREATE_DATE','Email Address Create Date',0x00,0x00,0x00,0x00,0x00,0x00,0x00,4,'EMAIL_CREATE_DATE','EMAIL_EMAIL_ID'),
 (1025,0x00,0x00,'EMAIL_UPDATE_DATE','Email Address Update Date',0x00,0x00,0x00,0x00,0x00,0x00,0x00,4,'EMAIL_UPDATE_DATE','EMAIL_EMAIL_ID'),
 (1026,0x00,0x00,'EMAIL_INACTIVE','Email Address Inactive',0x00,0x00,0x00,0x00,0x00,0x00,0x00,6,'EMAIL_INACTIVE','EMAIL_EMAIL_ID'),
 (1027,0x00,0x00,'AUDIT_AUDIT_ID','Audit History ID',0x01,0x00,0x00,0x00,0x00,0x00,0x00,3,'AUDIT_AUDIT_ID','AUDIT_AUDIT_ID'),
 (1028,0x00,0x00,'AUDIT_DATE','Date',0x01,0x00,0x00,0x00,0x00,0x00,0x00,4,'AUDIT_DATE','AUDIT_AUDIT_ID'),
 (1029,0x00,0x00,'AUDIT_USER','User',0x01,0x00,0x00,0x00,0x00,0x00,0x00,1,'AUDIT_USER','AUDIT_AUDIT_ID'),
 (1030,0x00,0x00,'AUDIT_AUDIT_TYPE','Type',0x01,0x00,0x00,0x00,0x00,0x00,0x00,1,'AUDIT_AUDIT_TYPE','AUDIT_AUDIT_ID'),
 (1031,0x00,0x00,'AUDIT_DESCRIPTION','Description',0x01,0x00,0x00,0x00,0x00,0x00,0x00,1,'AUDIT_DESCRIPTION','AUDIT_AUDIT_ID'),
 (1032,0x00,0x00,'AUDIT_ENTITY_TYPE','Object Type',0x01,0x00,0x00,0x00,0x00,0x00,0x00,1,'AUDIT_ENTITY_TYPE','AUDIT_AUDIT_ID'),
 (1033,0x00,0x00,'AUDIT_OBJECT_ID','Object ID',0x00,0x00,0x00,0x00,0x00,0x00,0x00,3,'AUDIT_OBJECT_ID','AUDIT_AUDIT_ID'),
 (1034,0x00,0x00,'AUDIT_SITE_NAME','Site Name',0x00,0x00,0x00,0x00,0x00,0x00,0x00,1,'AUDIT_SITE_NAME','AUDIT_AUDIT_ID'),
 (1035,0x00,0x00,'GIFT_GIFT_ID','Gift Reference Number',0x01,0x00,0x00,0x00,0x00,0x00,0x00,3,'GIFT_GIFT_ID','GIFT_GIFT_ID'),
 (1036,0x00,0x00,'GIFT_CONSTITUENT_ID','Account Number',0x01,0x00,0x00,0x00,0x00,0x00,0x00,3,'GIFT_CONSTITUENT_ID','GIFT_GIFT_ID'),
 (1037,0x00,0x00,'GETCONSTITUENTDISPLAYNAME(GIFT_CONSTITUENT_ID)','Account Name',0x00,0x00,0x00,0x00,0x00,0x00,0x00,1,'ACCOUNT_NAME','GIFT_GIFT_ID'),
 (1038,0x00,0x00,'GIFT_AMOUNT','Gift Amount',0x01,0x00,0x00,0x00,0x00,0x00,0x00,5,'GIFT_AMOUNT','GIFT_GIFT_ID'),
 (1039,0x00,0x00,'GIFT_CURRENCY_CODE','Currency Code',0x00,0x00,0x00,0x00,0x00,0x00,0x00,1,'GIFT_CURRENCY_CODE','GIFT_GIFT_ID'),
 (1040,0x00,0x00,'GIFT_DONATION_DATE','Donation Date',0x01,0x00,0x00,0x00,0x00,0x00,0x00,4,'GIFT_DONATION_DATE','GIFT_GIFT_ID'),
 (1041,0x00,0x00,'GIFT_POSTMARK_DATE','Postmark Date',0x00,0x00,0x00,0x00,0x00,0x00,0x00,4,'GIFT_POSTMARK_DATE','GIFT_GIFT_ID'),
 (1042,0x00,0x00,'GETCUSTOMFIELD(GIFT_GIFT_ID, \'gift\', \'reference\')','Reference Account Number',0x00,0x00,0x00,0x00,0x00,0x00,0x00,1,'REFERENCE_ACCOUNT_NUMBER','GIFT_GIFT_ID'),
 (1043,0x00,0x00,'GETCONSTITUENTDISPLAYNAME(GETCUSTOMFIELD(GIFT_GIFT_ID, \'gift\', \'reference\'))','Reference Account Name',0x00,0x00,0x00,0x00,0x00,0x00,0x00,1,'REFERENCE_ACCOUNT_NAME','GIFT_GIFT_ID'),
 (1044,0x00,0x00,'GIFT_COMMENTS','Comments',0x00,0x00,0x00,0x00,0x00,0x00,0x00,1,'GIFT_COMMENTS','GIFT_GIFT_ID'),
 (1045,0x00,0x00,'GIFT_TRANSACTIONDATE','Transaction Date',0x00,0x00,0x00,0x00,0x00,0x00,0x00,4,'GIFT_TRANSACTIONDATE','GIFT_GIFT_ID'),
 (1046,0x00,0x00,'GIFT_PAYMENT_SOURCE_PAYMENT_PROFILE_DESCRIPTION','Payment Profile Description',0x00,0x00,0x00,0x00,0x00,0x00,0x00,1,'GIFT_PAYMENT_SOURCE_PAYMENT_PROFILE_DESCRIPTION','GIFT_GIFT_ID'),
 (1047,0x00,0x00,'GIFT_PAYMENT_TYPE','Payment Method',0x00,0x00,0x00,0x00,0x00,0x00,0x00,1,'GIFT_PAYMENT_TYPE','GIFT_GIFT_ID'),
 (1048,0x00,0x00,'GIFT_PAYMENT_SOURCE_CREDIT_CARD_TYPE','Credit Card Type',0x00,0x00,0x00,0x00,0x00,0x00,0x00,1,'GIFT_PAYMENT_SOURCE_CREDIT_CARD_TYPE','GIFT_GIFT_ID'),
 (1049,0x00,0x00,'GIFT_PAYMENT_SOURCE_CREDIT_CARD_HOLDER_NAME','Credit Card Holder Name',0x00,0x00,0x00,0x00,0x00,0x00,0x00,1,'GIFT_PAYMENT_SOURCE_CREDIT_CARD_HOLDER_NAME','GIFT_GIFT_ID'),
 (1050,0x00,0x00,'GIFT_PAYMENT_SOURCE_CREDIT_CARD_EXPIRATION','Credit Card Expiration',0x00,0x00,0x00,0x00,0x00,0x00,0x00,1,'GIFT_PAYMENT_SOURCE_CREDIT_CARD_EXPIRATION','GIFT_GIFT_ID'),
 (1051,0x00,0x00,'GIFT_PAYMENT_SOURCE_CREDIT_CARD_EXPIRATION_DATE','Credit Card Expiration (Date / Time)',0x00,0x00,0x00,0x00,0x00,0x00,0x00,4,'GIFT_PAYMENT_SOURCE_CREDIT_CARD_EXPIRATION_DATE','GIFT_GIFT_ID'),
 (1052,0x00,0x00,'GIFT_PAYMENT_SOURCE_ACH_HOLDER_NAME','ACH Holder Name',0x00,0x00,0x00,0x00,0x00,0x00,0x00,1,'GIFT_PAYMENT_SOURCE_ACH_HOLDER_NAME','GIFT_GIFT_ID'),
 (1053,0x00,0x00,'GIFT_PAYMENT_SOURCE_ACH_ROUTING_NUMBER','ACH Routing Number',0x00,0x00,0x00,0x00,0x00,0x00,0x00,1,'GIFT_PAYMENT_SOURCE_ACH_ROUTING_NUMBER','GIFT_GIFT_ID'),
 (1054,0x00,0x00,'GIFT_CHECK_NUMBER','Check Number',0x00,0x00,0x00,0x00,0x00,0x00,0x00,2,'GIFT_CHECK_NUMBER','GIFT_GIFT_ID'),
 (1055,0x00,0x00,'GIFT_AUTH_CODE','Authorization Code',0x00,0x00,0x00,0x00,0x00,0x00,0x00,1,'GIFT_AUTH_CODE','GIFT_GIFT_ID'),
 (1056,0x00,0x00,'GIFT_PAYMENT_ADDRESS_ADDRESS_LINE_1','Address Line 1',0x00,0x00,0x00,0x00,0x00,0x00,0x00,1,'GIFT_PAYMENT_ADDRESS_ADDRESS_LINE_1','GIFT_GIFT_ID'),
 (1057,0x00,0x00,'GIFT_PAYMENT_ADDRESS_ADDRESS_LINE_2','Address Line 2',0x00,0x00,0x00,0x00,0x00,0x00,0x00,1,'GIFT_PAYMENT_ADDRESS_ADDRESS_LINE_2','GIFT_GIFT_ID'),
 (1058,0x00,0x00,'GIFT_PAYMENT_ADDRESS_ADDRESS_LINE_3','Address Line 3',0x00,0x00,0x00,0x00,0x00,0x00,0x00,1,'GIFT_PAYMENT_ADDRESS_ADDRESS_LINE_3','GIFT_GIFT_ID'),
 (1059,0x00,0x00,'GIFT_PAYMENT_ADDRESS_CITY','City',0x00,0x00,0x00,0x00,0x00,0x00,0x00,1,'GIFT_PAYMENT_ADDRESS_CITY','GIFT_GIFT_ID'),
 (1060,0x00,0x00,'GIFT_PAYMENT_ADDRESS_STATE_PROVINCE','State/Province',0x00,0x00,0x00,0x00,0x00,0x00,0x00,1,'GIFT_PAYMENT_ADDRESS_STATE_PROVINCE','GIFT_GIFT_ID'),
 (1061,0x00,0x00,'GIFT_PAYMENT_ADDRESS_POSTAL_CODE','Zip/Postal Code',0x00,0x00,0x00,0x00,0x00,0x00,0x00,1,'GIFT_PAYMENT_ADDRESS_POSTAL_CODE','GIFT_GIFT_ID'),
 (1062,0x00,0x00,'GIFT_PAYMENT_ADDRESS_COUNTRY','Country',0x00,0x00,0x00,0x00,0x00,0x00,0x00,1,'GIFT_PAYMENT_ADDRESS_COUNTRY','GIFT_GIFT_ID'),
 (1063,0x00,0x00,'GIFT_PAYMENT_PHONE_NUMBER','Phone Number',0x00,0x00,0x00,0x00,0x00,0x00,0x00,1,'GIFT_PAYMENT_PHONE_NUMBER','GIFT_GIFT_ID'),
 (1064,0x00,0x00,'GIFT_ACKNOWLEDGEMENT_EMAIL_EMAIL_ADDRESS','Receipt Email',0x00,0x00,0x00,0x00,0x00,0x00,0x00,1,'GIFT_ACKNOWLEDGEMENT_EMAIL_EMAIL_ADDRESS','GIFT_GIFT_ID'),
 (1065,0x00,0x00,'GIFT_SEND_ACKNOWLEDGMENT','Send Acknowledgment',0x00,0x00,0x00,0x00,0x00,0x00,0x00,6,'GIFT_SEND_ACKNOWLEDGMENT','GIFT_GIFT_ID'),
 (1066,0x00,0x00,'GIFT_ACKNOWLEDGMENT_DATE','Acknowledgment Date',0x00,0x00,0x00,0x00,0x00,0x00,0x00,4,'GIFT_ACKNOWLEDGMENT_DATE','GIFT_GIFT_ID'),
 (1067,0x00,0x00,'AUDIT_AUDIT_ID','Audit History ID',0x01,0x00,0x00,0x00,0x00,0x00,0x00,3,'AUDIT_AUDIT_ID','AUDIT_AUDIT_ID'),
 (1068,0x00,0x00,'AUDIT_DATE','Date',0x01,0x00,0x00,0x00,0x00,0x00,0x00,4,'AUDIT_DATE','AUDIT_AUDIT_ID'),
 (1069,0x00,0x00,'AUDIT_USER','User',0x01,0x00,0x00,0x00,0x00,0x00,0x00,1,'AUDIT_USER','AUDIT_AUDIT_ID'),
 (1070,0x00,0x00,'AUDIT_AUDIT_TYPE','Type',0x01,0x00,0x00,0x00,0x00,0x00,0x00,1,'AUDIT_AUDIT_TYPE','AUDIT_AUDIT_ID'),
 (1071,0x00,0x00,'AUDIT_DESCRIPTION','Description',0x01,0x00,0x00,0x00,0x00,0x00,0x00,1,'AUDIT_DESCRIPTION','AUDIT_AUDIT_ID'),
 (1072,0x00,0x00,'AUDIT_ENTITY_TYPE','Object Type',0x01,0x00,0x00,0x00,0x00,0x00,0x00,1,'AUDIT_ENTITY_TYPE','AUDIT_AUDIT_ID'),
 (1073,0x00,0x00,'AUDIT_OBJECT_ID','Object ID',0x00,0x00,0x00,0x00,0x00,0x00,0x00,3,'AUDIT_OBJECT_ID','AUDIT_AUDIT_ID'),
 (1074,0x00,0x00,'AUDIT_SITE_NAME','Site Name',0x00,0x00,0x00,0x00,0x00,0x00,0x00,1,'AUDIT_SITE_NAME','AUDIT_AUDIT_ID'),
 (1075,0x00,0x00,'PAYMENT_SOURCE_PAYMENT_SOURCE_ID','Payment Method ID',0x01,0x00,0x00,0x00,0x00,0x00,0x00,3,'PAYMENT_SOURCE_PAYMENT_SOURCE_ID','PAYMENT_SOURCE_PAYMENT_SOURCE_ID'),
 (1076,0x00,0x00,'PAYMENT_SOURCE_CONSTITUENT_ID','Account Number',0x00,0x00,0x00,0x00,0x00,0x00,0x00,3,'PAYMENT_SOURCE_CONSTITUENT_ID','PAYMENT_SOURCE_PAYMENT_SOURCE_ID'),
 (1077,0x00,0x00,'GETCONSTITUENTDISPLAYNAME(PAYMENT_SOURCE_CONSTITUENT_ID)','Account Name',0x00,0x00,0x00,0x00,0x00,0x00,0x00,1,'ACCOUNT_NAME','PAYMENT_SOURCE_PAYMENT_SOURCE_ID'),
 (1078,0x00,0x00,'PAYMENT_SOURCE_PAYMENT_PROFILE_DESCRIPTION','Payment Profile Description',0x00,0x00,0x00,0x00,0x00,0x00,0x00,1,'PAYMENT_SOURCE_PAYMENT_PROFILE_DESCRIPTION','PAYMENT_SOURCE_PAYMENT_SOURCE_ID'),
 (1079,0x00,0x00,'PAYMENT_SOURCE_PAYMENT_TYPE','Payment Method',0x00,0x00,0x00,0x00,0x00,0x00,0x00,1,'PAYMENT_SOURCE_PAYMENT_TYPE','PAYMENT_SOURCE_PAYMENT_SOURCE_ID'),
 (1080,0x00,0x00,'PAYMENT_SOURCE_CREDIT_CARD_HOLDER_NAME','Credit Card Holder Name',0x00,0x00,0x00,0x00,0x00,0x00,0x00,1,'PAYMENT_SOURCE_CREDIT_CARD_HOLDER_NAME','PAYMENT_SOURCE_PAYMENT_SOURCE_ID'),
 (1081,0x00,0x00,'PAYMENT_SOURCE_CREDIT_CARD_TYPE','Credit Card Type',0x00,0x00,0x00,0x00,0x00,0x00,0x00,1,'PAYMENT_SOURCE_CREDIT_CARD_TYPE','PAYMENT_SOURCE_PAYMENT_SOURCE_ID'),
 (1082,0x00,0x00,'PAYMENT_SOURCE_CREDIT_CARD_EXPIRATION','Credit Card Expiration',0x00,0x00,0x00,0x00,0x00,0x00,0x00,1,'PAYMENT_SOURCE_CREDIT_CARD_EXPIRATION','PAYMENT_SOURCE_PAYMENT_SOURCE_ID'),
 (1083,0x00,0x00,'PAYMENT_SOURCE_CREDIT_CARD_EXPIRATION_DATE','Credit Card Expiration (Date / Time)',0x00,0x00,0x00,0x00,0x00,0x00,0x00,4,'PAYMENT_SOURCE_CREDIT_CARD_EXPIRATION_DATE','PAYMENT_SOURCE_PAYMENT_SOURCE_ID'),
 (1084,0x00,0x00,'PAYMENT_SOURCE_ACH_HOLDER_NAME','ACH Holder Name',0x00,0x00,0x00,0x00,0x00,0x00,0x00,1,'PAYMENT_SOURCE_ACH_HOLDER_NAME','PAYMENT_SOURCE_PAYMENT_SOURCE_ID'),
 (1085,0x00,0x00,'PAYMENT_SOURCE_ACH_ROUTING_NUMBER','ACH Routing Number',0x00,0x00,0x00,0x00,0x00,0x00,0x00,1,'PAYMENT_SOURCE_ACH_ROUTING_NUMBER','PAYMENT_SOURCE_PAYMENT_SOURCE_ID'),
 (1086,0x00,0x00,'PAYMENT_SOURCE_ADDRESS_ADDRESS_LINE_1','Address Line 1',0x00,0x00,0x00,0x00,0x00,0x00,0x00,1,'PAYMENT_SOURCE_ADDRESS_ADDRESS_LINE_1','PAYMENT_SOURCE_PAYMENT_SOURCE_ID'),
 (1087,0x00,0x00,'PAYMENT_SOURCE_ADDRESS_ADDRESS_LINE_2','Address Line 2',0x00,0x00,0x00,0x00,0x00,0x00,0x00,1,'PAYMENT_SOURCE_ADDRESS_ADDRESS_LINE_2','PAYMENT_SOURCE_PAYMENT_SOURCE_ID'),
 (1088,0x00,0x00,'PAYMENT_SOURCE_ADDRESS_ADDRESS_LINE_3','Address Line 3',0x00,0x00,0x00,0x00,0x00,0x00,0x00,1,'PAYMENT_SOURCE_ADDRESS_ADDRESS_LINE_3','PAYMENT_SOURCE_PAYMENT_SOURCE_ID'),
 (1089,0x00,0x00,'PAYMENT_SOURCE_ADDRESS_CITY','City',0x00,0x00,0x00,0x00,0x00,0x00,0x00,1,'PAYMENT_SOURCE_ADDRESS_CITY','PAYMENT_SOURCE_PAYMENT_SOURCE_ID'),
 (1090,0x00,0x00,'PAYMENT_SOURCE_ADDRESS_STATE_PROVINCE','State/Province',0x00,0x00,0x00,0x00,0x00,0x00,0x00,1,'PAYMENT_SOURCE_ADDRESS_STATE_PROVINCE','PAYMENT_SOURCE_PAYMENT_SOURCE_ID'),
 (1091,0x00,0x00,'PAYMENT_SOURCE_ADDRESS_POSTAL_CODE','Zip/Postal Code',0x00,0x00,0x00,0x00,0x00,0x00,0x00,1,'PAYMENT_SOURCE_ADDRESS_POSTAL_CODE','PAYMENT_SOURCE_PAYMENT_SOURCE_ID'),
 (1092,0x00,0x00,'PAYMENT_SOURCE_ADDRESS_COUNTRY','Country',0x00,0x00,0x00,0x00,0x00,0x00,0x00,1,'PAYMENT_SOURCE_ADDRESS_COUNTRY','PAYMENT_SOURCE_PAYMENT_SOURCE_ID'),
 (1093,0x00,0x00,'PAYMENT_SOURCE_PHONE_NUMBER','Phone Number',0x00,0x00,0x00,0x00,0x00,0x00,0x00,1,'PAYMENT_SOURCE_PHONE_NUMBER','PAYMENT_SOURCE_PAYMENT_SOURCE_ID'),
 (1094,0x00,0x00,'AUDIT_AUDIT_ID','Audit History ID',0x01,0x00,0x00,0x00,0x00,0x00,0x00,3,'AUDIT_AUDIT_ID','AUDIT_AUDIT_ID'),
 (1095,0x00,0x00,'AUDIT_DATE','Date',0x01,0x00,0x00,0x00,0x00,0x00,0x00,4,'AUDIT_DATE','AUDIT_AUDIT_ID'),
 (1096,0x00,0x00,'AUDIT_USER','User',0x01,0x00,0x00,0x00,0x00,0x00,0x00,1,'AUDIT_USER','AUDIT_AUDIT_ID'),
 (1097,0x00,0x00,'AUDIT_AUDIT_TYPE','Type',0x01,0x00,0x00,0x00,0x00,0x00,0x00,1,'AUDIT_AUDIT_TYPE','AUDIT_AUDIT_ID'),
 (1098,0x00,0x00,'AUDIT_DESCRIPTION','Description',0x01,0x00,0x00,0x00,0x00,0x00,0x00,1,'AUDIT_DESCRIPTION','AUDIT_AUDIT_ID'),
 (1099,0x00,0x00,'AUDIT_ENTITY_TYPE','Object Type',0x01,0x00,0x00,0x00,0x00,0x00,0x00,1,'AUDIT_ENTITY_TYPE','AUDIT_AUDIT_ID'),
 (1100,0x00,0x00,'AUDIT_OBJECT_ID','Object ID',0x00,0x00,0x00,0x00,0x00,0x00,0x00,3,'AUDIT_OBJECT_ID','AUDIT_AUDIT_ID'),
 (1101,0x00,0x00,'AUDIT_SITE_NAME','Site Name',0x00,0x00,0x00,0x00,0x00,0x00,0x00,1,'AUDIT_SITE_NAME','AUDIT_AUDIT_ID'),
 (1102,0x00,0x00,'PHONE_PHONE_ID','Phone Number ID',0x01,0x00,0x00,0x00,0x00,0x00,0x00,3,'PHONE_PHONE_ID','PHONE_PHONE_ID'),
 (1103,0x00,0x00,'PHONE_CONSTITUENT_ID','Account Number',0x01,0x00,0x00,0x00,0x00,0x00,0x00,3,'PHONE_CONSTITUENT_ID','PHONE_PHONE_ID'),
 (1104,0x00,0x00,'GETCONSTITUENTDISPLAYNAME(PHONE_CONSTITUENT_ID)','Account Name',0x00,0x00,0x00,0x00,0x00,0x00,0x00,1,'ACCOUNT_NAME','PHONE_PHONE_ID'),
 (1105,0x00,0x00,'PHONE_PHONE_TYPE','Phone Type',0x00,0x00,0x00,0x00,0x00,0x00,0x00,1,'PHONE_PHONE_TYPE','PHONE_PHONE_ID'),
 (1106,0x00,0x00,'PHONE_ACTIVATION_STATUS','Phone Status',0x00,0x00,0x00,0x00,0x00,0x00,0x00,1,'PHONE_ACTIVATION_STATUS','PHONE_PHONE_ID'),
 (1107,0x00,0x00,'PHONE_EFFECTIVE_DATE','Effective Date',0x00,0x00,0x00,0x00,0x00,0x00,0x00,4,'PHONE_EFFECTIVE_DATE','PHONE_PHONE_ID'),
 (1108,0x00,0x00,'PHONE_SEASONAL_START_DATE','Seasonal Start Date',0x00,0x00,0x00,0x00,0x00,0x00,0x00,4,'PHONE_SEASONAL_START_DATE','PHONE_PHONE_ID'),
 (1109,0x00,0x00,'PHONE_SEASONAL_END_DATE','Seasonal End Date',0x00,0x00,0x00,0x00,0x00,0x00,0x00,4,'PHONE_SEASONAL_END_DATE','PHONE_PHONE_ID'),
 (1110,0x00,0x00,'PHONE_TEMPORARY_START_DATE','Temporary Start Date',0x00,0x00,0x00,0x00,0x00,0x00,0x00,4,'PHONE_TEMPORARY_START_DATE','PHONE_PHONE_ID'),
 (1111,0x00,0x00,'PHONE_TEMPORARY_END_DATE','Temporary End Date',0x00,0x00,0x00,0x00,0x00,0x00,0x00,4,'PHONE_TEMPORARY_END_DATE','PHONE_PHONE_ID'),
 (1112,0x00,0x00,'PHONE_NUMBER','Phone Number',0x00,0x00,0x00,0x00,0x00,0x00,0x00,1,'PHONE_NUMBER','PHONE_PHONE_ID'),
 (1113,0x00,0x00,'PHONE_PROVIDER','Provider',0x00,0x00,0x00,0x00,0x00,0x00,0x00,1,'PHONE_PROVIDER','PHONE_PHONE_ID'),
 (1114,0x00,0x00,'PHONE_SMS','SMS',0x00,0x00,0x00,0x00,0x00,0x00,0x00,1,'PHONE_SMS','PHONE_PHONE_ID'),
 (1115,0x00,0x00,'PHONE_RECEIVE_CORRESPONDENCE','Receive Correspondence',0x00,0x00,0x00,0x00,0x00,0x00,0x00,6,'PHONE_RECEIVE_CORRESPONDENCE','PHONE_PHONE_ID'),
 (1116,0x00,0x00,'PHONE_COMMENT','Phone Comments',0x00,0x00,0x00,0x00,0x00,0x00,0x00,1,'PHONE_COMMENT','PHONE_PHONE_ID'),
 (1117,0x00,0x00,'PHONE_CREATE_DATE','Phone Create Date',0x00,0x00,0x00,0x00,0x00,0x00,0x00,4,'PHONE_CREATE_DATE','PHONE_PHONE_ID'),
 (1118,0x00,0x00,'PHONE_UPDATE_DATE','Phone Update Date',0x00,0x00,0x00,0x00,0x00,0x00,0x00,4,'PHONE_UPDATE_DATE','PHONE_PHONE_ID'),
 (1119,0x00,0x00,'PHONE_INACTIVE','Phone Inactive Status',0x00,0x00,0x00,0x00,0x00,0x00,0x00,6,'PHONE_INACTIVE','PHONE_PHONE_ID'),
 (1120,0x00,0x00,'AUDIT_AUDIT_ID','Audit History ID',0x01,0x00,0x00,0x00,0x00,0x00,0x00,3,'AUDIT_AUDIT_ID','AUDIT_AUDIT_ID'),
 (1121,0x00,0x00,'AUDIT_DATE','Date',0x01,0x00,0x00,0x00,0x00,0x00,0x00,4,'AUDIT_DATE','AUDIT_AUDIT_ID'),
 (1122,0x00,0x00,'AUDIT_USER','User',0x01,0x00,0x00,0x00,0x00,0x00,0x00,1,'AUDIT_USER','AUDIT_AUDIT_ID'),
 (1123,0x00,0x00,'AUDIT_AUDIT_TYPE','Type',0x01,0x00,0x00,0x00,0x00,0x00,0x00,1,'AUDIT_AUDIT_TYPE','AUDIT_AUDIT_ID'),
 (1124,0x00,0x00,'AUDIT_DESCRIPTION','Description',0x01,0x00,0x00,0x00,0x00,0x00,0x00,1,'AUDIT_DESCRIPTION','AUDIT_AUDIT_ID'),
 (1125,0x00,0x00,'AUDIT_ENTITY_TYPE','Object Type',0x01,0x00,0x00,0x00,0x00,0x00,0x00,1,'AUDIT_ENTITY_TYPE','AUDIT_AUDIT_ID'),
 (1126,0x00,0x00,'AUDIT_OBJECT_ID','Object ID',0x00,0x00,0x00,0x00,0x00,0x00,0x00,3,'AUDIT_OBJECT_ID','AUDIT_AUDIT_ID'),
 (1127,0x00,0x00,'AUDIT_SITE_NAME','Site Name',0x00,0x00,0x00,0x00,0x00,0x00,0x00,1,'AUDIT_SITE_NAME','AUDIT_AUDIT_ID'),
 (1128,0x00,0x00,'COMMITMENT_COMMITMENT_ID','Pledge ID',0x01,0x00,0x00,0x00,0x00,0x00,0x00,3,'COMMITMENT_COMMITMENT_ID','COMMITMENT_COMMITMENT_ID'),
 (1129,0x00,0x00,'COMMITMENT_CONSTITUENT_ID','Account Number',0x01,0x00,0x00,0x00,0x00,0x00,0x00,3,'COMMITMENT_CONSTITUENT_ID','COMMITMENT_COMMITMENT_ID'),
 (1130,0x00,0x00,'GETCONSTITUENTDISPLAYNAME(COMMITMENT_CONSTITUENT_ID)','Account Name',0x00,0x00,0x00,0x00,0x00,0x00,0x00,1,'ACCOUNT_NAME','COMMITMENT_COMMITMENT_ID'),
 (1131,0x00,0x00,'COMMITMENT_AMOUNT_PER_GIFT','Amount Per Gift',0x00,0x00,0x00,0x00,0x00,0x00,0x00,5,'COMMITMENT_AMOUNT_PER_GIFT','COMMITMENT_COMMITMENT_ID'),
 (1132,0x00,0x00,'COMMITMENT_AMOUNT_TOTAL','Amount Total',0x00,0x00,0x00,0x00,0x00,0x00,0x00,5,'COMMITMENT_AMOUNT_TOTAL','COMMITMENT_COMMITMENT_ID'),
 (1133,0x00,0x00,'COMMITMENT_CURRENCY_CODE','Currency Code',0x00,0x00,0x00,0x00,0x00,0x00,0x00,1,'COMMITMENT_CURRENCY_CODE','COMMITMENT_COMMITMENT_ID'),
 (1134,0x00,0x00,'COMMITMENT_STATUS','Status',0x00,0x00,0x00,0x00,0x00,0x00,0x00,1,'COMMITMENT_STATUS','COMMITMENT_COMMITMENT_ID'),
 (1135,0x00,0x00,'COMMITMENT_FREQUENCY','Frequency',0x00,0x00,0x00,0x00,0x00,0x00,0x00,1,'COMMITMENT_FREQUENCY','COMMITMENT_COMMITMENT_ID'),
 (1136,0x00,0x00,'COMMITMENT_PLEDGE_DATE','Pledge Date',0x00,0x00,0x00,0x00,0x00,0x00,0x00,4,'COMMITMENT_PLEDGE_DATE','COMMITMENT_COMMITMENT_ID'),
 (1137,0x00,0x00,'COMMITMENT_PROJECTED_DATE','Projected Date',0x00,0x00,0x00,0x00,0x00,0x00,0x00,4,'COMMITMENT_PROJECTED_DATE','COMMITMENT_COMMITMENT_ID'),
 (1138,0x00,0x00,'COMMITMENT_START_DATE','Start Date',0x00,0x00,0x00,0x00,0x00,0x00,0x00,4,'COMMITMENT_START_DATE','COMMITMENT_COMMITMENT_ID'),
 (1139,0x00,0x00,'COMMITMENT_END_DATE','End Date',0x00,0x00,0x00,0x00,0x00,0x00,0x00,4,'COMMITMENT_END_DATE','COMMITMENT_COMMITMENT_ID'),
 (1140,0x00,0x00,'COMMITMENT_COMMENTS','Comments',0x00,0x00,0x00,0x00,0x00,0x00,0x00,1,'COMMITMENT_COMMENTS','COMMITMENT_COMMITMENT_ID'),
 (1141,0x00,0x00,'COMMITMENT_ACKNOWLEDGEMENT_EMAIL_EMAIL_ADDRESS','Receipt Email',0x00,0x00,0x00,0x00,0x00,0x00,0x00,1,'COMMITMENT_ACKNOWLEDGEMENT_EMAIL_EMAIL_ADDRESS','COMMITMENT_COMMITMENT_ID'),
 (1142,0x00,0x00,'COMMITMENT_SEND_ACKNOWLEDGMENT','Send Acknowledgment',0x00,0x00,0x00,0x00,0x00,0x00,0x00,6,'COMMITMENT_SEND_ACKNOWLEDGMENT','COMMITMENT_COMMITMENT_ID'),
 (1143,0x00,0x00,'COMMITMENT_ACKNOWLEDGMENT_DATE','Acknowledgment Date',0x00,0x00,0x00,0x00,0x00,0x00,0x00,4,'COMMITMENT_ACKNOWLEDGMENT_DATE','COMMITMENT_COMMITMENT_ID'),
 (1144,0x00,0x00,'COMMITMENT_ACKNOWLEDGEMENT_EMAIL_EMAIL_ADDRESS','Receipt Email',0x00,0x00,0x00,0x00,0x00,0x00,0x00,1,'COMMITMENT_ACKNOWLEDGEMENT_EMAIL_EMAIL_ADDRESS','COMMITMENT_COMMITMENT_ID'),
 (1145,0x00,0x00,'COMMITMENT_SEND_ACKNOWLEDGMENT','Send Acknowledgment',0x00,0x00,0x00,0x00,0x00,0x00,0x00,6,'COMMITMENT_SEND_ACKNOWLEDGMENT','COMMITMENT_COMMITMENT_ID'),
 (1146,0x00,0x00,'COMMITMENT_ACKNOWLEDGMENT_DATE','Acknowledgment Date',0x00,0x00,0x00,0x00,0x00,0x00,0x00,4,'COMMITMENT_ACKNOWLEDGMENT_DATE','COMMITMENT_COMMITMENT_ID'),
 (1147,0x00,0x00,'AUDIT_AUDIT_ID','Audit History ID',0x01,0x00,0x00,0x00,0x00,0x00,0x00,3,'AUDIT_AUDIT_ID','AUDIT_AUDIT_ID'),
 (1148,0x00,0x00,'AUDIT_DATE','Date',0x01,0x00,0x00,0x00,0x00,0x00,0x00,4,'AUDIT_DATE','AUDIT_AUDIT_ID'),
 (1149,0x00,0x00,'AUDIT_USER','User',0x01,0x00,0x00,0x00,0x00,0x00,0x00,1,'AUDIT_USER','AUDIT_AUDIT_ID'),
 (1150,0x00,0x00,'AUDIT_AUDIT_TYPE','Type',0x01,0x00,0x00,0x00,0x00,0x00,0x00,1,'AUDIT_AUDIT_TYPE','AUDIT_AUDIT_ID'),
 (1151,0x00,0x00,'AUDIT_DESCRIPTION','Description',0x01,0x00,0x00,0x00,0x00,0x00,0x00,1,'AUDIT_DESCRIPTION','AUDIT_AUDIT_ID'),
 (1152,0x00,0x00,'AUDIT_ENTITY_TYPE','Object Type',0x01,0x00,0x00,0x00,0x00,0x00,0x00,1,'AUDIT_ENTITY_TYPE','AUDIT_AUDIT_ID'),
 (1153,0x00,0x00,'AUDIT_OBJECT_ID','Object ID',0x00,0x00,0x00,0x00,0x00,0x00,0x00,3,'AUDIT_OBJECT_ID','AUDIT_AUDIT_ID'),
 (1154,0x00,0x00,'AUDIT_SITE_NAME','Site Name',0x00,0x00,0x00,0x00,0x00,0x00,0x00,1,'AUDIT_SITE_NAME','AUDIT_AUDIT_ID'),
 (1155,0x00,0x00,'COMMITMENT_COMMITMENT_ID','Recurring Gift ID',0x01,0x00,0x00,0x00,0x00,0x00,0x00,3,'COMMITMENT_COMMITMENT_ID','COMMITMENT_COMMITMENT_ID'),
 (1156,0x00,0x00,'COMMITMENT_CONSTITUENT_ID','Account Number',0x01,0x00,0x00,0x00,0x00,0x00,0x00,3,'COMMITMENT_CONSTITUENT_ID','COMMITMENT_COMMITMENT_ID'),
 (1157,0x00,0x00,'GETCONSTITUENTDISPLAYNAME(COMMITMENT_CONSTITUENT_ID)','Account Name',0x00,0x00,0x00,0x00,0x00,0x00,0x00,1,'ACCOUNT_NAME','COMMITMENT_COMMITMENT_ID'),
 (1158,0x00,0x00,'COMMITMENT_AUTO_PAY','Auto Pay',0x00,0x00,0x00,0x00,0x00,0x00,0x00,6,'COMMITMENT_AUTO_PAY','COMMITMENT_COMMITMENT_ID'),
 (1159,0x00,0x00,'COMMITMENT_AMOUNT_PER_GIFT','Amount Per Gift',0x01,0x00,0x00,0x00,0x00,0x00,0x00,5,'COMMITMENT_AMOUNT_PER_GIFT','COMMITMENT_COMMITMENT_ID'),
 (1160,0x00,0x00,'COMMITMENT_AMOUNT_TOTAL','Amount Total',0x01,0x00,0x00,0x00,0x00,0x00,0x00,5,'COMMITMENT_AMOUNT_TOTAL','COMMITMENT_COMMITMENT_ID'),
 (1161,0x00,0x00,'COMMITMENT_CURRENCY_CODE','Currency Code',0x00,0x00,0x00,0x00,0x00,0x00,0x00,1,'COMMITMENT_CURRENCY_CODE','COMMITMENT_COMMITMENT_ID'),
 (1162,0x00,0x00,'COMMITMENT_FREQUENCY','Frequency',0x00,0x00,0x00,0x00,0x00,0x00,0x00,1,'COMMITMENT_FREQUENCY','COMMITMENT_COMMITMENT_ID'),
 (1163,0x00,0x00,'COMMITMENT_START_DATE','Start Date',0x00,0x00,0x00,0x00,0x00,0x00,0x00,4,'COMMITMENT_START_DATE','COMMITMENT_COMMITMENT_ID'),
 (1164,0x00,0x00,'COMMITMENT_END_DATE','End Date',0x00,0x00,0x00,0x00,0x00,0x00,0x00,4,'COMMITMENT_END_DATE','COMMITMENT_COMMITMENT_ID'),
 (1165,0x00,0x00,'COMMITMENT_STATUS','Status',0x00,0x00,0x00,0x00,0x00,0x00,0x00,1,'COMMITMENT_STATUS','COMMITMENT_COMMITMENT_ID'),
 (1166,0x00,0x00,'GETCUSTOMFIELD(COMMITMENT_COMMITMENT_ID, \'commitment\', \'reference\')','Reference Account Number',0x00,0x00,0x00,0x00,0x00,0x00,0x00,1,'REFERENCE_ACCOUNT_NUMBER','COMMITMENT_COMMITMENT_ID');
INSERT INTO `REPORTFIELD` (`REPORTFIELD_ID`,`AVERAGE`,`CAN_BE_SUMMARIZED`,`COLUMN_NAME`,`DISPLAY_NAME`,`IS_DEFAULT`,`IS_SUMMARIZED`,`LARGEST_VALUE`,`PERFORMSUMMARY`,`RECORD_COUNT`,`IS_SELECTED`,`SMALLEST_VALUE`,`FIELD_TYPE`,`ALIAS_NAME`,`PRIMARY_KEYS`) VALUES 
 (1167,0x00,0x00,'GETCONSTITUENTDISPLAYNAME(GETCUSTOMFIELD(COMMITMENT_COMMITMENT_ID, \'commitment\', \'reference\'))','Reference Account Name',0x00,0x00,0x00,0x00,0x00,0x00,0x00,1,'REFERENCE_ACCOUNT_NAME','COMMITMENT_COMMITMENT_ID'),
 (1168,0x00,0x00,'COMMITMENT_COMMENTS','Comments',0x00,0x00,0x00,0x00,0x00,0x00,0x00,1,'COMMITMENT_COMMENTS','COMMITMENT_COMMITMENT_ID'),
 (1169,0x00,0x00,'COMMITMENT_LAST_ENTRY_DATE','Last Entry Date',0x00,0x00,0x00,0x00,0x00,0x00,0x00,4,'COMMITMENT_LAST_ENTRY_DATE','COMMITMENT_COMMITMENT_ID'),
 (1170,0x00,0x00,'COMMITMENT_CREATE_DATE','Recurring Gift Create Date',0x00,0x00,0x00,0x00,0x00,0x00,0x00,4,'COMMITMENT_CREATE_DATE','COMMITMENT_COMMITMENT_ID'),
 (1171,0x00,0x00,'COMMITMENT_UPDATE_DATE','Recurring Gift Update Date',0x00,0x00,0x00,0x00,0x00,0x00,0x00,4,'COMMITMENT_UPDATE_DATE','COMMITMENT_COMMITMENT_ID'),
 (1172,0x00,0x00,'COMMITMENT_PAYMENT_SOURCE_PAYMENT_PROFILE_DESCRIPTION','Payment Profile Description',0x00,0x00,0x00,0x00,0x00,0x00,0x00,1,'COMMITMENT_PAYMENT_SOURCE_PAYMENT_PROFILE_DESCRIPTION','COMMITMENT_COMMITMENT_ID'),
 (1173,0x00,0x00,'COMMITMENT_PAYMENT_TYPE','Payment Method',0x00,0x00,0x00,0x00,0x00,0x00,0x00,1,'COMMITMENT_PAYMENT_TYPE','COMMITMENT_COMMITMENT_ID'),
 (1174,0x00,0x00,'COMMITMENT_PAYMENT_SOURCE_CREDIT_CARD_TYPE','Credit Card Type',0x00,0x00,0x00,0x00,0x00,0x00,0x00,1,'COMMITMENT_PAYMENT_SOURCE_CREDIT_CARD_TYPE','COMMITMENT_COMMITMENT_ID'),
 (1175,0x00,0x00,'COMMITMENT_PAYMENT_SOURCE_CREDIT_CARD_HOLDER_NAME','Credit Card Holder Name',0x00,0x00,0x00,0x00,0x00,0x00,0x00,1,'COMMITMENT_PAYMENT_SOURCE_CREDIT_CARD_HOLDER_NAME','COMMITMENT_COMMITMENT_ID'),
 (1176,0x00,0x00,'COMMITMENT_PAYMENT_SOURCE_CREDIT_CARD_EXPIRATION','Credit Card Expiration',0x00,0x00,0x00,0x00,0x00,0x00,0x00,1,'COMMITMENT_PAYMENT_SOURCE_CREDIT_CARD_EXPIRATION','COMMITMENT_COMMITMENT_ID'),
 (1177,0x00,0x00,'COMMITMENT_PAYMENT_SOURCE_CREDIT_CARD_EXPIRATION_DATE','Credit Card Expiration (Date / Time)',0x00,0x00,0x00,0x00,0x00,0x00,0x00,4,'COMMITMENT_PAYMENT_SOURCE_CREDIT_CARD_EXPIRATION_DATE','COMMITMENT_COMMITMENT_ID'),
 (1178,0x00,0x00,'COMMITMENT_PAYMENT_SOURCE_ACH_HOLDER_NAME','ACH Holder Name',0x00,0x00,0x00,0x00,0x00,0x00,0x00,1,'COMMITMENT_PAYMENT_SOURCE_ACH_HOLDER_NAME','COMMITMENT_COMMITMENT_ID'),
 (1179,0x00,0x00,'COMMITMENT_PAYMENT_SOURCE_ACH_ROUTING_NUMBER','ACH Routing Number',0x00,0x00,0x00,0x00,0x00,0x00,0x00,1,'COMMITMENT_PAYMENT_SOURCE_ACH_ROUTING_NUMBER','COMMITMENT_COMMITMENT_ID'),
 (1180,0x00,0x00,'COMMITMENT_CHECK_NUMBER','Check Number',0x00,0x00,0x00,0x00,0x00,0x00,0x00,2,'COMMITMENT_CHECK_NUMBER','COMMITMENT_COMMITMENT_ID'),
 (1181,0x00,0x00,'COMMITMENT_PAYMENT_ADDRESS_ADDRESS_LINE_1','Address Line 1',0x00,0x00,0x00,0x00,0x00,0x00,0x00,1,'COMMITMENT_PAYMENT_ADDRESS_ADDRESS_LINE_1','COMMITMENT_COMMITMENT_ID'),
 (1182,0x00,0x00,'COMMITMENT_PAYMENT_ADDRESS_ADDRESS_LINE_2','Address Line 2',0x00,0x00,0x00,0x00,0x00,0x00,0x00,1,'COMMITMENT_PAYMENT_ADDRESS_ADDRESS_LINE_2','COMMITMENT_COMMITMENT_ID'),
 (1183,0x00,0x00,'COMMITMENT_PAYMENT_ADDRESS_ADDRESS_LINE_3','Address Line 3',0x00,0x00,0x00,0x00,0x00,0x00,0x00,1,'COMMITMENT_PAYMENT_ADDRESS_ADDRESS_LINE_3','COMMITMENT_COMMITMENT_ID'),
 (1184,0x00,0x00,'COMMITMENT_PAYMENT_ADDRESS_CITY','City',0x00,0x00,0x00,0x00,0x00,0x00,0x00,1,'COMMITMENT_PAYMENT_ADDRESS_CITY','COMMITMENT_COMMITMENT_ID'),
 (1185,0x00,0x00,'COMMITMENT_PAYMENT_ADDRESS_STATE_PROVINCE','State/Province',0x00,0x00,0x00,0x00,0x00,0x00,0x00,1,'COMMITMENT_PAYMENT_ADDRESS_STATE_PROVINCE','COMMITMENT_COMMITMENT_ID'),
 (1186,0x00,0x00,'COMMITMENT_PAYMENT_ADDRESS_POSTAL_CODE','Zip/Postal Code',0x00,0x00,0x00,0x00,0x00,0x00,0x00,1,'COMMITMENT_PAYMENT_ADDRESS_POSTAL_CODE','COMMITMENT_COMMITMENT_ID'),
 (1187,0x00,0x00,'COMMITMENT_PAYMENT_ADDRESS_COUNTRY','Country',0x00,0x00,0x00,0x00,0x00,0x00,0x00,1,'COMMITMENT_PAYMENT_ADDRESS_COUNTRY','COMMITMENT_COMMITMENT_ID'),
 (1188,0x00,0x00,'COMMITMENT_PAYMENT_PHONE_NUMBER','Phone Number',0x00,0x00,0x00,0x00,0x00,0x00,0x00,1,'COMMITMENT_PAYMENT_PHONE_NUMBER','COMMITMENT_COMMITMENT_ID'),
 (1189,0x00,0x00,'COMMITMENT_ACKNOWLEDGEMENT_EMAIL_EMAIL_ADDRESS','Receipt Email',0x00,0x00,0x00,0x00,0x00,0x00,0x00,1,'COMMITMENT_ACKNOWLEDGEMENT_EMAIL_EMAIL_ADDRESS','COMMITMENT_COMMITMENT_ID'),
 (1190,0x00,0x00,'COMMITMENT_SEND_ACKNOWLEDGMENT','Send Acknowledgment',0x00,0x00,0x00,0x00,0x00,0x00,0x00,6,'COMMITMENT_SEND_ACKNOWLEDGMENT','COMMITMENT_COMMITMENT_ID'),
 (1191,0x00,0x00,'COMMITMENT_ACKNOWLEDGMENT_DATE','Acknowledgment Date',0x00,0x00,0x00,0x00,0x00,0x00,0x00,4,'COMMITMENT_ACKNOWLEDGMENT_DATE','COMMITMENT_COMMITMENT_ID'),
 (1192,0x00,0x00,'COMMUNICATION_HISTORY_COMMUNICATION_HISTORY_ID','Journal Reference Number',0x01,0x00,0x00,0x00,0x00,0x00,0x00,3,'COMMUNICATION_HISTORY_COMMUNICATION_HISTORY_ID','COMMUNICATION_HISTORY_COMMUNICATION_HISTORY_ID'),
 (1193,0x00,0x00,'COMMUNICATION_HISTORY_COMMUNICATION_TYPE','Entry Type',0x01,0x00,0x00,0x00,0x00,0x00,0x00,1,'COMMUNICATION_HISTORY_COMMUNICATION_TYPE','COMMUNICATION_HISTORY_COMMUNICATION_HISTORY_ID'),
 (1194,0x00,0x00,'COMMUNICATION_HISTORY_RECORD_DATE','Journal Entry Date',0x01,0x00,0x00,0x00,0x00,0x00,0x00,4,'COMMUNICATION_HISTORY_RECORD_DATE','COMMUNICATION_HISTORY_COMMUNICATION_HISTORY_ID'),
 (1195,0x00,0x00,'COMMUNICATION_HISTORY_COMMENTS','Comments',0x01,0x00,0x00,0x00,0x00,0x00,0x00,1,'COMMUNICATION_HISTORY_COMMENTS','COMMUNICATION_HISTORY_COMMUNICATION_HISTORY_ID'),
 (1196,0x00,0x00,'COMMUNICATION_HISTORY_SYSTEM_GENERATED','System Generated',0x00,0x00,0x00,0x00,0x00,0x00,0x00,6,'COMMUNICATION_HISTORY_SYSTEM_GENERATED','COMMUNICATION_HISTORY_COMMUNICATION_HISTORY_ID'),
 (1197,0x00,0x00,'COMMUNICATION_HISTORY_CREATE_DATE','Create Date',0x00,0x00,0x00,0x00,0x00,0x00,0x00,4,'COMMUNICATION_HISTORY_CREATE_DATE','COMMUNICATION_HISTORY_COMMUNICATION_HISTORY_ID'),
 (1198,0x00,0x00,'COMMUNICATION_HISTORY_UPDATE_DATE','Update Date',0x00,0x00,0x00,0x00,0x00,0x00,0x00,4,'COMMUNICATION_HISTORY_UPDATE_DATE','COMMUNICATION_HISTORY_COMMUNICATION_HISTORY_ID'),
 (1199,0x00,0x00,'GETCONSTITUENTACCOUNTNUMBER(COMMUNICATION_HISTORY_CONSTITUENT_ID)','Account Number',0x00,0x00,0x00,0x00,0x00,0x00,0x00,3,'COMMUNICATION_HISTORY_ACCOUNT_NUMBER','COMMUNICATION_HISTORY_COMMUNICATION_HISTORY_ID'),
 (1200,0x00,0x00,'GETCONSTITUENTACCOUNTNUMBER(COMMUNICATION_HISTORY_ASSIGNED_TO)','Assigned To Account Number',0x00,0x00,0x00,0x00,0x00,0x00,0x00,3,'COMMUNICATION_HISTORY_ASSIGNED_TO_ACCOUNT_NUMBER','COMMUNICATION_HISTORY_COMMUNICATION_HISTORY_ID'),
 (1201,0x00,0x00,'GETCONSTITUENTDISPLAYNAME(COMMUNICATION_HISTORY_ASSIGNED_TO)','Assigned To Name',0x00,0x00,0x00,0x00,0x00,0x00,0x00,3,'COMMUNICATION_HISTORY_ASSIGNED_TO_ACCOUNTNAME','COMMUNICATION_HISTORY_COMMUNICATION_HISTORY_ID'),
 (1202,0x00,0x00,'GETCONSTITUENTACCOUNTNUMBER(COMMUNICATION_HISTORY_RECORDED_BY)','Recorded By Account Number',0x00,0x00,0x00,0x00,0x00,0x00,0x00,3,'COMMUNICATION_HISTORY_RECORDED_BY_ACCOUNT_NUMBER','COMMUNICATION_HISTORY_COMMUNICATION_HISTORY_ID'),
 (1203,0x00,0x00,'GETCONSTITUENTDISPLAYNAME(COMMUNICATION_HISTORY_RECORDED_BY)','Recorded By Name',0x00,0x00,0x00,0x00,0x00,0x00,0x00,3,'COMMUNICATION_HISTORY_RECORDED_BY_ACCOUNT_NAME','COMMUNICATION_HISTORY_COMMUNICATION_HISTORY_ID'),
 (1204,0x00,0x00,'COMMUNICATION_HISTORY_COMMUNICATION_HISTORY_ID','Journal Reference Number',0x01,0x00,0x00,0x00,0x00,0x00,0x00,3,'COMMUNICATION_HISTORY_COMMUNICATION_HISTORY_ID','COMMUNICATION_HISTORY_COMMUNICATION_HISTORY_ID'),
 (1205,0x00,0x00,'COMMUNICATION_HISTORY_COMMUNICATION_TYPE','Entry Type',0x01,0x00,0x00,0x00,0x00,0x00,0x00,1,'COMMUNICATION_HISTORY_COMMUNICATION_TYPE','COMMUNICATION_HISTORY_COMMUNICATION_HISTORY_ID'),
 (1206,0x00,0x00,'COMMUNICATION_HISTORY_RECORD_DATE','Journal Entry Date',0x01,0x00,0x00,0x00,0x00,0x00,0x00,4,'COMMUNICATION_HISTORY_RECORD_DATE','COMMUNICATION_HISTORY_COMMUNICATION_HISTORY_ID'),
 (1207,0x00,0x00,'COMMUNICATION_HISTORY_COMMENTS','Comments',0x01,0x00,0x00,0x00,0x00,0x00,0x00,1,'COMMUNICATION_HISTORY_COMMENTS','COMMUNICATION_HISTORY_COMMUNICATION_HISTORY_ID'),
 (1208,0x00,0x00,'COMMUNICATION_HISTORY_SYSTEM_GENERATED','System Generated',0x00,0x00,0x00,0x00,0x00,0x00,0x00,6,'COMMUNICATION_HISTORY_SYSTEM_GENERATED','COMMUNICATION_HISTORY_COMMUNICATION_HISTORY_ID'),
 (1209,0x00,0x00,'COMMUNICATION_HISTORY_CREATE_DATE','Create Date',0x00,0x00,0x00,0x00,0x00,0x00,0x00,4,'COMMUNICATION_HISTORY_CREATE_DATE','COMMUNICATION_HISTORY_COMMUNICATION_HISTORY_ID'),
 (1210,0x00,0x00,'COMMUNICATION_HISTORY_UPDATE_DATE','Update Date',0x00,0x00,0x00,0x00,0x00,0x00,0x00,4,'COMMUNICATION_HISTORY_UPDATE_DATE','COMMUNICATION_HISTORY_COMMUNICATION_HISTORY_ID'),
 (1211,0x00,0x00,'GETCONSTITUENTACCOUNTNUMBER(COMMUNICATION_HISTORY_CONSTITUENT_ID)','Account Number',0x00,0x00,0x00,0x00,0x00,0x00,0x00,3,'COMMUNICATION_HISTORY_ACCOUNTNUMBER','COMMUNICATION_HISTORY_COMMUNICATION_HISTORY_ID'),
 (1212,0x00,0x00,'GETCONSTITUENTACCOUNTNUMBER(COMMUNICATION_HISTORY_ASSIGNED_TO)','Assigned To Account Number',0x00,0x00,0x00,0x00,0x00,0x00,0x00,3,'COMMUNICATION_HISTORY_ASSIGNEDTO_ACCOUNTNUMBER','COMMUNICATION_HISTORY_COMMUNICATION_HISTORY_ID'),
 (1213,0x00,0x00,'GETCONSTITUENTDISPLAYNAME(COMMUNICATION_HISTORY_ASSIGNED_TO)','Assigned To Name',0x00,0x00,0x00,0x00,0x00,0x00,0x00,3,'COMMUNICATION_HISTORY_ASSIGNEDTO_NAME','COMMUNICATION_HISTORY_COMMUNICATION_HISTORY_ID'),
 (1214,0x00,0x00,'GETCONSTITUENTACCOUNTNUMBER(COMMUNICATION_HISTORY_RECORDED_BY)','Recorded By Account Number',0x00,0x00,0x00,0x00,0x00,0x00,0x00,3,'COMMUNICATION_HISTORY_RECORDEDBY_ACCOUNTNUMBER','COMMUNICATION_HISTORY_COMMUNICATION_HISTORY_ID'),
 (1215,0x00,0x00,'GETCONSTITUENTDISPLAYNAME(COMMUNICATION_HISTORY_RECORDED_BY)','Recorded By Name',0x00,0x00,0x00,0x00,0x00,0x00,0x00,3,'COMMUNICATION_HISTORY_RECORDEDBY_NAME','COMMUNICATION_HISTORY_COMMUNICATION_HISTORY_ID'),
 (1216,0x00,0x00,'CONSTITUENT_CONSTITUENT_ID','Account Number',0x01,0x00,0x00,0x00,0x00,0x00,0x00,3,'CONSTITUENT_CONSTITUENT_ID','CONSTITUENT_CONSTITUENT_ID'),
 (1217,0x00,0x00,'GETCONSTITUENTDISPLAYNAME(GETCUSTOMFIELD(CONSTITUENT_CONSTITUENT_ID, \'person\', \'accountManager\'))','Account Manager Name',0x00,0x00,0x00,0x00,0x00,0x00,0x00,1,'ACCOUNTMANAGER','CONSTITUENT_CONSTITUENT_ID'),
 (1218,0x00,0x00,'GETCUSTOMFIELD(CONSTITUENT_CONSTITUENT_ID, \'person\', \'accountManager\')','Account Manager Account Number',0x00,0x00,0x00,0x00,0x00,0x00,0x00,3,'ACCOUNTMANAGERACCOUNTNUMBER','CONSTITUENT_CONSTITUENT_ID'),
 (1219,0x00,0x00,'CONSTITUENT_CONSTITUENT_TYPE','Constituent Type',0x00,0x00,0x00,0x00,0x00,0x00,0x00,1,'CONSTITUENT_CONSTITUENT_TYPE','CONSTITUENT_CONSTITUENT_ID'),
 (1220,0x00,0x00,'CONSTITUENT_CONSTITUENT_ROLE','Profile Type',0x00,0x00,0x00,0x00,0x00,0x00,0x00,1,'CONSTITUENT_CONSTITUENT_ROLE','CONSTITUENT_CONSTITUENT_ID'),
 (1221,0x00,0x00,'CONSTITUENT_DONOR_PROFILE','Donor Profile',0x00,0x00,0x00,0x00,0x00,0x00,0x00,1,'CONSTITUENT_DONOR_PROFILE','CONSTITUENT_CONSTITUENT_ID'),
 (1222,0x00,0x00,'CONSTITUENT_TITLE','Title',0x00,0x00,0x00,0x00,0x00,0x00,0x00,1,'CONSTITUENT_TITLE','CONSTITUENT_CONSTITUENT_ID'),
 (1223,0x00,0x00,'CONSTITUENT_FIRST_NAME','First Name',0x00,0x00,0x00,0x00,0x00,0x00,0x00,1,'CONSTITUENT_FIRST_NAME','CONSTITUENT_CONSTITUENT_ID'),
 (1224,0x00,0x00,'CONSTITUENT_MIDDLE_NAME','Middle Name',0x00,0x00,0x00,0x00,0x00,0x00,0x00,1,'CONSTITUENT_MIDDLE_NAME','CONSTITUENT_CONSTITUENT_ID'),
 (1225,0x00,0x00,'CONSTITUENT_LAST_NAME','Last Name',0x00,0x00,0x00,0x00,0x00,0x00,0x00,1,'CONSTITUENT_LAST_NAME','CONSTITUENT_CONSTITUENT_ID'),
 (1226,0x00,0x00,'CONSTITUENT_SUFFIX','Suffix',0x00,0x00,0x00,0x00,0x00,0x00,0x00,1,'CONSTITUENT_SUFFIX','CONSTITUENT_CONSTITUENT_ID'),
 (1227,0x00,0x00,'CONSTITUENT_RECOGNITION_NAME','Recognition Name',0x00,0x00,0x00,0x00,0x00,0x00,0x00,1,'CONSTITUENT_RECOGNITION_NAME','CONSTITUENT_CONSTITUENT_ID'),
 (1228,0x00,0x00,'CONSTITUENT_ORGANIZATION_NAME','Organization Name',0x00,0x00,0x00,0x00,0x00,0x00,0x00,1,'CONSTITUENT_ORGANIZATION_NAME','CONSTITUENT_CONSTITUENT_ID'),
 (1229,0x00,0x00,'CONSTITUENT_LEGAL_NAME','Legal Name',0x00,0x00,0x00,0x00,0x00,0x00,0x00,1,'CONSTITUENT_LEGAL_NAME','CONSTITUENT_CONSTITUENT_ID'),
 (1230,0x00,0x00,'GETCUSTOMFIELD(CONSTITUENT_CONSTITUENT_ID, \'person\', \'organization.matching\')','Matching',0x00,0x00,0x00,0x00,0x00,0x00,0x00,1,'ORGANIZATION_MATCHING','CONSTITUENT_CONSTITUENT_ID'),
 (1231,0x00,0x00,'GETCUSTOMFIELD(CONSTITUENT_CONSTITUENT_ID, \'person\', \'organization.percentMatch\')','Percent Matching',0x00,0x00,0x00,0x00,0x00,0x00,0x00,3,'ORGANIZATION_PERCENTMATCH','CONSTITUENT_CONSTITUENT_ID'),
 (1232,0x00,0x00,'GETCUSTOMFIELD(CONSTITUENT_CONSTITUENT_ID, \'person\', \'organization.maximumMatch\')','Maximum Match',0x00,0x00,0x00,0x00,0x00,0x00,0x00,5,'ORGANIZATION_MAXIMUMMATCH','CONSTITUENT_CONSTITUENT_ID'),
 (1233,0x00,0x00,'GETCUSTOMFIELD(CONSTITUENT_CONSTITUENT_ID, \'person\', \'organization.website\')','Website',0x00,0x00,0x00,0x00,0x00,0x00,0x00,1,'ORGANIZATION_WEBSITE','CONSTITUENT_CONSTITUENT_ID'),
 (1234,0x00,0x00,'GETCUSTOMFIELD(CONSTITUENT_CONSTITUENT_ID, \'person\', \'organization.taxid\')','Tax ID',0x00,0x00,0x00,0x00,0x00,0x00,0x00,1,'ORGANIZATION_TAXID','CONSTITUENT_CONSTITUENT_ID'),
 (1235,0x00,0x00,'CONSTITUENT_NCAIS_CODE','NCAIS Code',0x00,0x00,0x00,0x00,0x00,0x00,0x00,1,'CONSTITUENT_NCAIS_CODE','CONSTITUENT_CONSTITUENT_ID'),
 (1236,0x00,0x00,'GETCUSTOMFIELD(CONSTITUENT_CONSTITUENT_ID, \'person\', \'communicationPreferences\')','Communication Preferences',0x00,0x00,0x00,0x00,0x00,0x00,0x00,1,'COMMUNICATIONPREFERENCES','CONSTITUENT_CONSTITUENT_ID'),
 (1237,0x00,0x00,'GETCUSTOMFIELD(CONSTITUENT_CONSTITUENT_ID, \'person\', \'emailFormat\')','Email Format',0x00,0x00,0x00,0x00,0x00,0x00,0x00,1,'EMAILFORMAT','CONSTITUENT_CONSTITUENT_ID'),
 (1238,0x00,0x00,'CONSTITUENT_CREATE_DATE','Create Date',0x00,0x00,0x00,0x00,0x00,0x00,0x00,4,'CONSTITUENT_CREATE_DATE','CONSTITUENT_CONSTITUENT_ID'),
 (1239,0x00,0x00,'CONSTITUENT_UPDATE_DATE','Update Date',0x00,0x00,0x00,0x00,0x00,0x00,0x00,4,'CONSTITUENT_UPDATE_DATE','CONSTITUENT_CONSTITUENT_ID'),
 (1240,0x00,0x00,'CONSTITUENT_MARITAL_STATUS','Marital Status',0x00,0x00,0x00,0x00,0x00,0x00,0x00,1,'CONSTITUENT_MARITAL_STATUS','CONSTITUENT_CONSTITUENT_ID'),
 (1241,0x00,0x00,'GETCUSTOMFIELD(CONSTITUENT_CONSTITUENT_ID, \'person\', \'individual.birthDate\')','Birth Date',0x00,0x00,0x00,0x00,0x00,0x00,0x00,4,'INDIVIDUAL_BIRTHDATE','CONSTITUENT_CONSTITUENT_ID'),
 (1242,0x00,0x00,'GETCUSTOMFIELD(CONSTITUENT_CONSTITUENT_ID, \'person\', \'individual.deceased\')','Deceased',0x00,0x00,0x00,0x00,0x00,0x00,0x00,6,'INDIVIDUAL_DECEASED','CONSTITUENT_CONSTITUENT_ID'),
 (1243,0x00,0x00,'GETCUSTOMFIELD(CONSTITUENT_CONSTITUENT_ID, \'person\', \'individual.gender\')','Gender',0x00,0x00,0x00,0x00,0x00,0x00,0x00,1,'INDIVIDUAL_GENDER','CONSTITUENT_CONSTITUENT_ID'),
 (1244,0x00,0x00,'GETCUSTOMFIELD(CONSTITUENT_CONSTITUENT_ID, \'person\', \'individual.race\')','Race',0x00,0x00,0x00,0x00,0x00,0x00,0x00,1,'INDIVIDUAL_RACE','CONSTITUENT_CONSTITUENT_ID'),
 (1245,0x00,0x00,'GETCUSTOMFIELD(CONSTITUENT_CONSTITUENT_ID, \'person\', \'individual.military\')','Military',0x00,0x00,0x00,0x00,0x00,0x00,0x00,1,'INDIVIDUAL_MILITARY','CONSTITUENT_CONSTITUENT_ID'),
 (1246,0x00,0x00,'CONSTITUENT_SITE_NAME','Site Name',0x00,0x00,0x00,0x00,0x00,0x00,0x00,1,'CONSTITUENT_SITE_NAME','CONSTITUENT_CONSTITUENT_ID');
/*!40000 ALTER TABLE `REPORTFIELD` ENABLE KEYS */;


--
-- Definition of table `REPORTFIELDGROUP`
--

DROP TABLE IF EXISTS `REPORTFIELDGROUP`;
CREATE TABLE `REPORTFIELDGROUP` (
  `REPORTFIELDGROUP_ID` bigint(20) NOT NULL auto_increment,
  `Name` varchar(255) default NULL,
  PRIMARY KEY  (`REPORTFIELDGROUP_ID`)
) ENGINE=InnoDB AUTO_INCREMENT=119 DEFAULT CHARSET=latin1;

--
-- Dumping data for table `REPORTFIELDGROUP`
--

/*!40000 ALTER TABLE `REPORTFIELDGROUP` DISABLE KEYS */;
INSERT INTO `REPORTFIELDGROUP` (`REPORTFIELDGROUP_ID`,`Name`) VALUES 
 (1,'Picklist Information'),
 (2,'Contact Details'),
 (3,'Demographic Information'),
 (4,'Miscellaneous Information'),
 (5,'Contact Details'),
 (6,'Demographic Information'),
 (7,'Miscellaneous Information'),
 (8,'Address Information'),
 (9,'Contact Details'),
 (10,'Demographic Information'),
 (11,'Miscellaneous Information'),
 (12,'Email Information'),
 (13,'Contact Details'),
 (14,'Demographic Information'),
 (15,'Miscellaneous Information'),
 (16,'Phone Number Information'),
 (17,'Contact Details'),
 (18,'Demographic Information'),
 (19,'Miscellaneous Information'),
 (20,'Relationship Information'),
 (21,'Gift Information'),
 (22,'Payment Information'),
 (23,'Acknowledgment Information'),
 (24,'Gift Information'),
 (25,'Payment Information'),
 (26,'Acknowledgment Information'),
 (27,'Gift Distribution'),
 (28,'Payment History'),
 (29,'Payment Information'),
 (30,'Default Address/Phone Information'),
 (31,'Pledge Information'),
 (32,'Acknowledgment Information'),
 (33,'Pledge Information'),
 (34,'Acknowledgment Information'),
 (35,'Pledge Distribution'),
 (36,'Recurring Gift Information'),
 (37,'Payment Information'),
 (38,'Acknowledgment Information'),
 (39,'Recurring Gift Information'),
 (40,'Payment Information'),
 (41,'Acknowledgment Information'),
 (42,'Recurring Gift Distribution'),
 (43,'Contact Details'),
 (44,'Demographic Information'),
 (45,'Miscellaneous Information'),
 (46,'Gift Information'),
 (47,'Payment Information'),
 (48,'Acknowledgment Information'),
 (49,'Contact Details'),
 (50,'Demographic Information'),
 (51,'Miscellaneous Information'),
 (52,'Gift Information'),
 (53,'Payment Information'),
 (54,'Acknowledgment Information'),
 (55,'Gift Distribution'),
 (56,'Contact Details'),
 (57,'Demographic Information'),
 (58,'Miscellaneous Information'),
 (59,'Payment History'),
 (60,'Contact Details'),
 (61,'Demographic Information'),
 (62,'Miscellaneous Information'),
 (63,'Payment Information'),
 (64,'Default Address/Phone Information'),
 (65,'Contact Details'),
 (66,'Demographic Information'),
 (67,'Miscellaneous Information'),
 (68,'Pledge Information'),
 (69,'Acknowledgment Information'),
 (70,'Contact Details'),
 (71,'Demographic Information'),
 (72,'Miscellaneous Information'),
 (73,'Pledge Information'),
 (74,'Acknowledgment Information'),
 (75,'Pledge Distribution'),
 (76,'Contact Details'),
 (77,'Demographic Information'),
 (78,'Miscellaneous Information'),
 (79,'Recurring Gift Information'),
 (80,'Payment Information'),
 (81,'Acknowledgment Information'),
 (82,'Contact Details'),
 (83,'Demographic Information'),
 (84,'Miscellaneous Information'),
 (85,'Recurring Gift Information'),
 (86,'Payment Information'),
 (87,'Acknowledgment Information'),
 (88,'Recurring Gift Distribution Information'),
 (89,'Audit History Information'),
 (90,'Audit History Information'),
 (91,'Address Information'),
 (92,'Audit History Information'),
 (93,'Contact Details'),
 (94,'Demographic Information'),
 (95,'Miscellaneous Information'),
 (96,'Audit History Information'),
 (97,'Email Information'),
 (98,'Audit History Information'),
 (99,'Gift Information'),
 (100,'Payment Information'),
 (101,'Acknowledgment Information'),
 (102,'Audit History Information'),
 (103,'Payment Information'),
 (104,'Default Address/Phone Information'),
 (105,'Audit History Information'),
 (106,'Phone Number Information'),
 (107,'Audit History Information'),
 (108,'Pledge Information'),
 (109,'Acknowledgment Information'),
 (110,'Audit History Information'),
 (111,'Recurring Gift Information'),
 (112,'Payment Information'),
 (113,'Acknowledgment Information'),
 (114,'Journal Information'),
 (115,'Journal Information'),
 (116,'Contact Details'),
 (117,'Demographic Information'),
 (118,'Miscellaneous Information');
/*!40000 ALTER TABLE `REPORTFIELDGROUP` ENABLE KEYS */;


--
-- Definition of table `REPORTFIELDGROUP_REPORTDATASUBSOURCE`
--

DROP TABLE IF EXISTS `REPORTFIELDGROUP_REPORTDATASUBSOURCE`;
CREATE TABLE `REPORTFIELDGROUP_REPORTDATASUBSOURCE` (
  `REPORTFIELDGROUP_REPORTFIELDGROUP_ID` bigint(20) NOT NULL,
  `reportDataSubSource_REPORTSUBSOURCE_ID` bigint(20) NOT NULL,
  `REPORTSUBSOURCE_ID` int(11) NOT NULL,
  PRIMARY KEY  (`REPORTFIELDGROUP_REPORTFIELDGROUP_ID`,`REPORTSUBSOURCE_ID`),
  KEY `FK1FB0E5D7A9997991` (`reportDataSubSource_REPORTSUBSOURCE_ID`),
  KEY `FK1FB0E5D7767AD2B5` (`REPORTFIELDGROUP_REPORTFIELDGROUP_ID`),
  CONSTRAINT `FK1FB0E5D7767AD2B5` FOREIGN KEY (`REPORTFIELDGROUP_REPORTFIELDGROUP_ID`) REFERENCES `reportfieldgroup` (`REPORTFIELDGROUP_ID`),
  CONSTRAINT `FK1FB0E5D7A9997991` FOREIGN KEY (`reportDataSubSource_REPORTSUBSOURCE_ID`) REFERENCES `reportdatasubsource` (`REPORTSUBSOURCE_ID`)
) ENGINE=InnoDB DEFAULT CHARSET=latin1;

--
-- Dumping data for table `REPORTFIELDGROUP_REPORTDATASUBSOURCE`
--

/*!40000 ALTER TABLE `REPORTFIELDGROUP_REPORTDATASUBSOURCE` DISABLE KEYS */;
INSERT INTO `REPORTFIELDGROUP_REPORTDATASUBSOURCE` (`REPORTFIELDGROUP_REPORTFIELDGROUP_ID`,`reportDataSubSource_REPORTSUBSOURCE_ID`,`REPORTSUBSOURCE_ID`) VALUES 
 (1,1,1),
 (2,2,3),
 (3,2,3),
 (4,2,3),
 (5,3,4),
 (6,3,4),
 (7,3,4),
 (8,3,4),
 (9,4,5),
 (10,4,5),
 (11,4,5),
 (12,4,5),
 (13,5,6),
 (14,5,6),
 (15,5,6),
 (16,5,6),
 (17,6,7),
 (18,6,7),
 (19,6,7),
 (20,6,7),
 (21,7,8),
 (22,7,8),
 (23,7,8),
 (24,8,9),
 (25,8,9),
 (26,8,9),
 (27,8,9),
 (28,9,10),
 (29,10,11),
 (30,10,11),
 (31,11,12),
 (32,11,12),
 (33,12,13),
 (34,12,13),
 (35,12,13),
 (36,13,14),
 (37,13,14),
 (38,13,14),
 (39,14,15),
 (40,14,15),
 (41,14,15),
 (42,14,15),
 (43,15,16),
 (44,15,16),
 (45,15,16),
 (46,15,16),
 (47,15,16),
 (48,15,16),
 (49,16,17),
 (50,16,17),
 (51,16,17),
 (52,16,17),
 (53,16,17),
 (54,16,17),
 (55,16,17),
 (56,17,18),
 (57,17,18),
 (58,17,18),
 (59,17,18),
 (60,18,19),
 (61,18,19),
 (62,18,19),
 (63,18,19),
 (64,18,19),
 (65,19,20),
 (66,19,20),
 (67,19,20),
 (68,19,20),
 (69,19,20),
 (70,20,21),
 (71,20,21),
 (72,20,21),
 (73,20,21),
 (74,20,21),
 (75,20,21),
 (76,21,22),
 (77,21,22),
 (78,21,22),
 (79,21,22),
 (80,21,22),
 (81,21,22),
 (82,22,23),
 (83,22,23),
 (84,22,23),
 (85,22,23),
 (86,22,23),
 (87,22,23),
 (88,22,23),
 (89,23,24),
 (90,24,25),
 (91,24,25),
 (92,25,26),
 (93,25,26),
 (94,25,26),
 (95,25,26),
 (96,26,27),
 (97,26,27),
 (98,27,28),
 (99,27,28),
 (100,27,28),
 (101,27,28),
 (102,28,29),
 (103,28,29),
 (104,28,29),
 (105,29,30),
 (106,29,30),
 (107,30,31),
 (108,30,31),
 (109,30,31),
 (110,31,32),
 (111,31,32),
 (112,31,32),
 (113,31,32),
 (114,32,33),
 (115,33,34),
 (116,33,34),
 (117,33,34),
 (118,33,34);
/*!40000 ALTER TABLE `REPORTFIELDGROUP_REPORTDATASUBSOURCE` ENABLE KEYS */;


--
-- Definition of table `REPORTFIELD_REPORTFIELDGROUP`
--

DROP TABLE IF EXISTS `REPORTFIELD_REPORTFIELDGROUP`;
CREATE TABLE `REPORTFIELD_REPORTFIELDGROUP` (
  `fields_REPORTFIELD_ID` bigint(20) NOT NULL,
  `reportFieldGroup_REPORTFIELDGROUP_ID` bigint(20) NOT NULL,
  `REPORTFIELDGROUP_ID` int(11) NOT NULL,
  `REPORTFIELD_ID` int(11) NOT NULL,
  PRIMARY KEY  (`fields_REPORTFIELD_ID`,`REPORTFIELDGROUP_ID`),
  KEY `FK42DA18F2767AD2B5` (`reportFieldGroup_REPORTFIELDGROUP_ID`),
  KEY `FK42DA18F2C3828A9F` (`fields_REPORTFIELD_ID`),
  CONSTRAINT `FK42DA18F2767AD2B5` FOREIGN KEY (`reportFieldGroup_REPORTFIELDGROUP_ID`) REFERENCES `reportfieldgroup` (`REPORTFIELDGROUP_ID`),
  CONSTRAINT `FK42DA18F2C3828A9F` FOREIGN KEY (`fields_REPORTFIELD_ID`) REFERENCES `reportfield` (`REPORTFIELD_ID`)
) ENGINE=InnoDB DEFAULT CHARSET=latin1;

--
-- Dumping data for table `REPORTFIELD_REPORTFIELDGROUP`
--

/*!40000 ALTER TABLE `REPORTFIELD_REPORTFIELDGROUP` DISABLE KEYS */;
INSERT INTO `REPORTFIELD_REPORTFIELDGROUP` (`fields_REPORTFIELD_ID`,`reportFieldGroup_REPORTFIELDGROUP_ID`,`REPORTFIELDGROUP_ID`,`REPORTFIELD_ID`) VALUES 
 (1,1,1,1),
 (2,1,1,2),
 (3,1,1,3),
 (4,1,1,4),
 (5,1,1,5),
 (6,1,1,6),
 (7,2,2,7),
 (8,2,2,8),
 (9,2,2,9),
 (10,2,2,10),
 (11,2,2,11),
 (12,2,2,12),
 (13,2,2,13),
 (14,2,2,14),
 (15,2,2,15),
 (16,2,2,16),
 (17,2,2,17),
 (18,2,2,18),
 (19,2,2,19),
 (20,2,2,20),
 (21,2,2,21),
 (22,2,2,22),
 (23,2,2,23),
 (24,2,2,24),
 (25,2,2,25),
 (26,2,2,26),
 (27,2,2,27),
 (28,2,2,28),
 (29,2,2,29),
 (30,2,2,30),
 (31,3,3,31),
 (32,3,3,32),
 (33,3,3,33),
 (34,3,3,34),
 (35,3,3,35),
 (36,3,3,36),
 (37,4,4,37),
 (38,5,5,38),
 (39,5,5,39),
 (40,5,5,40),
 (41,5,5,41),
 (42,5,5,42),
 (43,5,5,43),
 (44,5,5,44),
 (45,5,5,45),
 (46,5,5,46),
 (47,5,5,47),
 (48,5,5,48),
 (49,5,5,49),
 (50,5,5,50),
 (51,5,5,51),
 (52,5,5,52),
 (53,5,5,53),
 (54,5,5,54),
 (55,5,5,55),
 (56,5,5,56),
 (57,5,5,57),
 (58,5,5,58),
 (59,5,5,59),
 (60,5,5,60),
 (61,5,5,61),
 (62,6,6,62),
 (63,6,6,63),
 (64,6,6,64),
 (65,6,6,65),
 (66,6,6,66),
 (67,6,6,67),
 (68,7,7,68),
 (69,8,8,69),
 (70,8,8,70),
 (71,8,8,71),
 (72,8,8,72),
 (73,8,8,73),
 (74,8,8,74),
 (75,8,8,75),
 (76,8,8,76),
 (77,8,8,77),
 (78,8,8,78),
 (79,8,8,79),
 (80,8,8,80),
 (81,8,8,81),
 (82,8,8,82),
 (83,8,8,83),
 (84,8,8,84),
 (85,8,8,85),
 (86,8,8,86),
 (87,8,8,87),
 (88,8,8,88),
 (89,9,9,89),
 (90,9,9,90),
 (91,9,9,91),
 (92,9,9,92),
 (93,9,9,93),
 (94,9,9,94),
 (95,9,9,95),
 (96,9,9,96),
 (97,9,9,97),
 (98,9,9,98),
 (99,9,9,99),
 (100,9,9,100),
 (101,9,9,101),
 (102,9,9,102),
 (103,9,9,103),
 (104,9,9,104),
 (105,9,9,105),
 (106,9,9,106),
 (107,9,9,107),
 (108,9,9,108),
 (109,9,9,109),
 (110,9,9,110),
 (111,9,9,111),
 (112,9,9,112),
 (113,10,10,113),
 (114,10,10,114),
 (115,10,10,115),
 (116,10,10,116),
 (117,10,10,117),
 (118,10,10,118),
 (119,11,11,119),
 (120,12,12,120),
 (121,12,12,121),
 (122,12,12,122),
 (123,12,12,123),
 (124,12,12,124),
 (125,12,12,125),
 (126,12,12,126),
 (127,12,12,127),
 (128,12,12,128),
 (129,12,12,129),
 (130,12,12,130),
 (131,12,12,131),
 (132,12,12,132),
 (133,12,12,133),
 (134,12,12,134),
 (135,13,13,135),
 (136,13,13,136),
 (137,13,13,137),
 (138,13,13,138),
 (139,13,13,139),
 (140,13,13,140),
 (141,13,13,141),
 (142,13,13,142),
 (143,13,13,143),
 (144,13,13,144),
 (145,13,13,145),
 (146,13,13,146),
 (147,13,13,147),
 (148,13,13,148),
 (149,13,13,149),
 (150,13,13,150),
 (151,13,13,151),
 (152,13,13,152),
 (153,13,13,153),
 (154,13,13,154),
 (155,13,13,155),
 (156,13,13,156),
 (157,13,13,157),
 (158,13,13,158),
 (159,14,14,159),
 (160,14,14,160),
 (161,14,14,161),
 (162,14,14,162),
 (163,14,14,163),
 (164,14,14,164),
 (165,15,15,165),
 (166,16,16,166),
 (167,16,16,167),
 (168,16,16,168),
 (169,16,16,169),
 (170,16,16,170),
 (171,16,16,171),
 (172,16,16,172),
 (173,16,16,173),
 (174,16,16,174),
 (175,16,16,175),
 (176,16,16,176),
 (177,16,16,177),
 (178,16,16,178),
 (179,16,16,179),
 (180,16,16,180),
 (181,16,16,181),
 (182,17,17,182),
 (183,17,17,183),
 (184,17,17,184),
 (185,17,17,185),
 (186,17,17,186),
 (187,17,17,187),
 (188,17,17,188),
 (189,17,17,189),
 (190,17,17,190),
 (191,17,17,191),
 (192,17,17,192),
 (193,17,17,193),
 (194,17,17,194),
 (195,17,17,195),
 (196,17,17,196),
 (197,17,17,197),
 (198,17,17,198),
 (199,17,17,199),
 (200,17,17,200),
 (201,17,17,201),
 (202,17,17,202),
 (203,17,17,203),
 (204,17,17,204),
 (205,17,17,205),
 (206,18,18,206),
 (207,18,18,207),
 (208,18,18,208),
 (209,18,18,209),
 (210,18,18,210),
 (211,18,18,211),
 (212,19,19,212),
 (213,20,20,213),
 (214,20,20,214),
 (215,20,20,215),
 (216,20,20,216),
 (217,20,20,217),
 (218,20,20,218),
 (219,20,20,219),
 (220,20,20,220),
 (221,20,20,221),
 (222,20,20,222),
 (223,20,20,223),
 (224,20,20,224),
 (225,20,20,225),
 (226,20,20,226),
 (227,20,20,227),
 (228,20,20,228),
 (229,20,20,229),
 (230,20,20,230),
 (231,20,20,231),
 (232,20,20,232),
 (233,20,20,233),
 (234,20,20,234),
 (235,20,20,235),
 (236,20,20,236),
 (237,20,20,237),
 (238,20,20,238),
 (239,20,20,239),
 (240,20,20,240),
 (241,21,21,241),
 (242,21,21,242),
 (243,21,21,243),
 (244,21,21,244),
 (245,21,21,245),
 (246,21,21,246),
 (247,21,21,247),
 (248,21,21,248),
 (249,21,21,249),
 (250,21,21,250),
 (251,21,21,251),
 (252,22,22,252),
 (253,22,22,253),
 (254,22,22,254),
 (255,22,22,255),
 (256,22,22,256),
 (257,22,22,257),
 (258,22,22,258),
 (259,22,22,259),
 (260,22,22,260),
 (261,22,22,261),
 (262,22,22,262),
 (263,22,22,263),
 (264,22,22,264),
 (265,22,22,265),
 (266,22,22,266),
 (267,22,22,267),
 (268,22,22,268),
 (269,22,22,269),
 (270,23,23,270),
 (271,23,23,271),
 (272,23,23,272),
 (273,24,24,273),
 (274,24,24,274),
 (275,24,24,275),
 (276,24,24,276),
 (277,24,24,277),
 (278,24,24,278),
 (279,24,24,279),
 (280,24,24,280),
 (281,24,24,281),
 (282,24,24,282),
 (283,24,24,283),
 (284,25,25,284),
 (285,25,25,285),
 (286,25,25,286),
 (287,25,25,287),
 (288,25,25,288),
 (289,25,25,289),
 (290,25,25,290),
 (291,25,25,291),
 (292,25,25,292),
 (293,25,25,293),
 (294,25,25,294),
 (295,25,25,295),
 (296,25,25,296),
 (297,25,25,297),
 (298,25,25,298),
 (299,25,25,299),
 (300,25,25,300),
 (301,25,25,301),
 (302,26,26,302),
 (303,26,26,303),
 (304,26,26,304),
 (305,27,27,305),
 (306,27,27,306),
 (307,27,27,307),
 (308,27,27,308),
 (309,27,27,309),
 (310,27,27,310),
 (311,27,27,311),
 (312,28,28,312),
 (313,28,28,313),
 (314,28,28,314),
 (315,28,28,315),
 (316,28,28,316),
 (317,28,28,317),
 (318,28,28,318),
 (319,28,28,319),
 (320,28,28,320),
 (321,28,28,321),
 (322,29,29,322),
 (323,29,29,323),
 (324,29,29,324),
 (325,29,29,325),
 (326,29,29,326),
 (327,29,29,327),
 (328,29,29,328),
 (329,29,29,329),
 (330,29,29,330),
 (331,29,29,331),
 (332,29,29,332),
 (333,30,30,333),
 (334,30,30,334),
 (335,30,30,335),
 (336,30,30,336),
 (337,30,30,337),
 (338,30,30,338),
 (339,30,30,339),
 (340,30,30,340),
 (341,31,31,341),
 (342,31,31,342),
 (343,31,31,343),
 (344,31,31,344),
 (345,31,31,345),
 (346,31,31,346),
 (347,31,31,347),
 (348,31,31,348),
 (349,31,31,349),
 (350,31,31,350),
 (351,31,31,351),
 (352,31,31,352),
 (353,31,31,353),
 (354,31,31,354),
 (355,31,31,355),
 (356,31,31,356),
 (357,32,32,357),
 (358,32,32,358),
 (359,32,32,359),
 (360,33,33,360),
 (361,33,33,361),
 (362,33,33,362),
 (363,33,33,363),
 (364,33,33,364),
 (365,33,33,365),
 (366,33,33,366),
 (367,33,33,367),
 (368,33,33,368),
 (369,33,33,369),
 (370,33,33,370),
 (371,33,33,371),
 (372,33,33,372),
 (373,33,33,373),
 (374,33,33,374),
 (375,34,34,375),
 (376,34,34,376),
 (377,34,34,377),
 (378,35,35,378),
 (379,35,35,379),
 (380,35,35,380),
 (381,35,35,381),
 (382,35,35,382),
 (383,35,35,383),
 (384,35,35,384),
 (385,36,36,385),
 (386,36,36,386),
 (387,36,36,387),
 (388,36,36,388),
 (389,36,36,389),
 (390,36,36,390),
 (391,36,36,391),
 (392,36,36,392),
 (393,36,36,393),
 (394,36,36,394),
 (395,36,36,395),
 (396,36,36,396),
 (397,36,36,397),
 (398,36,36,398),
 (399,36,36,399),
 (400,36,36,400),
 (401,36,36,401),
 (402,37,37,402),
 (403,37,37,403),
 (404,37,37,404),
 (405,37,37,405),
 (406,37,37,406),
 (407,37,37,407),
 (408,37,37,408),
 (409,37,37,409),
 (410,37,37,410),
 (411,37,37,411),
 (412,37,37,412),
 (413,37,37,413),
 (414,37,37,414),
 (415,37,37,415),
 (416,37,37,416),
 (417,37,37,417),
 (418,37,37,418),
 (419,38,38,419),
 (420,38,38,420),
 (421,38,38,421),
 (422,39,39,422),
 (423,39,39,423),
 (424,39,39,424),
 (425,39,39,425),
 (426,39,39,426),
 (427,39,39,427),
 (428,39,39,428),
 (429,39,39,429),
 (430,39,39,430),
 (431,39,39,431),
 (432,39,39,432),
 (433,39,39,433),
 (434,39,39,434),
 (435,39,39,435),
 (436,39,39,436),
 (437,39,39,437),
 (438,39,39,438),
 (439,40,40,439),
 (440,40,40,440),
 (441,40,40,441),
 (442,40,40,442),
 (443,40,40,443),
 (444,40,40,444),
 (445,40,40,445),
 (446,40,40,446),
 (447,40,40,447),
 (448,40,40,448),
 (449,40,40,449),
 (450,40,40,450),
 (451,40,40,451),
 (452,40,40,452),
 (453,40,40,453),
 (454,40,40,454),
 (455,40,40,455),
 (456,41,41,456),
 (457,41,41,457),
 (458,41,41,458),
 (459,42,42,459),
 (460,42,42,460),
 (461,42,42,461),
 (462,42,42,462),
 (463,42,42,463),
 (464,42,42,464),
 (465,42,42,465),
 (466,43,43,466),
 (467,43,43,467),
 (468,43,43,468),
 (469,43,43,469),
 (470,43,43,470),
 (471,43,43,471),
 (472,43,43,472),
 (473,43,43,473),
 (474,43,43,474),
 (475,43,43,475),
 (476,43,43,476),
 (477,43,43,477),
 (478,43,43,478),
 (479,43,43,479),
 (480,43,43,480),
 (481,43,43,481),
 (482,43,43,482),
 (483,43,43,483),
 (484,43,43,484),
 (485,43,43,485),
 (486,43,43,486),
 (487,43,43,487),
 (488,43,43,488),
 (489,43,43,489),
 (490,44,44,490),
 (491,44,44,491),
 (492,44,44,492),
 (493,44,44,493),
 (494,44,44,494),
 (495,44,44,495),
 (496,45,45,496),
 (497,46,46,497),
 (498,46,46,498),
 (499,46,46,499),
 (500,46,46,500),
 (501,46,46,501),
 (502,46,46,502),
 (503,46,46,503),
 (504,46,46,504),
 (505,46,46,505),
 (506,47,47,506),
 (507,47,47,507),
 (508,47,47,508),
 (509,47,47,509),
 (510,47,47,510),
 (511,47,47,511),
 (512,47,47,512),
 (513,47,47,513),
 (514,47,47,514),
 (515,47,47,515),
 (516,47,47,516),
 (517,47,47,517),
 (518,47,47,518),
 (519,47,47,519),
 (520,47,47,520),
 (521,47,47,521),
 (522,47,47,522),
 (523,47,47,523),
 (524,48,48,524),
 (525,48,48,525),
 (526,48,48,526),
 (527,49,49,527),
 (528,49,49,528),
 (529,49,49,529),
 (530,49,49,530),
 (531,49,49,531),
 (532,49,49,532),
 (533,49,49,533),
 (534,49,49,534),
 (535,49,49,535),
 (536,49,49,536),
 (537,49,49,537),
 (538,49,49,538),
 (539,49,49,539),
 (540,49,49,540),
 (541,49,49,541),
 (542,49,49,542),
 (543,49,49,543),
 (544,49,49,544),
 (545,49,49,545),
 (546,49,49,546),
 (547,49,49,547),
 (548,49,49,548),
 (549,49,49,549),
 (550,49,49,550),
 (551,50,50,551),
 (552,50,50,552),
 (553,50,50,553),
 (554,50,50,554),
 (555,50,50,555),
 (556,50,50,556),
 (557,51,51,557),
 (558,52,52,558),
 (559,52,52,559),
 (560,52,52,560),
 (561,52,52,561),
 (562,52,52,562),
 (563,52,52,563),
 (564,52,52,564),
 (565,52,52,565),
 (566,52,52,566),
 (567,53,53,567),
 (568,53,53,568),
 (569,53,53,569),
 (570,53,53,570),
 (571,53,53,571),
 (572,53,53,572),
 (573,53,53,573),
 (574,53,53,574),
 (575,53,53,575),
 (576,53,53,576),
 (577,53,53,577),
 (578,53,53,578),
 (579,53,53,579),
 (580,53,53,580),
 (581,53,53,581),
 (582,53,53,582),
 (583,53,53,583),
 (584,53,53,584),
 (585,54,54,585),
 (586,54,54,586),
 (587,54,54,587),
 (588,55,55,588),
 (589,55,55,589),
 (590,55,55,590),
 (591,55,55,591),
 (592,55,55,592),
 (593,55,55,593),
 (594,55,55,594),
 (595,56,56,595),
 (596,56,56,596),
 (597,56,56,597),
 (598,56,56,598),
 (599,56,56,599),
 (600,56,56,600),
 (601,56,56,601),
 (602,56,56,602),
 (603,56,56,603),
 (604,56,56,604),
 (605,56,56,605),
 (606,56,56,606),
 (607,56,56,607),
 (608,56,56,608),
 (609,56,56,609),
 (610,56,56,610),
 (611,56,56,611),
 (612,56,56,612),
 (613,56,56,613),
 (614,56,56,614),
 (615,56,56,615),
 (616,56,56,616),
 (617,56,56,617),
 (618,56,56,618),
 (619,57,57,619),
 (620,57,57,620),
 (621,57,57,621),
 (622,57,57,622),
 (623,57,57,623),
 (624,57,57,624),
 (625,58,58,625),
 (626,59,59,626),
 (627,59,59,627),
 (628,59,59,628),
 (629,59,59,629),
 (630,59,59,630),
 (631,59,59,631),
 (632,59,59,632),
 (633,59,59,633),
 (634,60,60,634),
 (635,60,60,635),
 (636,60,60,636),
 (637,60,60,637),
 (638,60,60,638),
 (639,60,60,639),
 (640,60,60,640),
 (641,60,60,641),
 (642,60,60,642),
 (643,60,60,643),
 (644,60,60,644),
 (645,60,60,645),
 (646,60,60,646),
 (647,60,60,647),
 (648,60,60,648),
 (649,60,60,649),
 (650,60,60,650),
 (651,60,60,651),
 (652,60,60,652),
 (653,60,60,653),
 (654,60,60,654),
 (655,60,60,655),
 (656,60,60,656),
 (657,60,60,657),
 (658,61,61,658),
 (659,61,61,659),
 (660,61,61,660),
 (661,61,61,661),
 (662,61,61,662),
 (663,61,61,663),
 (664,62,62,664),
 (665,63,63,665),
 (666,63,63,666),
 (667,63,63,667),
 (668,63,63,668),
 (669,63,63,669),
 (670,63,63,670),
 (671,63,63,671),
 (672,63,63,672),
 (673,63,63,673),
 (674,64,64,674),
 (675,64,64,675),
 (676,64,64,676),
 (677,64,64,677),
 (678,64,64,678),
 (679,64,64,679),
 (680,64,64,680),
 (681,64,64,681),
 (682,65,65,682),
 (683,65,65,683),
 (684,65,65,684),
 (685,65,65,685),
 (686,65,65,686),
 (687,65,65,687),
 (688,65,65,688),
 (689,65,65,689),
 (690,65,65,690),
 (691,65,65,691),
 (692,65,65,692),
 (693,65,65,693),
 (694,65,65,694),
 (695,65,65,695),
 (696,65,65,696),
 (697,65,65,697),
 (698,65,65,698),
 (699,65,65,699),
 (700,65,65,700),
 (701,65,65,701),
 (702,65,65,702),
 (703,65,65,703),
 (704,65,65,704),
 (705,65,65,705),
 (706,66,66,706),
 (707,66,66,707),
 (708,66,66,708),
 (709,66,66,709),
 (710,66,66,710),
 (711,66,66,711),
 (712,67,67,712),
 (713,68,68,713),
 (714,68,68,714),
 (715,68,68,715),
 (716,68,68,716),
 (717,68,68,717),
 (718,68,68,718),
 (719,68,68,719),
 (720,68,68,720),
 (721,68,68,721),
 (722,68,68,722),
 (723,68,68,723),
 (724,68,68,724),
 (725,68,68,725),
 (726,68,68,726),
 (727,69,69,727),
 (728,69,69,728),
 (729,69,69,729),
 (730,70,70,730),
 (731,70,70,731),
 (732,70,70,732),
 (733,70,70,733),
 (734,70,70,734),
 (735,70,70,735),
 (736,70,70,736),
 (737,70,70,737),
 (738,70,70,738),
 (739,70,70,739),
 (740,70,70,740),
 (741,70,70,741),
 (742,70,70,742),
 (743,70,70,743),
 (744,70,70,744),
 (745,70,70,745),
 (746,70,70,746),
 (747,70,70,747),
 (748,70,70,748),
 (749,70,70,749),
 (750,70,70,750),
 (751,70,70,751),
 (752,70,70,752),
 (753,70,70,753),
 (754,71,71,754),
 (755,71,71,755),
 (756,71,71,756),
 (757,71,71,757),
 (758,71,71,758),
 (759,71,71,759),
 (760,72,72,760),
 (761,73,73,761),
 (762,73,73,762),
 (763,73,73,763),
 (764,73,73,764),
 (765,73,73,765),
 (766,73,73,766),
 (767,73,73,767),
 (768,73,73,768),
 (769,73,73,769),
 (770,73,73,770),
 (771,73,73,771),
 (772,73,73,772),
 (773,73,73,773),
 (774,73,73,774),
 (775,73,73,775),
 (776,74,74,776),
 (777,74,74,777),
 (778,74,74,778),
 (779,75,75,779),
 (780,75,75,780),
 (781,75,75,781),
 (782,75,75,782),
 (783,75,75,783),
 (784,75,75,784),
 (785,75,75,785),
 (786,76,76,786),
 (787,76,76,787),
 (788,76,76,788),
 (789,76,76,789),
 (790,76,76,790),
 (791,76,76,791),
 (792,76,76,792),
 (793,76,76,793),
 (794,76,76,794),
 (795,76,76,795),
 (796,76,76,796),
 (797,76,76,797),
 (798,76,76,798),
 (799,76,76,799),
 (800,76,76,800),
 (801,76,76,801),
 (802,76,76,802),
 (803,76,76,803),
 (804,76,76,804),
 (805,76,76,805),
 (806,76,76,806),
 (807,76,76,807),
 (808,76,76,808),
 (809,76,76,809),
 (810,77,77,810),
 (811,77,77,811),
 (812,77,77,812),
 (813,77,77,813),
 (814,77,77,814),
 (815,77,77,815),
 (816,78,78,816),
 (817,79,79,817),
 (818,79,79,818),
 (819,79,79,819),
 (820,79,79,820),
 (821,79,79,821),
 (822,79,79,822),
 (823,79,79,823),
 (824,79,79,824),
 (825,79,79,825),
 (826,79,79,826),
 (827,79,79,827),
 (828,79,79,828),
 (829,79,79,829),
 (830,79,79,830),
 (831,79,79,831),
 (832,80,80,832),
 (833,80,80,833),
 (834,80,80,834),
 (835,80,80,835),
 (836,80,80,836),
 (837,80,80,837),
 (838,80,80,838),
 (839,80,80,839),
 (840,80,80,840),
 (841,80,80,841),
 (842,80,80,842),
 (843,80,80,843),
 (844,80,80,844),
 (845,80,80,845),
 (846,80,80,846),
 (847,80,80,847),
 (848,80,80,848),
 (849,81,81,849),
 (850,81,81,850),
 (851,81,81,851),
 (852,82,82,852),
 (853,82,82,853),
 (854,82,82,854),
 (855,82,82,855),
 (856,82,82,856),
 (857,82,82,857),
 (858,82,82,858),
 (859,82,82,859),
 (860,82,82,860),
 (861,82,82,861),
 (862,82,82,862),
 (863,82,82,863),
 (864,82,82,864),
 (865,82,82,865),
 (866,82,82,866),
 (867,82,82,867),
 (868,82,82,868),
 (869,82,82,869),
 (870,82,82,870),
 (871,82,82,871),
 (872,82,82,872),
 (873,82,82,873),
 (874,82,82,874),
 (875,82,82,875),
 (876,83,83,876),
 (877,83,83,877),
 (878,83,83,878),
 (879,83,83,879),
 (880,83,83,880),
 (881,83,83,881),
 (882,84,84,882),
 (883,85,85,883),
 (884,85,85,884),
 (885,85,85,885),
 (886,85,85,886),
 (887,85,85,887),
 (888,85,85,888),
 (889,85,85,889),
 (890,85,85,890),
 (891,85,85,891),
 (892,85,85,892),
 (893,85,85,893),
 (894,85,85,894),
 (895,85,85,895),
 (896,85,85,896),
 (897,85,85,897),
 (898,86,86,898),
 (899,86,86,899),
 (900,86,86,900),
 (901,86,86,901),
 (902,86,86,902),
 (903,86,86,903),
 (904,86,86,904),
 (905,86,86,905),
 (906,86,86,906),
 (907,86,86,907),
 (908,86,86,908),
 (909,86,86,909),
 (910,86,86,910),
 (911,86,86,911),
 (912,86,86,912),
 (913,86,86,913),
 (914,86,86,914),
 (915,87,87,915),
 (916,87,87,916),
 (917,87,87,917),
 (918,88,88,918),
 (919,88,88,919),
 (920,88,88,920),
 (921,88,88,921),
 (922,88,88,922),
 (923,88,88,923),
 (924,88,88,924),
 (925,89,89,925),
 (926,89,89,926),
 (927,89,89,927),
 (928,89,89,928),
 (929,89,89,929),
 (930,89,89,930),
 (931,89,89,931),
 (932,89,89,932),
 (933,90,90,933),
 (934,90,90,934),
 (935,90,90,935),
 (936,90,90,936),
 (937,90,90,937),
 (938,90,90,938),
 (939,90,90,939),
 (940,90,90,940),
 (941,91,91,941),
 (942,91,91,942),
 (943,91,91,943),
 (944,91,91,944),
 (945,91,91,945),
 (946,91,91,946),
 (947,91,91,947),
 (948,91,91,948),
 (949,91,91,949),
 (950,91,91,950),
 (951,91,91,951),
 (952,91,91,952),
 (953,91,91,953),
 (954,91,91,954),
 (955,91,91,955),
 (956,91,91,956),
 (957,91,91,957),
 (958,91,91,958),
 (959,91,91,959),
 (960,91,91,960),
 (961,91,91,961),
 (962,91,91,962),
 (963,92,92,963),
 (964,92,92,964),
 (965,92,92,965),
 (966,92,92,966),
 (967,92,92,967),
 (968,92,92,968),
 (969,92,92,969),
 (970,92,92,970),
 (971,93,93,971),
 (972,93,93,972),
 (973,93,93,973),
 (974,93,93,974),
 (975,93,93,975),
 (976,93,93,976),
 (977,93,93,977),
 (978,93,93,978),
 (979,93,93,979),
 (980,93,93,980),
 (981,93,93,981),
 (982,93,93,982),
 (983,93,93,983),
 (984,93,93,984),
 (985,93,93,985),
 (986,93,93,986),
 (987,93,93,987),
 (988,93,93,988),
 (989,93,93,989),
 (990,93,93,990),
 (991,93,93,991),
 (992,93,93,992),
 (993,93,93,993),
 (994,93,93,994),
 (995,94,94,995),
 (996,94,94,996),
 (997,94,94,997),
 (998,94,94,998),
 (999,94,94,999),
 (1000,94,94,1000),
 (1001,95,95,1001),
 (1002,96,96,1002),
 (1003,96,96,1003),
 (1004,96,96,1004),
 (1005,96,96,1005),
 (1006,96,96,1006),
 (1007,96,96,1007),
 (1008,96,96,1008),
 (1009,96,96,1009),
 (1010,97,97,1010),
 (1011,97,97,1011),
 (1012,97,97,1012),
 (1013,97,97,1013),
 (1014,97,97,1014),
 (1015,97,97,1015),
 (1016,97,97,1016),
 (1017,97,97,1017),
 (1018,97,97,1018),
 (1019,97,97,1019),
 (1020,97,97,1020),
 (1021,97,97,1021),
 (1022,97,97,1022),
 (1023,97,97,1023),
 (1024,97,97,1024),
 (1025,97,97,1025),
 (1026,97,97,1026),
 (1027,98,98,1027),
 (1028,98,98,1028),
 (1029,98,98,1029),
 (1030,98,98,1030),
 (1031,98,98,1031),
 (1032,98,98,1032),
 (1033,98,98,1033),
 (1034,98,98,1034),
 (1035,99,99,1035),
 (1036,99,99,1036),
 (1037,99,99,1037),
 (1038,99,99,1038),
 (1039,99,99,1039),
 (1040,99,99,1040),
 (1041,99,99,1041),
 (1042,99,99,1042),
 (1043,99,99,1043),
 (1044,99,99,1044),
 (1045,99,99,1045),
 (1046,100,100,1046),
 (1047,100,100,1047),
 (1048,100,100,1048),
 (1049,100,100,1049),
 (1050,100,100,1050),
 (1051,100,100,1051),
 (1052,100,100,1052),
 (1053,100,100,1053),
 (1054,100,100,1054),
 (1055,100,100,1055),
 (1056,100,100,1056),
 (1057,100,100,1057),
 (1058,100,100,1058),
 (1059,100,100,1059),
 (1060,100,100,1060),
 (1061,100,100,1061),
 (1062,100,100,1062),
 (1063,100,100,1063),
 (1064,101,101,1064),
 (1065,101,101,1065),
 (1066,101,101,1066),
 (1067,102,102,1067),
 (1068,102,102,1068),
 (1069,102,102,1069),
 (1070,102,102,1070),
 (1071,102,102,1071),
 (1072,102,102,1072),
 (1073,102,102,1073),
 (1074,102,102,1074),
 (1075,103,103,1075),
 (1076,103,103,1076),
 (1077,103,103,1077),
 (1078,103,103,1078),
 (1079,103,103,1079),
 (1080,103,103,1080),
 (1081,103,103,1081),
 (1082,103,103,1082),
 (1083,103,103,1083),
 (1084,103,103,1084),
 (1085,103,103,1085),
 (1086,104,104,1086),
 (1087,104,104,1087),
 (1088,104,104,1088),
 (1089,104,104,1089),
 (1090,104,104,1090),
 (1091,104,104,1091),
 (1092,104,104,1092),
 (1093,104,104,1093),
 (1094,105,105,1094),
 (1095,105,105,1095),
 (1096,105,105,1096),
 (1097,105,105,1097),
 (1098,105,105,1098),
 (1099,105,105,1099),
 (1100,105,105,1100),
 (1101,105,105,1101),
 (1102,106,106,1102),
 (1103,106,106,1103),
 (1104,106,106,1104),
 (1105,106,106,1105),
 (1106,106,106,1106),
 (1107,106,106,1107),
 (1108,106,106,1108),
 (1109,106,106,1109),
 (1110,106,106,1110),
 (1111,106,106,1111),
 (1112,106,106,1112),
 (1113,106,106,1113),
 (1114,106,106,1114),
 (1115,106,106,1115),
 (1116,106,106,1116),
 (1117,106,106,1117),
 (1118,106,106,1118),
 (1119,106,106,1119),
 (1120,107,107,1120),
 (1121,107,107,1121),
 (1122,107,107,1122),
 (1123,107,107,1123),
 (1124,107,107,1124),
 (1125,107,107,1125),
 (1126,107,107,1126),
 (1127,107,107,1127),
 (1128,108,108,1128),
 (1129,108,108,1129),
 (1130,108,108,1130),
 (1131,108,108,1131),
 (1132,108,108,1132),
 (1133,108,108,1133),
 (1134,108,108,1134),
 (1135,108,108,1135),
 (1136,108,108,1136),
 (1137,108,108,1137),
 (1138,108,108,1138),
 (1139,108,108,1139),
 (1140,108,108,1140),
 (1141,108,108,1141),
 (1142,108,108,1142),
 (1143,108,108,1143),
 (1144,109,109,1144),
 (1145,109,109,1145),
 (1146,109,109,1146),
 (1147,110,110,1147),
 (1148,110,110,1148),
 (1149,110,110,1149),
 (1150,110,110,1150),
 (1151,110,110,1151),
 (1152,110,110,1152),
 (1153,110,110,1153),
 (1154,110,110,1154),
 (1155,111,111,1155),
 (1156,111,111,1156),
 (1157,111,111,1157),
 (1158,111,111,1158),
 (1159,111,111,1159),
 (1160,111,111,1160),
 (1161,111,111,1161),
 (1162,111,111,1162),
 (1163,111,111,1163),
 (1164,111,111,1164),
 (1165,111,111,1165),
 (1166,111,111,1166),
 (1167,111,111,1167),
 (1168,111,111,1168),
 (1169,111,111,1169),
 (1170,111,111,1170),
 (1171,111,111,1171),
 (1172,112,112,1172),
 (1173,112,112,1173),
 (1174,112,112,1174),
 (1175,112,112,1175),
 (1176,112,112,1176),
 (1177,112,112,1177),
 (1178,112,112,1178),
 (1179,112,112,1179),
 (1180,112,112,1180),
 (1181,112,112,1181),
 (1182,112,112,1182),
 (1183,112,112,1183),
 (1184,112,112,1184),
 (1185,112,112,1185),
 (1186,112,112,1186),
 (1187,112,112,1187),
 (1188,112,112,1188),
 (1189,113,113,1189),
 (1190,113,113,1190),
 (1191,113,113,1191),
 (1192,114,114,1192),
 (1193,114,114,1193),
 (1194,114,114,1194),
 (1195,114,114,1195),
 (1196,114,114,1196),
 (1197,114,114,1197),
 (1198,114,114,1198),
 (1199,114,114,1199),
 (1200,114,114,1200),
 (1201,114,114,1201),
 (1202,114,114,1202),
 (1203,114,114,1203),
 (1204,115,115,1204),
 (1205,115,115,1205),
 (1206,115,115,1206),
 (1207,115,115,1207),
 (1208,115,115,1208),
 (1209,115,115,1209),
 (1210,115,115,1210),
 (1211,115,115,1211),
 (1212,115,115,1212),
 (1213,115,115,1213),
 (1214,115,115,1214),
 (1215,115,115,1215),
 (1216,116,116,1216),
 (1217,116,116,1217),
 (1218,116,116,1218),
 (1219,116,116,1219),
 (1220,116,116,1220),
 (1221,116,116,1221),
 (1222,116,116,1222),
 (1223,116,116,1223),
 (1224,116,116,1224),
 (1225,116,116,1225),
 (1226,116,116,1226),
 (1227,116,116,1227),
 (1228,116,116,1228),
 (1229,116,116,1229),
 (1230,116,116,1230),
 (1231,116,116,1231),
 (1232,116,116,1232),
 (1233,116,116,1233),
 (1234,116,116,1234),
 (1235,116,116,1235),
 (1236,116,116,1236),
 (1237,116,116,1237),
 (1238,116,116,1238),
 (1239,116,116,1239),
 (1240,117,117,1240),
 (1241,117,117,1241),
 (1242,117,117,1242),
 (1243,117,117,1243),
 (1244,117,117,1244),
 (1245,117,117,1245),
 (1246,118,118,1246);
/*!40000 ALTER TABLE `REPORTFIELD_REPORTFIELDGROUP` ENABLE KEYS */;


--
-- Definition of table `REPORTFILTER`
--

DROP TABLE IF EXISTS `REPORTFILTER`;
CREATE TABLE `REPORTFILTER` (
  `REPORTFILTER_ID` bigint(20) NOT NULL auto_increment,
  `FILTER_TYPE` int(11) default NULL,
  `OPERATOR` int(11) default NULL,
  `OPERATOR_NOT` int(11) default NULL,
  `reportCustomFilter_REPORTCUSTOMFILTER_ID` bigint(20) default NULL,
  `reportStandardFilter_REPORTSTANDARDFILTER_ID` bigint(20) default NULL,
  PRIMARY KEY  (`REPORTFILTER_ID`),
  KEY `FKCDE451AC5367E19` (`reportCustomFilter_REPORTCUSTOMFILTER_ID`),
  KEY `FKCDE451AC6735D825` (`reportStandardFilter_REPORTSTANDARDFILTER_ID`),
  CONSTRAINT `FKCDE451AC6735D825` FOREIGN KEY (`reportStandardFilter_REPORTSTANDARDFILTER_ID`) REFERENCES `reportstandardfilter` (`REPORTSTANDARDFILTER_ID`),
  CONSTRAINT `FKCDE451AC5367E19` FOREIGN KEY (`reportCustomFilter_REPORTCUSTOMFILTER_ID`) REFERENCES `reportcustomfilter` (`REPORTCUSTOMFILTER_ID`)
) ENGINE=InnoDB DEFAULT CHARSET=latin1;

--
-- Dumping data for table `REPORTFILTER`
--

/*!40000 ALTER TABLE `REPORTFILTER` DISABLE KEYS */;
/*!40000 ALTER TABLE `REPORTFILTER` ENABLE KEYS */;


--
-- Definition of table `REPORTGROUPBYFIELD`
--

DROP TABLE IF EXISTS `REPORTGROUPBYFIELD`;
CREATE TABLE `REPORTGROUPBYFIELD` (
  `REPORTGROUPBYFIELD_ID` bigint(20) NOT NULL auto_increment,
  `REPORTFIELD_ID` bigint(20) default NULL,
  `GROUPDATEBYOPTION` int(11) default NULL,
  `SORTORDER` varchar(255) default NULL,
  PRIMARY KEY  (`REPORTGROUPBYFIELD_ID`)
) ENGINE=InnoDB DEFAULT CHARSET=latin1;

--
-- Dumping data for table `REPORTGROUPBYFIELD`
--

/*!40000 ALTER TABLE `REPORTGROUPBYFIELD` DISABLE KEYS */;
/*!40000 ALTER TABLE `REPORTGROUPBYFIELD` ENABLE KEYS */;


--
-- Definition of table `REPORTSELECTEDFIELD`
--

DROP TABLE IF EXISTS `REPORTSELECTEDFIELD`;
CREATE TABLE `REPORTSELECTEDFIELD` (
  `REPORTSELECTEDFIELD_ID` bigint(20) NOT NULL auto_increment,
  `AVERAGE` bit(1) default NULL,
  `COUNT` bit(1) default NULL,
  `FIELD_ID` bigint(20) default NULL,
  `GROUP_BY` bit(1) default NULL,
  `MAX` bit(1) default NULL,
  `MIN` bit(1) default NULL,
  `SORT_ORDER` varchar(255) default NULL,
  `SUM` bit(1) default NULL,
  PRIMARY KEY  (`REPORTSELECTEDFIELD_ID`)
) ENGINE=InnoDB DEFAULT CHARSET=latin1;

--
-- Dumping data for table `REPORTSELECTEDFIELD`
--

/*!40000 ALTER TABLE `REPORTSELECTEDFIELD` DISABLE KEYS */;
/*!40000 ALTER TABLE `REPORTSELECTEDFIELD` ENABLE KEYS */;


--
-- Definition of table `REPORTSTANDARDFILTER`
--

DROP TABLE IF EXISTS `REPORTSTANDARDFILTER`;
CREATE TABLE `REPORTSTANDARDFILTER` (
  `REPORTSTANDARDFILTER_ID` bigint(20) NOT NULL auto_increment,
  `FILTER_COMPARISON` int(11) default NULL,
  `REPORTFIELD_ID` bigint(20) default NULL,
  `CRITERIA` varchar(255) default NULL,
  `PROMPT_FOR_CRITERIA` bit(1) default NULL,
  PRIMARY KEY  (`REPORTSTANDARDFILTER_ID`)
) ENGINE=InnoDB DEFAULT CHARSET=latin1;

--
-- Dumping data for table `REPORTSTANDARDFILTER`
--

/*!40000 ALTER TABLE `REPORTSTANDARDFILTER` DISABLE KEYS */;
/*!40000 ALTER TABLE `REPORTSTANDARDFILTER` ENABLE KEYS */;


--
-- Definition of table `REPORTSTANDARDVIEW`
--

DROP TABLE IF EXISTS `REPORTSTANDARDVIEW`;
CREATE TABLE `REPORTSTANDARDVIEW` (
  `REPORTSTANDARDVIEW_ID` bigint(20) NOT NULL auto_increment,
  `NAME` varchar(255) default NULL,
  PRIMARY KEY  (`REPORTSTANDARDVIEW_ID`)
) ENGINE=InnoDB DEFAULT CHARSET=latin1;

--
-- Dumping data for table `REPORTSTANDARDVIEW`
--

/*!40000 ALTER TABLE `REPORTSTANDARDVIEW` DISABLE KEYS */;
/*!40000 ALTER TABLE `REPORTSTANDARDVIEW` ENABLE KEYS */;


--
-- Definition of table `REPORTSTANDARDVIEW_REPORTFIELD`
--

DROP TABLE IF EXISTS `REPORTSTANDARDVIEW_REPORTFIELD`;
CREATE TABLE `REPORTSTANDARDVIEW_REPORTFIELD` (
  `REPORTSTANDARDVIEW_REPORTSTANDARDVIEW_ID` bigint(20) NOT NULL,
  `columns_REPORTFIELD_ID` bigint(20) NOT NULL,
  PRIMARY KEY  (`REPORTSTANDARDVIEW_REPORTSTANDARDVIEW_ID`,`columns_REPORTFIELD_ID`),
  UNIQUE KEY `columns_REPORTFIELD_ID` (`columns_REPORTFIELD_ID`),
  KEY `FK13DFA37DB75A84FB` (`columns_REPORTFIELD_ID`),
  KEY `FK13DFA37DC5ECD372` (`REPORTSTANDARDVIEW_REPORTSTANDARDVIEW_ID`),
  CONSTRAINT `FK13DFA37DB75A84FB` FOREIGN KEY (`columns_REPORTFIELD_ID`) REFERENCES `reportfield` (`REPORTFIELD_ID`),
  CONSTRAINT `FK13DFA37DC5ECD372` FOREIGN KEY (`REPORTSTANDARDVIEW_REPORTSTANDARDVIEW_ID`) REFERENCES `reportstandardview` (`REPORTSTANDARDVIEW_ID`)
) ENGINE=InnoDB DEFAULT CHARSET=latin1;

--
-- Dumping data for table `REPORTSTANDARDVIEW_REPORTFIELD`
--

/*!40000 ALTER TABLE `REPORTSTANDARDVIEW_REPORTFIELD` DISABLE KEYS */;
/*!40000 ALTER TABLE `REPORTSTANDARDVIEW_REPORTFIELD` ENABLE KEYS */;


--
-- Definition of table `REPORTSTANDARDVIEW_ReportDuration`
--

DROP TABLE IF EXISTS `REPORTSTANDARDVIEW_ReportDuration`;
CREATE TABLE `REPORTSTANDARDVIEW_ReportDuration` (
  `REPORTSTANDARDVIEW_REPORTSTANDARDVIEW_ID` bigint(20) NOT NULL,
  `duration_id` bigint(20) NOT NULL,
  PRIMARY KEY  (`REPORTSTANDARDVIEW_REPORTSTANDARDVIEW_ID`,`duration_id`),
  UNIQUE KEY `duration_id` (`duration_id`),
  KEY `FKC0D36851C5ECD372` (`REPORTSTANDARDVIEW_REPORTSTANDARDVIEW_ID`),
  KEY `FKC0D3685147D269AF` (`duration_id`),
  CONSTRAINT `FKC0D3685147D269AF` FOREIGN KEY (`duration_id`) REFERENCES `reportduration` (`id`),
  CONSTRAINT `FKC0D36851C5ECD372` FOREIGN KEY (`REPORTSTANDARDVIEW_REPORTSTANDARDVIEW_ID`) REFERENCES `reportstandardview` (`REPORTSTANDARDVIEW_ID`)
) ENGINE=InnoDB DEFAULT CHARSET=latin1;

--
-- Dumping data for table `REPORTSTANDARDVIEW_ReportDuration`
--

/*!40000 ALTER TABLE `REPORTSTANDARDVIEW_ReportDuration` DISABLE KEYS */;
/*!40000 ALTER TABLE `REPORTSTANDARDVIEW_ReportDuration` ENABLE KEYS */;


--
-- Definition of table `REPORTWIZARD`
--

DROP TABLE IF EXISTS `REPORTWIZARD`;
CREATE TABLE `REPORTWIZARD` (
  `REPORTWIZARD_ID` bigint(20) NOT NULL auto_increment,
  `recordCount` bit(1) default NULL,
  `REPORT_COMMENT` varchar(255) default NULL,
  `reportLayout` int(11) default NULL,
  `REPORT_NAME` varchar(255) default NULL,
  `reportPath` varchar(255) default NULL,
  `reportTemplateJRXML` varchar(255) default NULL,
  `reportTemplatePath` varchar(255) default NULL,
  `REPORT_TYPE` varchar(255) default NULL,
  `ROW_COUNT` int(11) default NULL,
  `REPORTDATASOURCE_ID` bigint(20) default NULL,
  `REPORTSUBSOURCEGROUP_ID` bigint(20) default NULL,
  `REPORTSUBSOURCE_ID` bigint(20) default NULL,
  `UNIQUE_RECORDS` bit(1) default NULL,
  `SITE_NAME` varchar(255) default NULL,
  `REPORT_LAYOUT` int(11) default NULL,
  `REPORT_PATH` varchar(255) default NULL,
  `REPORT_SAVEASNAME` varchar(255) default NULL,
  `REPORT_TEMPLATE_JRXML` varchar(255) default NULL,
  `REPORT_TEMPLATE_PATH` varchar(255) default NULL,
  `SHOWSQLQUERY` bit(1) default NULL,
  `reportCrossTabFields_REPORTCROSSTABFIELDS_ID` bigint(20) default NULL,
  `src_REPORTSOURCE_ID` bigint(20) default NULL,
  `subsource_REPORTSUBSOURCE_ID` bigint(20) default NULL,
  `subsourcegroup_REPORTSUBSOURCEGROUP_ID` bigint(20) default NULL,
  PRIMARY KEY  (`REPORTWIZARD_ID`),
  KEY `FKEAECCB9FD3B8444A` (`src_REPORTSOURCE_ID`),
  KEY `FKEAECCB9FCB7EC7B3` (`subsource_REPORTSUBSOURCE_ID`),
  KEY `FKEAECCB9FEF69A8A` (`subsourcegroup_REPORTSUBSOURCEGROUP_ID`),
  KEY `FKEAECCB9FF967443E` (`reportCrossTabFields_REPORTCROSSTABFIELDS_ID`),
  CONSTRAINT `FKEAECCB9FF967443E` FOREIGN KEY (`reportCrossTabFields_REPORTCROSSTABFIELDS_ID`) REFERENCES `reportcrosstabfields` (`REPORTCROSSTABFIELDS_ID`),
  CONSTRAINT `FKEAECCB9FCB7EC7B3` FOREIGN KEY (`subsource_REPORTSUBSOURCE_ID`) REFERENCES `reportdatasubsource` (`REPORTSUBSOURCE_ID`),
  CONSTRAINT `FKEAECCB9FD3B8444A` FOREIGN KEY (`src_REPORTSOURCE_ID`) REFERENCES `reportdatasource` (`REPORTSOURCE_ID`),
  CONSTRAINT `FKEAECCB9FEF69A8A` FOREIGN KEY (`subsourcegroup_REPORTSUBSOURCEGROUP_ID`) REFERENCES `reportdatasubsourcegroup` (`REPORTSUBSOURCEGROUP_ID`)
) ENGINE=InnoDB DEFAULT CHARSET=latin1;

--
-- Dumping data for table `REPORTWIZARD`
--

/*!40000 ALTER TABLE `REPORTWIZARD` DISABLE KEYS */;
/*!40000 ALTER TABLE `REPORTWIZARD` ENABLE KEYS */;


--
-- Definition of table `REPORTWIZARD_REPORTCHARTSETTINGS`
--

DROP TABLE IF EXISTS `REPORTWIZARD_REPORTCHARTSETTINGS`;
CREATE TABLE `REPORTWIZARD_REPORTCHARTSETTINGS` (
  `REPORTWIZARD_REPORTWIZARD_ID` bigint(20) NOT NULL,
  `reportChartSettings_REPORTCHARTSETTINGS_ID` bigint(20) NOT NULL,
  `REPORTCHARTSETTINGS_ID` int(11) NOT NULL,
  PRIMARY KEY  (`REPORTWIZARD_REPORTWIZARD_ID`,`REPORTCHARTSETTINGS_ID`),
  KEY `FKB02A8C8D1C41CB4B` (`reportChartSettings_REPORTCHARTSETTINGS_ID`),
  KEY `FKB02A8C8DD768C03B` (`REPORTWIZARD_REPORTWIZARD_ID`),
  CONSTRAINT `FKB02A8C8DD768C03B` FOREIGN KEY (`REPORTWIZARD_REPORTWIZARD_ID`) REFERENCES `reportwizard` (`REPORTWIZARD_ID`),
  CONSTRAINT `FKB02A8C8D1C41CB4B` FOREIGN KEY (`reportChartSettings_REPORTCHARTSETTINGS_ID`) REFERENCES `reportchartsettings` (`REPORTCHARTSETTINGS_ID`)
) ENGINE=InnoDB DEFAULT CHARSET=latin1;

--
-- Dumping data for table `REPORTWIZARD_REPORTCHARTSETTINGS`
--

/*!40000 ALTER TABLE `REPORTWIZARD_REPORTCHARTSETTINGS` DISABLE KEYS */;
/*!40000 ALTER TABLE `REPORTWIZARD_REPORTCHARTSETTINGS` ENABLE KEYS */;


--
-- Definition of table `REPORTWIZARD_REPORTFIELD`
--

DROP TABLE IF EXISTS `REPORTWIZARD_REPORTFIELD`;
CREATE TABLE `REPORTWIZARD_REPORTFIELD` (
  `REPORTWIZARD_REPORTWIZARD_ID` bigint(20) NOT NULL,
  `fields_REPORTFIELD_ID` bigint(20) NOT NULL,
  `REPORTFIELD_ID` int(11) NOT NULL,
  PRIMARY KEY  (`REPORTWIZARD_REPORTWIZARD_ID`,`REPORTFIELD_ID`),
  KEY `FK3F60B386C3828A9F` (`fields_REPORTFIELD_ID`),
  KEY `FK3F60B386D768C03B` (`REPORTWIZARD_REPORTWIZARD_ID`),
  CONSTRAINT `FK3F60B386C3828A9F` FOREIGN KEY (`fields_REPORTFIELD_ID`) REFERENCES `reportfield` (`REPORTFIELD_ID`),
  CONSTRAINT `FK3F60B386D768C03B` FOREIGN KEY (`REPORTWIZARD_REPORTWIZARD_ID`) REFERENCES `reportwizard` (`REPORTWIZARD_ID`)
) ENGINE=InnoDB DEFAULT CHARSET=latin1;

--
-- Dumping data for table `REPORTWIZARD_REPORTFIELD`
--

/*!40000 ALTER TABLE `REPORTWIZARD_REPORTFIELD` DISABLE KEYS */;
/*!40000 ALTER TABLE `REPORTWIZARD_REPORTFIELD` ENABLE KEYS */;


--
-- Definition of table `REPORTWIZARD_REPORTFIELDGROUP`
--

DROP TABLE IF EXISTS `REPORTWIZARD_REPORTFIELDGROUP`;
CREATE TABLE `REPORTWIZARD_REPORTFIELDGROUP` (
  `REPORTWIZARD_REPORTWIZARD_ID` bigint(20) NOT NULL,
  `fieldGroups_REPORTFIELDGROUP_ID` bigint(20) NOT NULL,
  `REPORTFIELDGROUP_ID` int(11) NOT NULL,
  PRIMARY KEY  (`REPORTWIZARD_REPORTWIZARD_ID`,`REPORTFIELDGROUP_ID`),
  KEY `FKB8CF8E99300FE78A` (`fieldGroups_REPORTFIELDGROUP_ID`),
  KEY `FKB8CF8E99D768C03B` (`REPORTWIZARD_REPORTWIZARD_ID`),
  CONSTRAINT `FKB8CF8E99300FE78A` FOREIGN KEY (`fieldGroups_REPORTFIELDGROUP_ID`) REFERENCES `reportfieldgroup` (`REPORTFIELDGROUP_ID`),
  CONSTRAINT `FKB8CF8E99D768C03B` FOREIGN KEY (`REPORTWIZARD_REPORTWIZARD_ID`) REFERENCES `reportwizard` (`REPORTWIZARD_ID`)
) ENGINE=InnoDB DEFAULT CHARSET=latin1;

--
-- Dumping data for table `REPORTWIZARD_REPORTFIELDGROUP`
--

/*!40000 ALTER TABLE `REPORTWIZARD_REPORTFIELDGROUP` DISABLE KEYS */;
/*!40000 ALTER TABLE `REPORTWIZARD_REPORTFIELDGROUP` ENABLE KEYS */;


--
-- Definition of table `REPORTWIZARD_REPORTFILTER`
--

DROP TABLE IF EXISTS `REPORTWIZARD_REPORTFILTER`;
CREATE TABLE `REPORTWIZARD_REPORTFILTER` (
  `REPORTWIZARD_REPORTWIZARD_ID` bigint(20) NOT NULL,
  `reportFilters_REPORTFILTER_ID` bigint(20) NOT NULL,
  `REPORTFILTER_ID` int(11) NOT NULL,
  PRIMARY KEY  (`REPORTWIZARD_REPORTWIZARD_ID`,`REPORTFILTER_ID`),
  UNIQUE KEY `reportFilters_REPORTFILTER_ID` (`reportFilters_REPORTFILTER_ID`),
  KEY `FKACB90A4C7FBC81C3` (`reportFilters_REPORTFILTER_ID`),
  KEY `FKACB90A4CD768C03B` (`REPORTWIZARD_REPORTWIZARD_ID`),
  CONSTRAINT `FKACB90A4C7FBC81C3` FOREIGN KEY (`reportFilters_REPORTFILTER_ID`) REFERENCES `reportfilter` (`REPORTFILTER_ID`),
  CONSTRAINT `FKACB90A4CD768C03B` FOREIGN KEY (`REPORTWIZARD_REPORTWIZARD_ID`) REFERENCES `reportwizard` (`REPORTWIZARD_ID`)
) ENGINE=InnoDB DEFAULT CHARSET=latin1;

--
-- Dumping data for table `REPORTWIZARD_REPORTFILTER`
--

/*!40000 ALTER TABLE `REPORTWIZARD_REPORTFILTER` DISABLE KEYS */;
/*!40000 ALTER TABLE `REPORTWIZARD_REPORTFILTER` ENABLE KEYS */;


--
-- Definition of table `REPORTWIZARD_REPORTSELECTEDFIELD`
--

DROP TABLE IF EXISTS `REPORTWIZARD_REPORTSELECTEDFIELD`;
CREATE TABLE `REPORTWIZARD_REPORTSELECTEDFIELD` (
  `REPORTWIZARD_REPORTWIZARD_ID` bigint(20) NOT NULL,
  `reportSelectedFields_REPORTSELECTEDFIELD_ID` bigint(20) NOT NULL,
  `REPORTSELECTEDFIELD_ID` int(11) NOT NULL,
  PRIMARY KEY  (`REPORTWIZARD_REPORTWIZARD_ID`,`REPORTSELECTEDFIELD_ID`),
  UNIQUE KEY `reportSelectedFields_REPORTSELECTEDFIELD_ID` (`reportSelectedFields_REPORTSELECTEDFIELD_ID`),
  KEY `FKF2A1CDCB642415F0` (`reportSelectedFields_REPORTSELECTEDFIELD_ID`),
  KEY `FKF2A1CDCBD768C03B` (`REPORTWIZARD_REPORTWIZARD_ID`),
  CONSTRAINT `FKF2A1CDCBD768C03B` FOREIGN KEY (`REPORTWIZARD_REPORTWIZARD_ID`) REFERENCES `reportwizard` (`REPORTWIZARD_ID`),
  CONSTRAINT `FKF2A1CDCB642415F0` FOREIGN KEY (`reportSelectedFields_REPORTSELECTEDFIELD_ID`) REFERENCES `reportselectedfield` (`REPORTSELECTEDFIELD_ID`)
) ENGINE=InnoDB DEFAULT CHARSET=latin1;

--
-- Dumping data for table `REPORTWIZARD_REPORTSELECTEDFIELD`
--

/*!40000 ALTER TABLE `REPORTWIZARD_REPORTSELECTEDFIELD` DISABLE KEYS */;
/*!40000 ALTER TABLE `REPORTWIZARD_REPORTSELECTEDFIELD` ENABLE KEYS */;


--
-- Definition of table `ReportDuration`
--

DROP TABLE IF EXISTS `ReportDuration`;
CREATE TABLE `ReportDuration` (
  `id` bigint(20) NOT NULL auto_increment,
  `groupName` varchar(255) default NULL,
  `maxValue` datetime default NULL,
  `minValue` datetime default NULL,
  `name` varchar(255) default NULL,
  PRIMARY KEY  (`id`)
) ENGINE=InnoDB DEFAULT CHARSET=latin1;

--
-- Dumping data for table `ReportDuration`
--

/*!40000 ALTER TABLE `ReportDuration` DISABLE KEYS */;
/*!40000 ALTER TABLE `ReportDuration` ENABLE KEYS */;




/*!40101 SET SQL_MODE=@OLD_SQL_MODE */;
/*!40014 SET FOREIGN_KEY_CHECKS=@OLD_FOREIGN_KEY_CHECKS */;
/*!40014 SET UNIQUE_CHECKS=@OLD_UNIQUE_CHECKS */;
/*!40101 SET CHARACTER_SET_CLIENT=@OLD_CHARACTER_SET_CLIENT */;
/*!40101 SET CHARACTER_SET_RESULTS=@OLD_CHARACTER_SET_RESULTS */;
/*!40101 SET COLLATION_CONNECTION=@OLD_COLLATION_CONNECTION */;
/*!40101 SET CHARACTER_SET_CLIENT=@OLD_CHARACTER_SET_CLIENT */;
