-- MySQL Administrator dump 1.4
--
-- ------------------------------------------------------
-- Server version	5.1.35


/*!40101 SET @OLD_CHARACTER_SET_CLIENT=@@CHARACTER_SET_CLIENT */;
/*!40101 SET @OLD_CHARACTER_SET_RESULTS=@@CHARACTER_SET_RESULTS */;
/*!40101 SET @OLD_COLLATION_CONNECTION=@@COLLATION_CONNECTION */;
/*!40101 SET NAMES utf8 */;

/*!40014 SET @OLD_UNIQUE_CHECKS=@@UNIQUE_CHECKS, UNIQUE_CHECKS=0 */;
/*!40014 SET @OLD_FOREIGN_KEY_CHECKS=@@FOREIGN_KEY_CHECKS, FOREIGN_KEY_CHECKS=0 */;
/*!40101 SET @OLD_SQL_MODE=@@SQL_MODE, SQL_MODE='NO_AUTO_VALUE_ON_ZERO' */;


--
-- Definition of table `REPORTCHARTSETTINGS`
--

DROP TABLE IF EXISTS `REPORTCHARTSETTINGS`;
CREATE TABLE `REPORTCHARTSETTINGS` (
  `REPORTCHARTSETTINGS_ID` bigint(20) NOT NULL AUTO_INCREMENT,
  `CHART_TYPE` varchar(255) DEFAULT NULL,
  `FIELD_ID_X` bigint(20) DEFAULT NULL,
  `FIELD_ID_Y` bigint(20) DEFAULT NULL,
  `LOCATION` varchar(255) DEFAULT NULL,
  `OPERATION` varchar(255) DEFAULT NULL,
  PRIMARY KEY (`REPORTCHARTSETTINGS_ID`)
) ENGINE=InnoDB DEFAULT CHARSET=latin1;

--
-- Dumping data for table `REPORTCHARTSETTINGS`
--

/*!40000 ALTER TABLE `REPORTCHARTSETTINGS` DISABLE KEYS */;
/*!40000 ALTER TABLE `REPORTCHARTSETTINGS` ENABLE KEYS */;


--
-- Definition of table `REPORTCRITERIA`
--

DROP TABLE IF EXISTS `REPORTCRITERIA`;
CREATE TABLE `REPORTCRITERIA` (
  `id` bigint(20) NOT NULL AUTO_INCREMENT,
  `HIDE_DETAILS` bit(1) DEFAULT NULL,
  `ROW_COUNT` int(11) DEFAULT NULL,
  PRIMARY KEY (`id`)
) ENGINE=InnoDB DEFAULT CHARSET=latin1;

--
-- Dumping data for table `REPORTCRITERIA`
--

/*!40000 ALTER TABLE `REPORTCRITERIA` DISABLE KEYS */;
/*!40000 ALTER TABLE `REPORTCRITERIA` ENABLE KEYS */;


--
-- Definition of table `REPORTCRITERIA_REPORTSTANDARDFILTER`
--

DROP TABLE IF EXISTS `REPORTCRITERIA_REPORTSTANDARDFILTER`;
CREATE TABLE `REPORTCRITERIA_REPORTSTANDARDFILTER` (
  `REPORTCRITERIA_id` bigint(20) NOT NULL,
  `standardFilters_REPORTSTANDARDFILTER_ID` bigint(20) NOT NULL,
  PRIMARY KEY (`REPORTCRITERIA_id`,`standardFilters_REPORTSTANDARDFILTER_ID`),
  UNIQUE KEY `standardFilters_REPORTSTANDARDFILTER_ID` (`standardFilters_REPORTSTANDARDFILTER_ID`),
  KEY `FKC4224AD5CBC41D1A` (`standardFilters_REPORTSTANDARDFILTER_ID`),
  KEY `FKC4224AD5122B341B` (`REPORTCRITERIA_id`),
  CONSTRAINT `FKC4224AD5122B341B` FOREIGN KEY (`REPORTCRITERIA_id`) REFERENCES `REPORTCRITERIA` (`id`),
  CONSTRAINT `FKC4224AD5CBC41D1A` FOREIGN KEY (`standardFilters_REPORTSTANDARDFILTER_ID`) REFERENCES `REPORTSTANDARDFILTER` (`REPORTSTANDARDFILTER_ID`)
) ENGINE=InnoDB DEFAULT CHARSET=latin1;

--
-- Dumping data for table `REPORTCRITERIA_REPORTSTANDARDFILTER`
--

/*!40000 ALTER TABLE `REPORTCRITERIA_REPORTSTANDARDFILTER` DISABLE KEYS */;
/*!40000 ALTER TABLE `REPORTCRITERIA_REPORTSTANDARDFILTER` ENABLE KEYS */;


--
-- Definition of table `REPORTCROSSTABCOLUMN`
--

DROP TABLE IF EXISTS `REPORTCROSSTABCOLUMN`;
CREATE TABLE `REPORTCROSSTABCOLUMN` (
  `REPORTCROSSTABCOLUMN_ID` bigint(20) NOT NULL AUTO_INCREMENT,
  `CALCULATION` varchar(255) DEFAULT NULL,
  `REPORTFIELD_ID` bigint(20) DEFAULT NULL,
  `GROUPDATEBYOPTION` int(11) DEFAULT NULL,
  `SORTORDER` varchar(255) DEFAULT NULL,
  PRIMARY KEY (`REPORTCROSSTABCOLUMN_ID`)
) ENGINE=InnoDB AUTO_INCREMENT=5 DEFAULT CHARSET=latin1;

--
-- Dumping data for table `REPORTCROSSTABCOLUMN`
--

/*!40000 ALTER TABLE `REPORTCROSSTABCOLUMN` DISABLE KEYS */;
INSERT INTO `REPORTCROSSTABCOLUMN` (`REPORTCROSSTABCOLUMN_ID`,`CALCULATION`,`REPORTFIELD_ID`,`GROUPDATEBYOPTION`,`SORTORDER`) VALUES 
 (1,'',953,0,'ASC'),
 (2,'',-1,0,'ASC'),
 (3,'',5567,0,'ASC'),
 (4,'',-1,0,'ASC');
/*!40000 ALTER TABLE `REPORTCROSSTABCOLUMN` ENABLE KEYS */;


--
-- Definition of table `REPORTCROSSTABFIELDS`
--

DROP TABLE IF EXISTS `REPORTCROSSTABFIELDS`;
CREATE TABLE `REPORTCROSSTABFIELDS` (
  `REPORTCROSSTABFIELDS_ID` bigint(20) NOT NULL AUTO_INCREMENT,
  `OPERATION` varchar(255) DEFAULT NULL,
  PRIMARY KEY (`REPORTCROSSTABFIELDS_ID`)
) ENGINE=InnoDB AUTO_INCREMENT=20 DEFAULT CHARSET=latin1;

--
-- Dumping data for table `REPORTCROSSTABFIELDS`
--

/*!40000 ALTER TABLE `REPORTCROSSTABFIELDS` DISABLE KEYS */;
INSERT INTO `REPORTCROSSTABFIELDS` (`REPORTCROSSTABFIELDS_ID`,`OPERATION`) VALUES 
 (1,''),
 (2,''),
 (3,''),
 (4,''),
 (5,''),
 (6,''),
 (7,''),
 (8,''),
 (9,''),
 (10,''),
 (11,''),
 (12,''),
 (13,''),
 (14,''),
 (15,''),
 (16,''),
 (17,''),
 (18,''),
 (19,'');
/*!40000 ALTER TABLE `REPORTCROSSTABFIELDS` ENABLE KEYS */;


--
-- Definition of table `REPORTCROSSTABFIELDS_REPORTCROSSTABCOLUMN`
--

DROP TABLE IF EXISTS `REPORTCROSSTABFIELDS_REPORTCROSSTABCOLUMN`;
CREATE TABLE `REPORTCROSSTABFIELDS_REPORTCROSSTABCOLUMN` (
  `REPORTCROSSTABFIELDS_REPORTCROSSTABFIELDS_ID` bigint(20) NOT NULL,
  `reportCrossTabColumns_REPORTCROSSTABCOLUMN_ID` bigint(20) NOT NULL,
  `REPORTGROUPBYFIELD_ID` int(11) NOT NULL,
  PRIMARY KEY (`REPORTCROSSTABFIELDS_REPORTCROSSTABFIELDS_ID`,`REPORTGROUPBYFIELD_ID`),
  UNIQUE KEY `reportCrossTabColumns_REPORTCROSSTABCOLUMN_ID` (`reportCrossTabColumns_REPORTCROSSTABCOLUMN_ID`),
  KEY `FKB018B4BC943CD3D0` (`reportCrossTabColumns_REPORTCROSSTABCOLUMN_ID`),
  KEY `FKB018B4BCF967443E` (`REPORTCROSSTABFIELDS_REPORTCROSSTABFIELDS_ID`),
  CONSTRAINT `FKB018B4BCF967443E` FOREIGN KEY (`REPORTCROSSTABFIELDS_REPORTCROSSTABFIELDS_ID`) REFERENCES `REPORTCROSSTABFIELDS` (`REPORTCROSSTABFIELDS_ID`),
  CONSTRAINT `FKB018B4BC943CD3D0` FOREIGN KEY (`reportCrossTabColumns_REPORTCROSSTABCOLUMN_ID`) REFERENCES `REPORTCROSSTABCOLUMN` (`REPORTCROSSTABCOLUMN_ID`)
) ENGINE=InnoDB DEFAULT CHARSET=latin1;

--
-- Dumping data for table `REPORTCROSSTABFIELDS_REPORTCROSSTABCOLUMN`
--

/*!40000 ALTER TABLE `REPORTCROSSTABFIELDS_REPORTCROSSTABCOLUMN` DISABLE KEYS */;
INSERT INTO `REPORTCROSSTABFIELDS_REPORTCROSSTABCOLUMN` (`REPORTCROSSTABFIELDS_REPORTCROSSTABFIELDS_ID`,`reportCrossTabColumns_REPORTCROSSTABCOLUMN_ID`,`REPORTGROUPBYFIELD_ID`) VALUES 
 (12,1,0),
 (12,2,1),
 (16,3,0),
 (16,4,1);
/*!40000 ALTER TABLE `REPORTCROSSTABFIELDS_REPORTCROSSTABCOLUMN` ENABLE KEYS */;


--
-- Definition of table `REPORTCROSSTABFIELDS_REPORTCROSSTABMEASURE`
--

DROP TABLE IF EXISTS `REPORTCROSSTABFIELDS_REPORTCROSSTABMEASURE`;
CREATE TABLE `REPORTCROSSTABFIELDS_REPORTCROSSTABMEASURE` (
  `REPORTCROSSTABFIELDS_REPORTCROSSTABFIELDS_ID` bigint(20) NOT NULL,
  `reportCrossTabMeasure_REPORTCROSSTABMEASURE_ID` bigint(20) NOT NULL,
  `REPORTGROUPBYFIELD_ID` int(11) NOT NULL,
  PRIMARY KEY (`REPORTCROSSTABFIELDS_REPORTCROSSTABFIELDS_ID`,`REPORTGROUPBYFIELD_ID`),
  UNIQUE KEY `reportCrossTabMeasure_REPORTCROSSTABMEASURE_ID` (`reportCrossTabMeasure_REPORTCROSSTABMEASURE_ID`),
  KEY `FK524FF098F967443E` (`REPORTCROSSTABFIELDS_REPORTCROSSTABFIELDS_ID`),
  KEY `FK524FF09858F39383` (`reportCrossTabMeasure_REPORTCROSSTABMEASURE_ID`),
  CONSTRAINT `FK524FF09858F39383` FOREIGN KEY (`reportCrossTabMeasure_REPORTCROSSTABMEASURE_ID`) REFERENCES `REPORTCROSSTABMEASURE` (`REPORTCROSSTABMEASURE_ID`),
  CONSTRAINT `FK524FF098F967443E` FOREIGN KEY (`REPORTCROSSTABFIELDS_REPORTCROSSTABFIELDS_ID`) REFERENCES `REPORTCROSSTABFIELDS` (`REPORTCROSSTABFIELDS_ID`)
) ENGINE=InnoDB DEFAULT CHARSET=latin1;

--
-- Dumping data for table `REPORTCROSSTABFIELDS_REPORTCROSSTABMEASURE`
--

/*!40000 ALTER TABLE `REPORTCROSSTABFIELDS_REPORTCROSSTABMEASURE` DISABLE KEYS */;
INSERT INTO `REPORTCROSSTABFIELDS_REPORTCROSSTABMEASURE` (`REPORTCROSSTABFIELDS_REPORTCROSSTABFIELDS_ID`,`reportCrossTabMeasure_REPORTCROSSTABMEASURE_ID`,`REPORTGROUPBYFIELD_ID`) VALUES 
 (12,1,0),
 (16,2,0);
/*!40000 ALTER TABLE `REPORTCROSSTABFIELDS_REPORTCROSSTABMEASURE` ENABLE KEYS */;


--
-- Definition of table `REPORTCROSSTABFIELDS_REPORTCROSSTABROW`
--

DROP TABLE IF EXISTS `REPORTCROSSTABFIELDS_REPORTCROSSTABROW`;
CREATE TABLE `REPORTCROSSTABFIELDS_REPORTCROSSTABROW` (
  `REPORTCROSSTABFIELDS_REPORTCROSSTABFIELDS_ID` bigint(20) NOT NULL,
  `reportCrossTabRows_REPORTCROSSTABROWS_ID` bigint(20) NOT NULL,
  `REPORTGROUPBYFIELD_ID` int(11) NOT NULL,
  PRIMARY KEY (`REPORTCROSSTABFIELDS_REPORTCROSSTABFIELDS_ID`,`REPORTGROUPBYFIELD_ID`),
  UNIQUE KEY `reportCrossTabRows_REPORTCROSSTABROWS_ID` (`reportCrossTabRows_REPORTCROSSTABROWS_ID`),
  KEY `FKB741BA14F967443E` (`REPORTCROSSTABFIELDS_REPORTCROSSTABFIELDS_ID`),
  KEY `FKB741BA14933B6BCB` (`reportCrossTabRows_REPORTCROSSTABROWS_ID`),
  CONSTRAINT `FKB741BA14933B6BCB` FOREIGN KEY (`reportCrossTabRows_REPORTCROSSTABROWS_ID`) REFERENCES `REPORTCROSSTABROW` (`REPORTCROSSTABROWS_ID`),
  CONSTRAINT `FKB741BA14F967443E` FOREIGN KEY (`REPORTCROSSTABFIELDS_REPORTCROSSTABFIELDS_ID`) REFERENCES `REPORTCROSSTABFIELDS` (`REPORTCROSSTABFIELDS_ID`)
) ENGINE=InnoDB DEFAULT CHARSET=latin1;

--
-- Dumping data for table `REPORTCROSSTABFIELDS_REPORTCROSSTABROW`
--

/*!40000 ALTER TABLE `REPORTCROSSTABFIELDS_REPORTCROSSTABROW` DISABLE KEYS */;
INSERT INTO `REPORTCROSSTABFIELDS_REPORTCROSSTABROW` (`REPORTCROSSTABFIELDS_REPORTCROSSTABFIELDS_ID`,`reportCrossTabRows_REPORTCROSSTABROWS_ID`,`REPORTGROUPBYFIELD_ID`) VALUES 
 (12,1,0),
 (12,2,1),
 (16,3,0),
 (16,4,1),
 (16,5,2);
/*!40000 ALTER TABLE `REPORTCROSSTABFIELDS_REPORTCROSSTABROW` ENABLE KEYS */;


--
-- Definition of table `REPORTCROSSTABMEASURE`
--

DROP TABLE IF EXISTS `REPORTCROSSTABMEASURE`;
CREATE TABLE `REPORTCROSSTABMEASURE` (
  `REPORTCROSSTABMEASURE_ID` bigint(20) NOT NULL AUTO_INCREMENT,
  `CALCULATION` varchar(255) DEFAULT NULL,
  `REPORTFIELD_ID` bigint(20) DEFAULT NULL,
  `GROUPDATEBYOPTION` int(11) DEFAULT NULL,
  `SORTORDER` varchar(255) DEFAULT NULL,
  PRIMARY KEY (`REPORTCROSSTABMEASURE_ID`)
) ENGINE=InnoDB AUTO_INCREMENT=3 DEFAULT CHARSET=latin1;

--
-- Dumping data for table `REPORTCROSSTABMEASURE`
--

/*!40000 ALTER TABLE `REPORTCROSSTABMEASURE` DISABLE KEYS */;
INSERT INTO `REPORTCROSSTABMEASURE` (`REPORTCROSSTABMEASURE_ID`,`CALCULATION`,`REPORTFIELD_ID`,`GROUPDATEBYOPTION`,`SORTORDER`) VALUES 
 (1,'SUM',944,0,''),
 (2,'SUM',5558,0,'');
/*!40000 ALTER TABLE `REPORTCROSSTABMEASURE` ENABLE KEYS */;


--
-- Definition of table `REPORTCROSSTABROW`
--

DROP TABLE IF EXISTS `REPORTCROSSTABROW`;
CREATE TABLE `REPORTCROSSTABROW` (
  `REPORTCROSSTABROWS_ID` bigint(20) NOT NULL AUTO_INCREMENT,
  `CALCULATION` varchar(255) DEFAULT NULL,
  `REPORTFIELD_ID` bigint(20) DEFAULT NULL,
  `GROUPDATEBYOPTION` int(11) DEFAULT NULL,
  `SORTORDER` varchar(255) DEFAULT NULL,
  PRIMARY KEY (`REPORTCROSSTABROWS_ID`)
) ENGINE=InnoDB AUTO_INCREMENT=6 DEFAULT CHARSET=latin1;

--
-- Dumping data for table `REPORTCROSSTABROW`
--

/*!40000 ALTER TABLE `REPORTCROSSTABROW` DISABLE KEYS */;
INSERT INTO `REPORTCROSSTABROW` (`REPORTCROSSTABROWS_ID`,`CALCULATION`,`REPORTFIELD_ID`,`GROUPDATEBYOPTION`,`SORTORDER`) VALUES 
 (1,'',966,0,'ASC'),
 (2,'',-1,0,'ASC'),
 (3,'',5558,0,'ASC'),
 (4,'',5529,0,'ASC'),
 (5,'',-1,0,'ASC');
/*!40000 ALTER TABLE `REPORTCROSSTABROW` ENABLE KEYS */;


--
-- Definition of table `REPORTCUSTOMFILTER`
--

DROP TABLE IF EXISTS `REPORTCUSTOMFILTER`;
CREATE TABLE `REPORTCUSTOMFILTER` (
  `REPORTCUSTOMFILTER_ID` bigint(20) NOT NULL AUTO_INCREMENT,
  `REPORTCUSTOMFILTERDEFINITION_ID` bigint(20) DEFAULT NULL,
  `DISPLAY_HTML` longtext,
  PRIMARY KEY (`REPORTCUSTOMFILTER_ID`)
) ENGINE=InnoDB DEFAULT CHARSET=latin1;

--
-- Dumping data for table `REPORTCUSTOMFILTER`
--

/*!40000 ALTER TABLE `REPORTCUSTOMFILTER` DISABLE KEYS */;
/*!40000 ALTER TABLE `REPORTCUSTOMFILTER` ENABLE KEYS */;


--
-- Definition of table `REPORTCUSTOMFILTERCRITERIA`
--

DROP TABLE IF EXISTS `REPORTCUSTOMFILTERCRITERIA`;
CREATE TABLE `REPORTCUSTOMFILTERCRITERIA` (
  `REPORTCUSTOMFILTERCRITERIA_ID` bigint(20) NOT NULL AUTO_INCREMENT,
  `CRITERIA` varchar(255) DEFAULT NULL,
  `reportCustomFilter_REPORTCUSTOMFILTER_ID` bigint(20) DEFAULT NULL,
  PRIMARY KEY (`REPORTCUSTOMFILTERCRITERIA_ID`),
  KEY `FKB8EC63BC5367E19` (`reportCustomFilter_REPORTCUSTOMFILTER_ID`),
  CONSTRAINT `FKB8EC63BC5367E19` FOREIGN KEY (`reportCustomFilter_REPORTCUSTOMFILTER_ID`) REFERENCES `REPORTCUSTOMFILTER` (`REPORTCUSTOMFILTER_ID`)
) ENGINE=InnoDB DEFAULT CHARSET=latin1;

--
-- Dumping data for table `REPORTCUSTOMFILTERCRITERIA`
--

/*!40000 ALTER TABLE `REPORTCUSTOMFILTERCRITERIA` DISABLE KEYS */;
/*!40000 ALTER TABLE `REPORTCUSTOMFILTERCRITERIA` ENABLE KEYS */;


--
-- Definition of table `REPORTCUSTOMFILTERDEFINITION`
--

DROP TABLE IF EXISTS `REPORTCUSTOMFILTERDEFINITION`;
CREATE TABLE `REPORTCUSTOMFILTERDEFINITION` (
  `REPORTCUSTOMFILTERDEFINITION_ID` bigint(20) NOT NULL AUTO_INCREMENT,
  `DISPLAY_HTML` longtext,
  `DISPLAY_TEXT` longtext,
  `SQL_TEXT` longtext,
  PRIMARY KEY (`REPORTCUSTOMFILTERDEFINITION_ID`)
) ENGINE=InnoDB AUTO_INCREMENT=490001 DEFAULT CHARSET=latin1;

--
-- Dumping data for table `REPORTCUSTOMFILTERDEFINITION`
--

/*!40000 ALTER TABLE `REPORTCUSTOMFILTERDEFINITION` DISABLE KEYS */;
INSERT INTO `REPORTCUSTOMFILTERDEFINITION` (`REPORTCUSTOMFILTERDEFINITION_ID`,`DISPLAY_HTML`,`DISPLAY_TEXT`,`SQL_TEXT`) VALUES 
 (300000,'Account - Account is marked as a major donor','Account - Account is marked as a major donor','(EXISTS (SELECT * FROM CUSTOM_FIELD MAJOR_DONOR_LOOKUP WHERE MAJOR_DONOR_LOOKUP.ENTITY_TYPE = \'constituent\' AND MAJOR_DONOR_LOOKUP.FIELD_NAME = \'donorProfiles\' AND MAJOR_DONOR_LOOKUP.FIELD_VALUE = \'majorDonor\' AND MAJOR_DONOR_LOOKUP.ENTITY_ID = [VIEWNAME].ADDRESS_CONSTITUENT_ID))'),
 (310000,'Account - Account is marked as a major donor','Account - Account is marked as a major donor','(EXISTS (SELECT * FROM CUSTOM_FIELD MAJOR_DONOR_LOOKUP WHERE MAJOR_DONOR_LOOKUP.ENTITY_TYPE = \'constituent\' AND MAJOR_DONOR_LOOKUP.FIELD_NAME = \'donorProfiles\' AND MAJOR_DONOR_LOOKUP.FIELD_VALUE = \'majorDonor\' AND MAJOR_DONOR_LOOKUP.ENTITY_ID = [VIEWNAME].AUDIT_CONSTITUENT_ID))'),
 (320000,'Account - Account is marked as a major donor','Account - Account is marked as a major donor','(EXISTS (SELECT * FROM CUSTOM_FIELD MAJOR_DONOR_LOOKUP WHERE MAJOR_DONOR_LOOKUP.ENTITY_TYPE = \'constituent\' AND MAJOR_DONOR_LOOKUP.FIELD_NAME = \'donorProfiles\' AND MAJOR_DONOR_LOOKUP.FIELD_VALUE = \'majorDonor\' AND MAJOR_DONOR_LOOKUP.ENTITY_ID = [VIEWNAME].COMMITMENT_CONSTITUENT_ID))'),
 (330000,'Account - Account is marked as a major donor','Account - Account is marked as a major donor','(EXISTS (SELECT * FROM CUSTOM_FIELD MAJOR_DONOR_LOOKUP WHERE MAJOR_DONOR_LOOKUP.ENTITY_TYPE = \'constituent\' AND MAJOR_DONOR_LOOKUP.FIELD_NAME = \'donorProfiles\' AND MAJOR_DONOR_LOOKUP.FIELD_VALUE = \'majorDonor\' AND MAJOR_DONOR_LOOKUP.ENTITY_ID = [VIEWNAME].COMMUNICATION_HISTORY_CONSTITUENT_ID))'),
 (340000,'Account - Account is marked as a major donor','Account - Account is marked as a major donor','(EXISTS (SELECT * FROM CUSTOM_FIELD MAJOR_DONOR_LOOKUP WHERE MAJOR_DONOR_LOOKUP.ENTITY_TYPE = \'constituent\' AND MAJOR_DONOR_LOOKUP.FIELD_NAME = \'donorProfiles\' AND MAJOR_DONOR_LOOKUP.FIELD_VALUE = \'majorDonor\' AND MAJOR_DONOR_LOOKUP.ENTITY_ID = [VIEWNAME].EMAIL_CONSTITUENT_ID))'),
 (350000,'Account - Account is marked as a major donor','Account - Account is marked as a major donor','(EXISTS (SELECT * FROM CUSTOM_FIELD MAJOR_DONOR_LOOKUP WHERE MAJOR_DONOR_LOOKUP.ENTITY_TYPE = \'constituent\' AND MAJOR_DONOR_LOOKUP.FIELD_NAME = \'donorProfiles\' AND MAJOR_DONOR_LOOKUP.FIELD_VALUE = \'majorDonor\' AND MAJOR_DONOR_LOOKUP.ENTITY_ID = [VIEWNAME].GIFT_CONSTITUENT_ID))'),
 (360000,'Account - Account is marked as a major donor','Account - Account is marked as a major donor','(EXISTS (SELECT * FROM CUSTOM_FIELD MAJOR_DONOR_LOOKUP WHERE MAJOR_DONOR_LOOKUP.ENTITY_TYPE = \'constituent\' AND MAJOR_DONOR_LOOKUP.FIELD_NAME = \'donorProfiles\' AND MAJOR_DONOR_LOOKUP.FIELD_VALUE = \'majorDonor\' AND MAJOR_DONOR_LOOKUP.ENTITY_ID = [VIEWNAME].PAYMENT_HISTORY_CONSTITUENT_ID))'),
 (370000,'Account - Account is marked as a major donor','Account - Account is marked as a major donor','(EXISTS (SELECT * FROM CUSTOM_FIELD MAJOR_DONOR_LOOKUP WHERE MAJOR_DONOR_LOOKUP.ENTITY_TYPE = \'constituent\' AND MAJOR_DONOR_LOOKUP.FIELD_NAME = \'donorProfiles\' AND MAJOR_DONOR_LOOKUP.FIELD_VALUE = \'majorDonor\' AND MAJOR_DONOR_LOOKUP.ENTITY_ID = [VIEWNAME].PAYMENT_SOURCE_CONSTITUENT_ID))'),
 (380000,'Account - Account is marked as a major donor','Account - Account is marked as a major donor','(EXISTS (SELECT * FROM CUSTOM_FIELD MAJOR_DONOR_LOOKUP WHERE MAJOR_DONOR_LOOKUP.ENTITY_TYPE = \'constituent\' AND MAJOR_DONOR_LOOKUP.FIELD_NAME = \'donorProfiles\' AND MAJOR_DONOR_LOOKUP.FIELD_VALUE = \'majorDonor\' AND MAJOR_DONOR_LOOKUP.ENTITY_ID = [VIEWNAME].CONSTITUENT_CONSTITUENT_ID))'),
 (390000,'Account - Account is marked as a major donor','Account - Account is marked as a major donor','(EXISTS (SELECT * FROM CUSTOM_FIELD MAJOR_DONOR_LOOKUP WHERE MAJOR_DONOR_LOOKUP.ENTITY_TYPE = \'constituent\' AND MAJOR_DONOR_LOOKUP.FIELD_NAME = \'donorProfiles\' AND MAJOR_DONOR_LOOKUP.FIELD_VALUE = \'majorDonor\' AND MAJOR_DONOR_LOOKUP.ENTITY_ID = [VIEWNAME].PHONE_CONSTITUENT_ID))'),
 (395000,'Address - Address is effective as of <span class=\"criteriaWrapper\"><input class=\"customCriteria\" objectname=\"reportFilters[INDEXREPLACEMENT].reportCustomFilter.reportCustomFilterCriteria[0].criteria\" fieldtype=\"DATE\" value=\"{0}\" style=\"width:110px\"/></span>','Address - Address is effective as of [AS OF DATE]','(STR_TO_DATE(\'{0}\', \'%m/%d/%Y\') BETWEEN CASE WHEN ADDRESS_ACTIVATION_STATUS = \'temporary\' THEN ADDRESS_TEMPORARY_START_DATE WHEN ADDRESS_ACTIVATION_STATUS = \'seasonal\' THEN ADDRESS_SEASONAL_START_DATE WHEN ADDRESS_ACTIVATION_STATUS = \'permanent\' AND ADDRESS_EFFECTIVE_DATE IS NOT NULL THEN ADDRESS_EFFECTIVE_DATE ELSE STR_TO_DATE(\'{0}\', \'%m/%d/%Y\') END AND CASE WHEN ADDRESS_ACTIVATION_STATUS = \'temporary\' THEN ADDRESS_TEMPORARY_END_DATE WHEN ADDRESS_ACTIVATION_STATUS = \'seasonal\' THEN ADDRESS_SEASONAL_END_DATE ELSE STR_TO_DATE(\'{0}\', \'%m/%d/%Y\') END)'),
 (396000,'Email Address - Email Address is effective as of <span class=\"criteriaWrapper\"><input class=\"customCriteria\" objectname=\"reportFilters[INDEXREPLACEMENT].reportCustomFilter.reportCustomFilterCriteria[0].criteria\" fieldtype=\"DATE\" value=\"{0}\" style=\"width:110px\"/></span>','Email Address - Email Address is effective as of [AS OF DATE]','(STR_TO_DATE(\'{0}\', \'%m/%d/%Y\') BETWEEN CASE WHEN EMAIL_ACTIVATION_STATUS = \'temporary\' THEN EMAIL_TEMPORARY_START_DATE WHEN EMAIL_ACTIVATION_STATUS = \'seasonal\' THEN EMAIL_SEASONAL_START_DATE WHEN EMAIL_ACTIVATION_STATUS = \'permanent\' AND EMAIL_EFFECTIVE_DATE IS NOT NULL THEN EMAIL_EFFECTIVE_DATE ELSE STR_TO_DATE(\'{0}\', \'%m/%d/%Y\') END AND CASE WHEN EMAIL_ACTIVATION_STATUS = \'temporary\' THEN EMAIL_TEMPORARY_END_DATE WHEN EMAIL_ACTIVATION_STATUS = \'seasonal\' THEN EMAIL_SEASONAL_END_DATE ELSE STR_TO_DATE(\'{0}\', \'%m/%d/%Y\') END)'),
 (397000,'Phone Number - Phone Number is effective as of <span class=\"criteriaWrapper\"><input class=\"customCriteria\" objectname=\"reportFilters[INDEXREPLACEMENT].reportCustomFilter.reportCustomFilterCriteria[0].criteria\" fieldtype=\"DATE\" value=\"{0}\" style=\"width:110px\"/></span>','Phone Number - Phone Number is effective as of [AS OF DATE]','(STR_TO_DATE(\'{0}\', \'%m/%d/%Y\') BETWEEN CASE WHEN PHONE_ACTIVATION_STATUS = \'temporary\' THEN PHONE_TEMPORARY_START_DATE WHEN PHONE_ACTIVATION_STATUS = \'seasonal\' THEN PHONE_SEASONAL_START_DATE WHEN PHONE_ACTIVATION_STATUS = \'permanent\' AND PHONE_EFFECTIVE_DATE IS NOT NULL THEN PHONE_EFFECTIVE_DATE ELSE STR_TO_DATE(\'{0}\', \'%m/%d/%Y\') END AND CASE WHEN PHONE_ACTIVATION_STATUS = \'temporary\' THEN PHONE_TEMPORARY_END_DATE WHEN PHONE_ACTIVATION_STATUS = \'seasonal\' THEN PHONE_SEASONAL_END_DATE ELSE STR_TO_DATE(\'{0}\', \'%m/%d/%Y\') END)'),
 (400000,'Gift Totals - Account has given at least $<input class=\"customCriteria\" objectname=\"reportFilters[INDEXREPLACEMENT].reportCustomFilter.reportCustomFilterCriteria[0].criteria\" value=\"{0}\"/> in year <input class=\"customCriteria\" objectname=\"reportFilters[INDEXREPLACEMENT].reportCustomFilter.reportCustomFilterCriteria[1].criteria\" value=\"{1}\"/>','Gift Totals - Account has given at least $[GIFTAMOUNT] in year [GIFTYEAR]','((SELECT SUM(AMOUNT) FROM GIFT GIFTLOOKUP WHERE GIFTLOOKUP.CONSTITUENT_ID = [VIEWNAME].ADDRESS_CONSTITUENT_ID AND YEAR(TRANSACTION_DATE) = {1}) >= {0})'),
 (410000,'Gift Totals - Account has given at least $<input class=\"customCriteria\" objectname=\"reportFilters[INDEXREPLACEMENT].reportCustomFilter.reportCustomFilterCriteria[0].criteria\" value=\"{0}\"/> in year <input class=\"customCriteria\" objectname=\"reportFilters[INDEXREPLACEMENT].reportCustomFilter.reportCustomFilterCriteria[1].criteria\" value=\"{1}\"/>','Gift Totals - Account has given at least $[GIFTAMOUNT] in year [GIFTYEAR]','((SELECT SUM(AMOUNT) FROM GIFT GIFTLOOKUP WHERE GIFTLOOKUP.CONSTITUENT_ID = [VIEWNAME].AUDIT_CONSTITUENT_ID AND YEAR(TRANSACTION_DATE) = {1}) >= {0})'),
 (420000,'Gift Totals - Account has given at least $<input class=\"customCriteria\" objectname=\"reportFilters[INDEXREPLACEMENT].reportCustomFilter.reportCustomFilterCriteria[0].criteria\" value=\"{0}\"/> in year <input class=\"customCriteria\" objectname=\"reportFilters[INDEXREPLACEMENT].reportCustomFilter.reportCustomFilterCriteria[1].criteria\" value=\"{1}\"/>','Gift Totals - Account has given at least $[GIFTAMOUNT] in year [GIFTYEAR]','((SELECT SUM(AMOUNT) FROM GIFT GIFTLOOKUP WHERE GIFTLOOKUP.CONSTITUENT_ID = [VIEWNAME].COMMITMENT_CONSTITUENT_ID AND YEAR(TRANSACTION_DATE) = {1}) >= {0})'),
 (430000,'Gift Totals - Account has given at least $<input class=\"customCriteria\" objectname=\"reportFilters[INDEXREPLACEMENT].reportCustomFilter.reportCustomFilterCriteria[0].criteria\" value=\"{0}\"/> in year <input class=\"customCriteria\" objectname=\"reportFilters[INDEXREPLACEMENT].reportCustomFilter.reportCustomFilterCriteria[1].criteria\" value=\"{1}\"/>','Gift Totals - Account has given at least $[GIFTAMOUNT] in year [GIFTYEAR]','((SELECT SUM(AMOUNT) FROM GIFT GIFTLOOKUP WHERE GIFTLOOKUP.CONSTITUENT_ID = [VIEWNAME].COMMUNICATION_HISTORY_CONSTITUENT_ID AND YEAR(TRANSACTION_DATE) = {1}) >= {0})'),
 (440000,'Gift Totals - Account has given at least $<input class=\"customCriteria\" objectname=\"reportFilters[INDEXREPLACEMENT].reportCustomFilter.reportCustomFilterCriteria[0].criteria\" value=\"{0}\"/> in year <input class=\"customCriteria\" objectname=\"reportFilters[INDEXREPLACEMENT].reportCustomFilter.reportCustomFilterCriteria[1].criteria\" value=\"{1}\"/>','Gift Totals - Account has given at least $[GIFTAMOUNT] in year [GIFTYEAR]','((SELECT SUM(AMOUNT) FROM GIFT GIFTLOOKUP WHERE GIFTLOOKUP.CONSTITUENT_ID = [VIEWNAME].EMAIL_CONSTITUENT_ID AND YEAR(TRANSACTION_DATE) = {1}) >= {0})'),
 (450000,'Gift Totals - Account has given at least $<input class=\"customCriteria\" objectname=\"reportFilters[INDEXREPLACEMENT].reportCustomFilter.reportCustomFilterCriteria[0].criteria\" value=\"{0}\"/> in year <input class=\"customCriteria\" objectname=\"reportFilters[INDEXREPLACEMENT].reportCustomFilter.reportCustomFilterCriteria[1].criteria\" value=\"{1}\"/>','Gift Totals - Account has given at least $[GIFTAMOUNT] in year [GIFTYEAR]','((SELECT SUM(AMOUNT) FROM GIFT GIFTLOOKUP WHERE GIFTLOOKUP.CONSTITUENT_ID = [VIEWNAME].GIFT_CONSTITUENT_ID AND YEAR(TRANSACTION_DATE) = {1}) >= {0})'),
 (460000,'Gift Totals - Account has given at least $<input class=\"customCriteria\" objectname=\"reportFilters[INDEXREPLACEMENT].reportCustomFilter.reportCustomFilterCriteria[0].criteria\" value=\"{0}\"/> in year <input class=\"customCriteria\" objectname=\"reportFilters[INDEXREPLACEMENT].reportCustomFilter.reportCustomFilterCriteria[1].criteria\" value=\"{1}\"/>','Gift Totals - Account has given at least $[GIFTAMOUNT] in year [GIFTYEAR]','((SELECT SUM(AMOUNT) FROM GIFT GIFTLOOKUP WHERE GIFTLOOKUP.CONSTITUENT_ID = [VIEWNAME].PAYMENT_HISTORY_CONSTITUENT_ID AND YEAR(TRANSACTION_DATE) = {1}) >= {0})'),
 (470000,'Gift Totals - Account has given at least $<input class=\"customCriteria\" objectname=\"reportFilters[INDEXREPLACEMENT].reportCustomFilter.reportCustomFilterCriteria[0].criteria\" value=\"{0}\"/> in year <input class=\"customCriteria\" objectname=\"reportFilters[INDEXREPLACEMENT].reportCustomFilter.reportCustomFilterCriteria[1].criteria\" value=\"{1}\"/>','Gift Totals - Account has given at least $[GIFTAMOUNT] in year [GIFTYEAR]','((SELECT SUM(AMOUNT) FROM GIFT GIFTLOOKUP WHERE GIFTLOOKUP.CONSTITUENT_ID = [VIEWNAME].PAYMENT_SOURCE_CONSTITUENT_ID AND YEAR(TRANSACTION_DATE) = {1}) >= {0})'),
 (480000,'Gift Totals - Account has given at least $<input class=\"customCriteria\" objectname=\"reportFilters[INDEXREPLACEMENT].reportCustomFilter.reportCustomFilterCriteria[0].criteria\" value=\"{0}\"/> in year <input class=\"customCriteria\" objectname=\"reportFilters[INDEXREPLACEMENT].reportCustomFilter.reportCustomFilterCriteria[1].criteria\" value=\"{1}\"/>','Gift Totals - Account has given at least $[GIFTAMOUNT] in year [GIFTYEAR]','((SELECT SUM(AMOUNT) FROM GIFT GIFTLOOKUP WHERE GIFTLOOKUP.CONSTITUENT_ID = [VIEWNAME].CONSTITUENT_CONSTITUENT_ID AND YEAR(TRANSACTION_DATE) = {1}) >= {0})'),
 (490000,'Gift Totals - Account has given at least $<input class=\"customCriteria\" objectname=\"reportFilters[INDEXREPLACEMENT].reportCustomFilter.reportCustomFilterCriteria[0].criteria\" value=\"{0}\"/> in year <input class=\"customCriteria\" objectname=\"reportFilters[INDEXREPLACEMENT].reportCustomFilter.reportCustomFilterCriteria[1].criteria\" value=\"{1}\"/>','Gift Totals - Account has given at least $[GIFTAMOUNT] in year [GIFTYEAR]','((SELECT SUM(AMOUNT) FROM GIFT GIFTLOOKUP WHERE GIFTLOOKUP.CONSTITUENT_ID = [VIEWNAME].PHONE_CONSTITUENT_ID AND YEAR(TRANSACTION_DATE) = {1}) >= {0})');
/*!40000 ALTER TABLE `REPORTCUSTOMFILTERDEFINITION` ENABLE KEYS */;


--
-- Definition of table `REPORTCUSTOMFILTERDEFINITION_REPORTDATASUBSOURCE`
--

DROP TABLE IF EXISTS `REPORTCUSTOMFILTERDEFINITION_REPORTDATASUBSOURCE`;
CREATE TABLE `REPORTCUSTOMFILTERDEFINITION_REPORTDATASUBSOURCE` (
  `reportCustomFilterDefinitions_REPORTCUSTOMFILTERDEFINITION_ID` bigint(20) NOT NULL,
  `reportDataSubSource_REPORTSUBSOURCE_ID` bigint(20) NOT NULL,
  `REPORTSUBSOURCE_ID` int(11) NOT NULL,
  `REPORTCUSTOMFILTERDEFINITION_ID` int(11) NOT NULL,
  PRIMARY KEY (`reportCustomFilterDefinitions_REPORTCUSTOMFILTERDEFINITION_ID`,`REPORTSUBSOURCE_ID`),
  KEY `FKB0E0F0CEA9997991` (`reportDataSubSource_REPORTSUBSOURCE_ID`),
  KEY `FKB0E0F0CEBDBD13F` (`reportCustomFilterDefinitions_REPORTCUSTOMFILTERDEFINITION_ID`),
  CONSTRAINT `FKB0E0F0CEA9997991` FOREIGN KEY (`reportDataSubSource_REPORTSUBSOURCE_ID`) REFERENCES `REPORTDATASUBSOURCE` (`REPORTSUBSOURCE_ID`),
  CONSTRAINT `FKB0E0F0CEBDBD13F` FOREIGN KEY (`reportCustomFilterDefinitions_REPORTCUSTOMFILTERDEFINITION_ID`) REFERENCES `REPORTCUSTOMFILTERDEFINITION` (`REPORTCUSTOMFILTERDEFINITION_ID`)
) ENGINE=InnoDB DEFAULT CHARSET=latin1;

--
-- Dumping data for table `REPORTCUSTOMFILTERDEFINITION_REPORTDATASUBSOURCE`
--

/*!40000 ALTER TABLE `REPORTCUSTOMFILTERDEFINITION_REPORTDATASUBSOURCE` DISABLE KEYS */;
INSERT INTO `REPORTCUSTOMFILTERDEFINITION_REPORTDATASUBSOURCE` (`reportCustomFilterDefinitions_REPORTCUSTOMFILTERDEFINITION_ID`,`reportDataSubSource_REPORTSUBSOURCE_ID`,`REPORTSUBSOURCE_ID`,`REPORTCUSTOMFILTERDEFINITION_ID`) VALUES 
 (310000,30,30,1),
 (310000,31,31,2),
 (310000,32,32,3),
 (310000,33,33,4),
 (310000,34,34,5),
 (310000,35,35,6),
 (310000,36,36,7),
 (310000,37,37,8),
 (310000,38,38,9),
 (320000,16,16,76),
 (320000,17,17,77),
 (320000,18,18,78),
 (320000,19,19,79),
 (330000,39,39,86),
 (350000,10,10,65),
 (350000,11,11,66),
 (360000,14,14,84),
 (370000,15,15,69),
 (380000,3,3,24),
 (380000,4,4,25),
 (380000,5,5,26),
 (380000,6,6,27),
 (380000,7,7,28),
 (380000,8,8,29),
 (380000,9,9,30),
 (380000,20,20,31),
 (380000,21,21,32),
 (380000,22,22,33),
 (380000,23,23,34),
 (380000,24,24,35),
 (380000,25,25,36),
 (380000,26,26,37),
 (380000,27,27,38),
 (380000,28,28,39),
 (380000,29,29,40),
 (380000,40,40,41),
 (395000,4,4,19),
 (395000,7,7,20),
 (395000,8,8,21),
 (395000,31,31,22),
 (395000,40,40,23),
 (396000,5,5,60),
 (396000,7,7,61),
 (396000,8,8,62),
 (396000,33,33,63),
 (396000,40,40,64),
 (397000,6,6,71),
 (397000,7,7,72),
 (397000,8,8,73),
 (397000,36,36,74),
 (397000,40,40,75),
 (410000,30,30,10),
 (410000,31,31,11),
 (410000,32,32,12),
 (410000,33,33,13),
 (410000,34,34,14),
 (410000,35,35,15),
 (410000,36,36,16),
 (410000,37,37,17),
 (410000,38,38,18),
 (420000,16,16,80),
 (420000,17,17,81),
 (420000,18,18,82),
 (420000,19,19,83),
 (430000,39,39,87),
 (450000,10,10,67),
 (450000,11,11,68),
 (460000,14,14,85),
 (470000,15,15,70),
 (480000,3,3,42),
 (480000,4,4,43),
 (480000,5,5,44),
 (480000,6,6,45),
 (480000,7,7,46),
 (480000,8,8,47),
 (480000,9,9,48),
 (480000,20,20,49),
 (480000,21,21,50),
 (480000,22,22,51),
 (480000,23,23,52),
 (480000,24,24,53),
 (480000,25,25,54),
 (480000,26,26,55),
 (480000,27,27,56),
 (480000,28,28,57),
 (480000,29,29,58),
 (480000,40,40,59);
/*!40000 ALTER TABLE `REPORTCUSTOMFILTERDEFINITION_REPORTDATASUBSOURCE` ENABLE KEYS */;


--
-- Definition of table `REPORTCUSTOMFILTER_REPORTCUSTOMFILTERCRITERIA`
--

DROP TABLE IF EXISTS `REPORTCUSTOMFILTER_REPORTCUSTOMFILTERCRITERIA`;
CREATE TABLE `REPORTCUSTOMFILTER_REPORTCUSTOMFILTERCRITERIA` (
  `REPORTCUSTOMFILTER_REPORTCUSTOMFILTER_ID` bigint(20) NOT NULL,
  `reportCustomFilterCriteria_REPORTCUSTOMFILTERCRITERIA_ID` bigint(20) NOT NULL,
  `REPORTCUSTOMFILTERCRITERIA_ID` int(11) NOT NULL,
  PRIMARY KEY (`REPORTCUSTOMFILTER_REPORTCUSTOMFILTER_ID`,`REPORTCUSTOMFILTERCRITERIA_ID`),
  UNIQUE KEY `reportCustomFilterCriteria_REPORTCUSTOMFILTERCRITERIA_ID` (`reportCustomFilterCriteria_REPORTCUSTOMFILTERCRITERIA_ID`),
  KEY `FK1E4F67DE5367E19` (`REPORTCUSTOMFILTER_REPORTCUSTOMFILTER_ID`),
  KEY `FK1E4F67DE9F54E4F8` (`reportCustomFilterCriteria_REPORTCUSTOMFILTERCRITERIA_ID`),
  CONSTRAINT `FK1E4F67DE9F54E4F8` FOREIGN KEY (`reportCustomFilterCriteria_REPORTCUSTOMFILTERCRITERIA_ID`) REFERENCES `REPORTCUSTOMFILTERCRITERIA` (`REPORTCUSTOMFILTERCRITERIA_ID`),
  CONSTRAINT `FK1E4F67DE5367E19` FOREIGN KEY (`REPORTCUSTOMFILTER_REPORTCUSTOMFILTER_ID`) REFERENCES `REPORTCUSTOMFILTER` (`REPORTCUSTOMFILTER_ID`)
) ENGINE=InnoDB DEFAULT CHARSET=latin1;

--
-- Dumping data for table `REPORTCUSTOMFILTER_REPORTCUSTOMFILTERCRITERIA`
--

/*!40000 ALTER TABLE `REPORTCUSTOMFILTER_REPORTCUSTOMFILTERCRITERIA` DISABLE KEYS */;
/*!40000 ALTER TABLE `REPORTCUSTOMFILTER_REPORTCUSTOMFILTERCRITERIA` ENABLE KEYS */;


--
-- Definition of table `REPORTDATASOURCE`
--

DROP TABLE IF EXISTS `REPORTDATASOURCE`;
CREATE TABLE `REPORTDATASOURCE` (
  `REPORTSOURCE_ID` bigint(20) NOT NULL AUTO_INCREMENT,
  `REPORT_NAME` varchar(255) DEFAULT NULL,
  PRIMARY KEY (`REPORTSOURCE_ID`)
) ENGINE=InnoDB AUTO_INCREMENT=2 DEFAULT CHARSET=latin1;

--
-- Dumping data for table `REPORTDATASOURCE`
--

/*!40000 ALTER TABLE `REPORTDATASOURCE` DISABLE KEYS */;
INSERT INTO `REPORTDATASOURCE` (`REPORTSOURCE_ID`,`REPORT_NAME`) VALUES 
 (1,'Orange Leap');
/*!40000 ALTER TABLE `REPORTDATASOURCE` ENABLE KEYS */;


--
-- Definition of table `REPORTDATASUBSOURCE`
--

DROP TABLE IF EXISTS `REPORTDATASUBSOURCE`;
CREATE TABLE `REPORTDATASUBSOURCE` (
  `REPORTSUBSOURCE_ID` bigint(20) NOT NULL AUTO_INCREMENT,
  `DATABASE_TYPE` int(11) DEFAULT NULL,
  `DESCRIPTION` varchar(255) DEFAULT NULL,
  `DISPLAY_NAME` varchar(255) DEFAULT NULL,
  `JASPER_DATASOURCE_NAME` varchar(255) DEFAULT NULL,
  `REPORT_FORMAT_TYPE` int(11) DEFAULT NULL,
  `VIEW_NAME` varchar(8000) DEFAULT NULL,
  `reportDataSubSourceGroup_REPORTSUBSOURCEGROUP_ID` bigint(20) DEFAULT NULL,
  PRIMARY KEY (`REPORTSUBSOURCE_ID`),
  KEY `FK8817E91DD27B0EE8` (`reportDataSubSourceGroup_REPORTSUBSOURCEGROUP_ID`),
  CONSTRAINT `FK8817E91DD27B0EE8` FOREIGN KEY (`reportDataSubSourceGroup_REPORTSUBSOURCEGROUP_ID`) REFERENCES `REPORTDATASUBSOURCEGROUP` (`REPORTSUBSOURCEGROUP_ID`)
) ENGINE=InnoDB AUTO_INCREMENT=41 DEFAULT CHARSET=latin1;

--
-- Dumping data for table `REPORTDATASUBSOURCE`
--

/*!40000 ALTER TABLE `REPORTDATASUBSOURCE` DISABLE KEYS */;
INSERT INTO `REPORTDATASUBSOURCE` (`REPORTSUBSOURCE_ID`,`DATABASE_TYPE`,`DESCRIPTION`,`DISPLAY_NAME`,`JASPER_DATASOURCE_NAME`,`REPORT_FORMAT_TYPE`,`VIEW_NAME`,`reportDataSubSourceGroup_REPORTSUBSOURCEGROUP_ID`) VALUES 
 (1,0,NULL,'Error Log','/datasources/ReportWizardJdbcDS',0,'ERROR_LOG',1),
 (2,0,NULL,'Picklists','/datasources/ReportWizardJdbcDS',0,'VW_PICKLISTS',1),
 (3,0,NULL,'Constituents','/datasources/ReportWizardJdbcDS',0,'VW_CONSTITUENTS',3),
 (4,0,NULL,'Constituents & Addresses','/datasources/ReportWizardJdbcDS',0,'VW_CONSTITUENTS_ADDRESSES',3),
 (5,0,NULL,'Constituents & Email Addresses','/datasources/ReportWizardJdbcDS',0,'VW_CONSTITUENTS_EMAILS',3),
 (6,0,NULL,'Constituents & Phone Numbers','/datasources/ReportWizardJdbcDS',0,'VW_CONSTITUENTS_PHONENUMBERS',3),
 (7,0,'Constituents and their primary addresses, email addresses and phone numbers','Constituents & Primary Contact Information','/datasources/ReportWizardJdbcDS',0,'VW_CONSTITUENTS_PRIMARYCONTACTINFORMATION',3),
 (8,0,'Constituents and their addresses, email addresses and phone numbers','Constituents & Contact Information','/datasources/ReportWizardJdbcDS',0,'VW_CONSTITUENTS_CONTACTINFORMATION',3),
 (9,0,NULL,'Constituents & Relationships','/datasources/ReportWizardJdbcDS',0,'VW_CONSTITUENTS_RELATIONSHIPS',3),
 (10,0,NULL,'Gifts','/datasources/ReportWizardJdbcDS',0,'VW_GIFTS',6),
 (11,0,NULL,'Gifts & Gift Distributions','/datasources/ReportWizardJdbcDS',0,'VW_GIFTS_DISTRIBUTIONS',6),
 (12,0,NULL,'Gifts In Kind','/datasources/ReportWizardJdbcDS',0,'VW_GIFTS_IN_KIND',6),
 (13,0,NULL,'Gifts In Kind & Details','/datasources/ReportWizardJdbcDS',0,'VW_GIFTS_IN_KIND_DETAILS',6),
 (14,0,NULL,'Payment History','/datasources/ReportWizardJdbcDS',0,'VW_PAYMENTHISTORY',6),
 (15,0,NULL,'Payment Methods','/datasources/ReportWizardJdbcDS',0,'VW_PAYMENTMETHODS',6),
 (16,0,NULL,'Pledges','/datasources/ReportWizardJdbcDS',0,'VW_PLEDGES',6),
 (17,0,NULL,'Pledges & Distributions','/datasources/ReportWizardJdbcDS',0,'VW_PLEDGES_DISTRIBUTIONS',6),
 (18,0,NULL,'Recurring Gifts','/datasources/ReportWizardJdbcDS',0,'VW_RECURRINGGIFTS',6),
 (19,0,NULL,'Recurring Gifts & Distributions','/datasources/ReportWizardJdbcDS',0,'VW_RECURRINGGIFTS_DISTRIBUTIONS',6),
 (20,0,NULL,'Constituents & Gifts','/datasources/ReportWizardJdbcDS',0,'VW_CONSTITUENTS_GIFTS',4),
 (21,0,NULL,'Constituents & Gift Distributions','/datasources/ReportWizardJdbcDS',0,'VW_CONSTITUENTS_GIFTDISTRIBUTIONS',4),
 (22,0,NULL,'Constituents & Gifts In Kind','/datasources/ReportWizardJdbcDS',0,'VW_CONSTITUENTS_GIFTS_IN_KIND',4),
 (23,0,NULL,'Constituents & Gifts In Kind Details','/datasources/ReportWizardJdbcDS',0,'VW_CONSTITUENTS_GIFTS_IN_KIND_DETAILS',4),
 (24,0,NULL,'Constituents & Payment History','/datasources/ReportWizardJdbcDS',0,'VW_CONSTITUENTS_PAYMENTHISTORY',4),
 (25,0,NULL,'Constituents & Payment Methods','/datasources/ReportWizardJdbcDS',0,'VW_CONSTITUENTS_PAYMENTMETHODS',4),
 (26,0,NULL,'Constituents & Pledges','/datasources/ReportWizardJdbcDS',0,'VW_CONSTITUENTS_PLEDGES',4),
 (27,0,NULL,'Constituents & Pledges & Distributions','/datasources/ReportWizardJdbcDS',0,'VW_CONSTITUENTS_PLEDGES_DISTRIBUTIONS',4),
 (28,0,NULL,'Constituents & Recurring Gifts','/datasources/ReportWizardJdbcDS',0,'VW_CONSTITUENTS_RECURRINGGIFTS',4),
 (29,0,NULL,'Constituents & Recurring Gifts & Distributions','/datasources/ReportWizardJdbcDS',0,'VW_CONSTITUENTS_RECURRINGGIFTS_DISTRIBUTIONS',4),
 (30,0,NULL,'Audit History','/datasources/ReportWizardJdbcDS',0,'VW_AUDITHISTORY',2),
 (31,0,NULL,'Address Audit History','/datasources/ReportWizardJdbcDS',0,'VW_AUDITHISTORY_ADDRESSES',2),
 (32,0,NULL,'Constituent Audit History','/datasources/ReportWizardJdbcDS',0,'VW_AUDITHISTORY_CONSTITUENTS',2),
 (33,0,NULL,'Email Address Audit History','/datasources/ReportWizardJdbcDS',0,'VW_AUDITHISTORY_EMAILADDRESSES',2),
 (34,0,NULL,'Gift Audit History','/datasources/ReportWizardJdbcDS',0,'VW_AUDITHISTORY_GIFTS',2),
 (35,0,NULL,'Payment Method Audit History','/datasources/ReportWizardJdbcDS',0,'VW_AUDITHISTORY_PAYMENTMETHODS',2),
 (36,0,NULL,'Phone Number Audit History','/datasources/ReportWizardJdbcDS',0,'VW_AUDITHISTORY_PHONENUMBERS',2),
 (37,0,NULL,'Pledge Audit History','/datasources/ReportWizardJdbcDS',0,'VW_AUDITHISTORY_PLEDGES',2),
 (38,0,NULL,'Recurring Gift Audit History','/datasources/ReportWizardJdbcDS',0,'VW_AUDITHISTORY_RECURRINGGIFTS',2),
 (39,0,NULL,'Touch Points','/datasources/ReportWizardJdbcDS',0,'VW_TOUCHPOINTS',5),
 (40,0,NULL,'Touch Points & Constituent Information','/datasources/ReportWizardJdbcDS',0,'VW_TOUCHPOINTS_CONSTITUENT_INFORMATION',5);
/*!40000 ALTER TABLE `REPORTDATASUBSOURCE` ENABLE KEYS */;


--
-- Definition of table `REPORTDATASUBSOURCEGROUP`
--

DROP TABLE IF EXISTS `REPORTDATASUBSOURCEGROUP`;
CREATE TABLE `REPORTDATASUBSOURCEGROUP` (
  `REPORTSUBSOURCEGROUP_ID` bigint(20) NOT NULL AUTO_INCREMENT,
  `DESCRIPTION` varchar(255) DEFAULT NULL,
  `DISPLAY_NAME` varchar(255) DEFAULT NULL,
  `reportDataSource_REPORTSOURCE_ID` bigint(20) DEFAULT NULL,
  PRIMARY KEY (`REPORTSUBSOURCEGROUP_ID`),
  KEY `FKBCFD3F62513690DF` (`reportDataSource_REPORTSOURCE_ID`),
  CONSTRAINT `FKBCFD3F62513690DF` FOREIGN KEY (`reportDataSource_REPORTSOURCE_ID`) REFERENCES `REPORTDATASOURCE` (`REPORTSOURCE_ID`)
) ENGINE=InnoDB AUTO_INCREMENT=7 DEFAULT CHARSET=latin1;

--
-- Dumping data for table `REPORTDATASUBSOURCEGROUP`
--

/*!40000 ALTER TABLE `REPORTDATASUBSOURCEGROUP` DISABLE KEYS */;
INSERT INTO `REPORTDATASUBSOURCEGROUP` (`REPORTSUBSOURCEGROUP_ID`,`DESCRIPTION`,`DISPLAY_NAME`,`reportDataSource_REPORTSOURCE_ID`) VALUES 
 (1,'Administrative','Administrative',1),
 (2,'Audit History','Audit History',1),
 (3,'Constituents','Constituents',1),
 (4,'Constituents & Transactions','Constituents & Transactions',1),
 (5,'Touch Points','Touch Points',1),
 (6,'Transactions','Transactions',1);
/*!40000 ALTER TABLE `REPORTDATASUBSOURCEGROUP` ENABLE KEYS */;


--
-- Definition of table `REPORTFIELD`
--

DROP TABLE IF EXISTS `REPORTFIELD`;
CREATE TABLE `REPORTFIELD` (
  `REPORTFIELD_ID` bigint(20) NOT NULL AUTO_INCREMENT,
  `AVERAGE` bit(1) DEFAULT NULL,
  `CAN_BE_SUMMARIZED` bit(1) DEFAULT NULL,
  `COLUMN_NAME` varchar(255) DEFAULT NULL,
  `DISPLAY_NAME` varchar(255) DEFAULT NULL,
  `IS_DEFAULT` bit(1) DEFAULT NULL,
  `IS_SUMMARIZED` bit(1) DEFAULT NULL,
  `LARGEST_VALUE` bit(1) DEFAULT NULL,
  `PERFORMSUMMARY` bit(1) DEFAULT NULL,
  `RECORD_COUNT` bit(1) DEFAULT NULL,
  `IS_SELECTED` bit(1) DEFAULT NULL,
  `SMALLEST_VALUE` bit(1) DEFAULT NULL,
  `FIELD_TYPE` int(11) DEFAULT NULL,
  `ALIAS_NAME` varchar(255) DEFAULT NULL,
  `PRIMARY_KEYS` varchar(255) DEFAULT NULL,
  PRIMARY KEY (`REPORTFIELD_ID`)
) ENGINE=InnoDB AUTO_INCREMENT=2068 DEFAULT CHARSET=latin1;

--
-- Dumping data for table `REPORTFIELD`
--

/*!40000 ALTER TABLE `REPORTFIELD` DISABLE KEYS */;
INSERT INTO `REPORTFIELD` (`REPORTFIELD_ID`,`AVERAGE`,`CAN_BE_SUMMARIZED`,`COLUMN_NAME`,`DISPLAY_NAME`,`IS_DEFAULT`,`IS_SUMMARIZED`,`LARGEST_VALUE`,`PERFORMSUMMARY`,`RECORD_COUNT`,`IS_SELECTED`,`SMALLEST_VALUE`,`FIELD_TYPE`,`ALIAS_NAME`,`PRIMARY_KEYS`) VALUES 
 (1,0x00,0x00,'ERROR_LOG_ID','Error Log ID',0x01,0x00,0x00,0x00,0x00,0x00,0x00,2,'ERROR_LOG_ID','ERROR_LOG_ID'),
 (2,0x00,0x00,'SITE_NAME','Site Name',0x00,0x00,0x00,0x00,0x00,0x00,0x00,1,'SITE_NAME','ERROR_LOG_ID'),
 (3,0x00,0x00,'GETCONSTITUENTACCOUNTNUMBER(CONSTITUENT_ID)','Constituent Account Number',0x01,0x00,0x00,0x00,0x00,0x00,0x00,2,'CONSTITUENT_ACCOUNT_NUMBER','ERROR_LOG_ID'),
 (4,0x00,0x00,'CONSTITUENT_ID','Constituent Record ID',0x00,0x00,0x00,0x00,0x00,0x00,0x00,2,'CONSTITUENT_ID','ERROR_LOG_ID'),
 (5,0x00,0x00,'CONTEXT','Context',0x00,0x00,0x00,0x00,0x00,0x00,0x00,1,'CONTEXT','ERROR_LOG_ID'),
 (6,0x00,0x00,'MESSAGE','Message',0x01,0x00,0x00,0x00,0x00,0x00,0x00,1,'MESSAGE','ERROR_LOG_ID'),
 (7,0x00,0x00,'CREATE_DATE','Create Date',0x01,0x00,0x00,0x00,0x00,0x00,0x00,4,'CREATE_DATE','ERROR_LOG_ID'),
 (8,0x00,0x00,'PICKLIST_PICKLIST_NAME','Picklist Name',0x01,0x00,0x00,0x00,0x00,0x00,0x00,1,'PICKLIST_PICKLIST_NAME','PICKLIST_PICKLIST_NAME'),
 (9,0x00,0x00,'PICKLIST_SITE_NAME','Site Name',0x00,0x00,0x00,0x00,0x00,0x00,0x00,1,'PICKLIST_SITE_NAME','PICKLIST_PICKLIST_NAME'),
 (10,0x00,0x00,'PICKLIST_CUSTOM_FIELD_FIELD_NAME','Picklist Custom Field Name',0x00,0x00,0x00,0x00,0x00,0x00,0x00,1,'PICKLIST_CUSTOM_FIELD_FIELD_NAME','PICKLIST_PICKLIST_NAME'),
 (11,0x00,0x00,'PICKLIST_CUSTOM_FIELD_FIELD_VALUE','Picklist Custom Field Value',0x00,0x00,0x00,0x00,0x00,0x00,0x00,1,'PICKLIST_CUSTOM_FIELD_FIELD_VALUE','PICKLIST_PICKLIST_NAME'),
 (12,0x00,0x00,'PICKLIST_ITEM_ITEM_NAME','Picklist Item Name',0x01,0x00,0x00,0x00,0x00,0x00,0x00,1,'PICKLIST_ITEM_ITEM_NAME','PICKLIST_ITEM_ITEM_NAME'),
 (13,0x00,0x00,'PICKLIST_ITEM_DEFAULT_DISPLAY_VALUE','Picklist Item Description',0x01,0x00,0x00,0x00,0x00,0x00,0x00,1,'PICKLIST_ITEM_DEFAULT_DISPLAY_VALUE','PICKLIST_ITEM_ITEM_NAME'),
 (14,0x00,0x00,'PICKLIST_ITEM_INACTIVE','Picklist Item Inactive',0x01,0x00,0x00,0x00,0x00,0x00,0x00,6,'PICKLIST_ITEM_INACTIVE','PICKLIST_ITEM_ITEM_NAME'),
 (15,0x00,0x00,'PICKLIST_ITEM_ITEM_ORDER','Picklist Item Order',0x00,0x00,0x00,0x00,0x00,0x00,0x00,2,'PICKLIST_ITEM_ITEM_ORDER','PICKLIST_ITEM_ITEM_NAME'),
 (16,0x00,0x00,'PICKLIST_ITEM_CUSTOM_FIELD_FIELD_NAME','Picklist Item Custom Field Name',0x00,0x00,0x00,0x00,0x00,0x00,0x00,1,'PICKLIST_ITEM_CUSTOM_FIELD_FIELD_NAME','PICKLIST_ITEM_ITEM_NAME'),
 (17,0x00,0x00,'PICKLIST_ITEM_CUSTOM_FIELD_FIELD_VALUE','Picklist Item Custom Field Value',0x00,0x00,0x00,0x00,0x00,0x00,0x00,1,'PICKLIST_ITEM_CUSTOM_FIELD_FIELD_VALUE','PICKLIST_ITEM_ITEM_NAME'),
 (18,0x00,0x00,'CONSTITUENT_ACCOUNT_NUMBER','Account Number',0x01,0x00,0x00,0x00,0x00,0x00,0x00,2,'CONSTITUENT_ACCOUNT_NUMBER','CONSTITUENT_CONSTITUENT_ID'),
 (19,0x00,0x00,'GETCONSTITUENTDISPLAYNAME(GETCUSTOMFIELD(CONSTITUENT_CONSTITUENT_ID, \'constituent\', \'accountManager\'))','Account Manager Name',0x00,0x00,0x00,0x00,0x00,0x00,0x00,1,'ACCOUNTMANAGER','CONSTITUENT_CONSTITUENT_ID'),
 (20,0x00,0x00,'GETCONSTITUENTACCOUNTNUMBER(GETCUSTOMFIELD(CONSTITUENT_CONSTITUENT_ID, \'constituent\', \'accountManager\'))','Account Manager Account Number',0x00,0x00,0x00,0x00,0x00,0x00,0x00,2,'ACCOUNTMANAGERACCOUNTNUMBER','CONSTITUENT_CONSTITUENT_ID'),
 (21,0x00,0x00,'CONSTITUENT_CONSTITUENT_TYPE','Constituent Type',0x01,0x00,0x00,0x00,0x00,0x00,0x00,1,'CONSTITUENT_CONSTITUENT_TYPE','CONSTITUENT_CONSTITUENT_ID'),
 (22,0x00,0x00,'CONSTITUENT_CONSTITUENT_ROLE','Profile Type',0x00,0x00,0x00,0x00,0x00,0x00,0x00,1,'CONSTITUENT_CONSTITUENT_ROLE','CONSTITUENT_CONSTITUENT_ID'),
 (23,0x00,0x00,'CONSTITUENT_DONOR_PROFILE','Donor Profile',0x00,0x00,0x00,0x00,0x00,0x00,0x00,1,'CONSTITUENT_DONOR_PROFILE','CONSTITUENT_CONSTITUENT_ID'),
 (24,0x00,0x00,'CONSTITUENT_TITLE','Title',0x00,0x00,0x00,0x00,0x00,0x00,0x00,1,'CONSTITUENT_TITLE','CONSTITUENT_CONSTITUENT_ID'),
 (25,0x00,0x00,'CONSTITUENT_FIRST_NAME','First Name',0x01,0x00,0x00,0x00,0x00,0x00,0x00,1,'CONSTITUENT_FIRST_NAME','CONSTITUENT_CONSTITUENT_ID'),
 (26,0x00,0x00,'CONSTITUENT_MIDDLE_NAME','Middle Name',0x00,0x00,0x00,0x00,0x00,0x00,0x00,1,'CONSTITUENT_MIDDLE_NAME','CONSTITUENT_CONSTITUENT_ID'),
 (27,0x00,0x00,'CONSTITUENT_LAST_NAME','Last Name',0x01,0x00,0x00,0x00,0x00,0x00,0x00,1,'CONSTITUENT_LAST_NAME','CONSTITUENT_CONSTITUENT_ID'),
 (28,0x00,0x00,'CONSTITUENT_SUFFIX','Suffix',0x00,0x00,0x00,0x00,0x00,0x00,0x00,1,'CONSTITUENT_SUFFIX','CONSTITUENT_CONSTITUENT_ID'),
 (29,0x00,0x00,'CONSTITUENT_RECOGNITION_NAME','Recognition Name',0x00,0x00,0x00,0x00,0x00,0x00,0x00,1,'CONSTITUENT_RECOGNITION_NAME','CONSTITUENT_CONSTITUENT_ID'),
 (30,0x00,0x00,'CONSTITUENT_ORGANIZATION_NAME','Organization Name',0x00,0x00,0x00,0x00,0x00,0x00,0x00,1,'CONSTITUENT_ORGANIZATION_NAME','CONSTITUENT_CONSTITUENT_ID'),
 (31,0x00,0x00,'CONSTITUENT_LEGAL_NAME','Legal Name',0x00,0x00,0x00,0x00,0x00,0x00,0x00,1,'CONSTITUENT_LEGAL_NAME','CONSTITUENT_CONSTITUENT_ID'),
 (32,0x00,0x00,'GETCUSTOMFIELD(CONSTITUENT_CONSTITUENT_ID, \'constituent\', \'organization.website\')','Website',0x00,0x00,0x00,0x00,0x00,0x00,0x00,1,'ORGANIZATION_WEBSITE','CONSTITUENT_CONSTITUENT_ID'),
 (33,0x00,0x00,'GETCUSTOMFIELD(CONSTITUENT_CONSTITUENT_ID, \'constituent\', \'organization.taxid\')','Tax ID',0x00,0x00,0x00,0x00,0x00,0x00,0x00,1,'ORGANIZATION_TAXID','CONSTITUENT_CONSTITUENT_ID'),
 (34,0x00,0x00,'CONSTITUENT_NAICS_CODE','NAICS Code',0x00,0x00,0x00,0x00,0x00,0x00,0x00,1,'CONSTITUENT_NAICS_CODE','CONSTITUENT_CONSTITUENT_ID'),
 (35,0x00,0x00,'GETCUSTOMFIELD(CONSTITUENT_CONSTITUENT_ID, \'constituent\', \'communicationPreferences\')','Communication Preferences',0x00,0x00,0x00,0x00,0x00,0x00,0x00,1,'COMMUNICATIONPREFERENCES','CONSTITUENT_CONSTITUENT_ID'),
 (36,0x00,0x00,'GETCUSTOMFIELD(CONSTITUENT_CONSTITUENT_ID, \'constituent\', \'emailFormat\')','Email Format',0x00,0x00,0x00,0x00,0x00,0x00,0x00,1,'EMAILFORMAT','CONSTITUENT_CONSTITUENT_ID'),
 (37,0x00,0x00,'CONSTITUENT_CREATE_DATE','Create Date',0x00,0x00,0x00,0x00,0x00,0x00,0x00,4,'CONSTITUENT_CREATE_DATE','CONSTITUENT_CONSTITUENT_ID'),
 (38,0x00,0x00,'CONSTITUENT_UPDATE_DATE','Update Date',0x00,0x00,0x00,0x00,0x00,0x00,0x00,4,'CONSTITUENT_UPDATE_DATE','CONSTITUENT_CONSTITUENT_ID'),
 (39,0x00,0x00,'CONSTITUENT_MARITAL_STATUS','Marital Status',0x00,0x00,0x00,0x00,0x00,0x00,0x00,1,'CONSTITUENT_MARITAL_STATUS','CONSTITUENT_CONSTITUENT_ID'),
 (40,0x00,0x00,'GETCUSTOMFIELD(CONSTITUENT_CONSTITUENT_ID, \'constituent\', \'individual.birthDate\')','Birth Date',0x00,0x00,0x00,0x00,0x00,0x00,0x00,4,'INDIVIDUAL_BIRTHDATE','CONSTITUENT_CONSTITUENT_ID'),
 (41,0x00,0x00,'GETCUSTOMFIELD(CONSTITUENT_CONSTITUENT_ID, \'constituent\', \'individual.deceased\')','Deceased',0x00,0x00,0x00,0x00,0x00,0x00,0x00,6,'INDIVIDUAL_DECEASED','CONSTITUENT_CONSTITUENT_ID'),
 (42,0x00,0x00,'GETCUSTOMFIELD(CONSTITUENT_CONSTITUENT_ID, \'constituent\', \'individual.gender\')','Gender',0x00,0x00,0x00,0x00,0x00,0x00,0x00,1,'INDIVIDUAL_GENDER','CONSTITUENT_CONSTITUENT_ID'),
 (43,0x00,0x00,'GETCUSTOMFIELD(CONSTITUENT_CONSTITUENT_ID, \'constituent\', \'individual.race\')','Race',0x00,0x00,0x00,0x00,0x00,0x00,0x00,1,'INDIVIDUAL_RACE','CONSTITUENT_CONSTITUENT_ID'),
 (44,0x00,0x00,'GETCUSTOMFIELD(CONSTITUENT_CONSTITUENT_ID, \'constituent\', \'individual.military\')','Military',0x00,0x00,0x00,0x00,0x00,0x00,0x00,1,'INDIVIDUAL_MILITARY','CONSTITUENT_CONSTITUENT_ID'),
 (45,0x00,0x00,'GETCUSTOMFIELD(CONSTITUENT_CONSTITUENT_ID, \'constituent\', \'organization.matching\')','Matching',0x00,0x00,0x00,0x00,0x00,0x00,0x00,1,'ORGANIZATION_MATCHING','CONSTITUENT_CONSTITUENT_ID'),
 (46,0x00,0x00,'GETCUSTOMFIELD(CONSTITUENT_CONSTITUENT_ID, \'constituent\', \'organization.percentMatch\')','Percent Matching',0x00,0x00,0x00,0x00,0x00,0x00,0x00,3,'ORGANIZATION_PERCENTMATCH','CONSTITUENT_CONSTITUENT_ID'),
 (47,0x00,0x00,'GETCUSTOMFIELD(CONSTITUENT_CONSTITUENT_ID, \'constituent\', \'organization.maximumAnnualLimit\')','Maximum Annual Limit',0x00,0x00,0x00,0x00,0x00,0x00,0x00,5,'ORGANIZATION_MAXIMUMMATCH','CONSTITUENT_CONSTITUENT_ID'),
 (48,0x00,0x00,'GETCUSTOMFIELD(CONSTITUENT_CONSTITUENT_ID, \'constituent\', \'organization.minimumGiftMatch\')','Mimimum Gift Match',0x00,0x00,0x00,0x00,0x00,0x00,0x00,5,'ORGANIZATION_MINIMUMGIFTMATCH','CONSTITUENT_CONSTITUENT_ID'),
 (49,0x00,0x00,'GETCUSTOMFIELD(CONSTITUENT_CONSTITUENT_ID, \'constituent\', \'organization.totalPerEmployeePerYear\')','Total Per Employee Per Year',0x00,0x00,0x00,0x00,0x00,0x00,0x00,5,'ORGANIZATION_TOTALPEREMPLOYEEPERYEAR','CONSTITUENT_CONSTITUENT_ID'),
 (50,0x00,0x00,'GETCUSTOMFIELDDISPLAYVALUECONCATENATED(CONSTITUENT_CONSTITUENT_ID, \'constituent\', \'organization.eligibility\', \'customFieldMap[organization.eligibility]\')','Eligibility',0x00,0x00,0x00,0x00,0x00,0x00,0x00,1,'ORGANIZATION_MINIMUMGIFTMATCH','CONSTITUENT_CONSTITUENT_ID'),
 (51,0x00,0x00,'GETCUSTOMFIELDCONCATENATED(CONSTITUENT_CONSTITUENT_ID, \'constituent\', \'organization.eligibleFunds\')','Eligible Funds',0x00,0x00,0x00,0x00,0x00,0x00,0x00,1,'ORGANIZATION_ELIGIBLEFUNDS','CONSTITUENT_CONSTITUENT_ID'),
 (52,0x00,0x00,'GETCUSTOMFIELDCONCATENATED(CONSTITUENT_CONSTITUENT_ID, \'constituent\', \'organization.additional_eligibleFunds\')','Eligible Funds - Additional',0x00,0x00,0x00,0x00,0x00,0x00,0x00,1,'ORGANIZATION_ELIGIBLEFUNDSADDITIONAL','CONSTITUENT_CONSTITUENT_ID'),
 (53,0x00,0x00,'GETCUSTOMFIELDCONCATENATED(CONSTITUENT_CONSTITUENT_ID, \'constituent\', \'organization.eligibleOrganizations\')','Eligible Organizations',0x00,0x00,0x00,0x00,0x00,0x00,0x00,1,'ORGANIZATION_ELIGIBLEORGANIZATIONS','CONSTITUENT_CONSTITUENT_ID'),
 (54,0x00,0x00,'GETCUSTOMFIELDCONCATENATED(CONSTITUENT_CONSTITUENT_ID, \'constituent\', \'organization.additional_eligibleOrganizations\')','Eligible Organizations - Additional',0x00,0x00,0x00,0x00,0x00,0x00,0x00,1,'ORGANIZATION_ELIGIBLEORGANIZATIONSADDITIONAL','CONSTITUENT_CONSTITUENT_ID'),
 (55,0x00,0x00,'GETCUSTOMFIELDCONCATENATED(CONSTITUENT_CONSTITUENT_ID, \'constituent\', \'organization.ineligibleOrganizations\')','Ineligible Organizations',0x00,0x00,0x00,0x00,0x00,0x00,0x00,1,'ORGANIZATION_INELIGIBLEORGANIZATIONS','CONSTITUENT_CONSTITUENT_ID'),
 (56,0x00,0x00,'GETCUSTOMFIELDCONCATENATED(CONSTITUENT_CONSTITUENT_ID, \'constituent\', \'organization.additional_ineligibleOrganizations\')','Ineligible Organizations - Additional',0x00,0x00,0x00,0x00,0x00,0x00,0x00,1,'ORGANIZATION_INELIGIBLEORGANIZATIONSADDITIONAL','CONSTITUENT_CONSTITUENT_ID'),
 (57,0x00,0x00,'GETCUSTOMFIELD(CONSTITUENT_CONSTITUENT_ID, \'constituent\', \'organization.onlineMatchingGiftForm\')','Matching Gift Form',0x00,0x00,0x00,0x00,0x00,0x00,0x00,1,'ORGANIZATION_MATCHINGGIFTFORM','CONSTITUENT_CONSTITUENT_ID'),
 (58,0x00,0x00,'GETPICKLISTDISPLAYVALUE(\'customFieldMap[organization.programStartMonth]\', GETCUSTOMFIELD(CONSTITUENT_CONSTITUENT_ID, \'constituent\', \'organization.programStartMonth\'))','Program Start Month',0x00,0x00,0x00,0x00,0x00,0x00,0x00,1,'ORGANIZATION_PROGRAMSTARTMONTH','CONSTITUENT_CONSTITUENT_ID'),
 (59,0x00,0x00,'GETCONSTITUENTACCOUNTNUMBER(GETCUSTOMFIELD(CONSTITUENT_CONSTITUENT_ID, \'constituent\', \'organization.programContact\'))','Program Contact Account Number',0x00,0x00,0x00,0x00,0x00,0x00,0x00,2,'ORGANIZATION_PROGRAMCONTACTACCOUNTNUMBER','CONSTITUENT_CONSTITUENT_ID'),
 (60,0x00,0x00,'GETCONSTITUENTDISPLAYNAME(GETCUSTOMFIELD(CONSTITUENT_CONSTITUENT_ID, \'constituent\', \'organization.programContact\'))','Program Contact Account Name',0x00,0x00,0x00,0x00,0x00,0x00,0x00,1,'ORGANIZATION_PROGRAMCONTACTACCOUNTNAME','CONSTITUENT_CONSTITUENT_ID'),
 (61,0x00,0x00,'GETCUSTOMFIELD(CONSTITUENT_CONSTITUENT_ID, \'constituent\', \'organization.procedureForRequestingMatch\')','Procedure For Requesting Match',0x00,0x00,0x00,0x00,0x00,0x00,0x00,1,'ORGANIZATION_PROCEDUREFORREQUESTINGMATCH','CONSTITUENT_CONSTITUENT_ID'),
 (62,0x00,0x00,'CONSTITUENT_SITE_NAME','Site Name',0x00,0x00,0x00,0x00,0x00,0x00,0x00,1,'CONSTITUENT_SITE_NAME','CONSTITUENT_CONSTITUENT_ID'),
 (63,0x00,0x00,'CONSTITUENT_ACCOUNT_NUMBER','Account Number',0x01,0x00,0x00,0x00,0x00,0x00,0x00,2,'CONSTITUENT_ACCOUNT_NUMBER','CONSTITUENT_CONSTITUENT_ID'),
 (64,0x00,0x00,'GETCONSTITUENTDISPLAYNAME(GETCUSTOMFIELD(CONSTITUENT_CONSTITUENT_ID, \'constituent\', \'accountManager\'))','Account Manager Name',0x00,0x00,0x00,0x00,0x00,0x00,0x00,1,'ACCOUNTMANAGER','CONSTITUENT_CONSTITUENT_ID'),
 (65,0x00,0x00,'GETCONSTITUENTACCOUNTNUMBER(GETCUSTOMFIELD(CONSTITUENT_CONSTITUENT_ID, \'constituent\', \'accountManager\'))','Account Manager Account Number',0x00,0x00,0x00,0x00,0x00,0x00,0x00,2,'ACCOUNTMANAGERACCOUNTNUMBER','CONSTITUENT_CONSTITUENT_ID'),
 (66,0x00,0x00,'CONSTITUENT_CONSTITUENT_TYPE','Constituent Type',0x01,0x00,0x00,0x00,0x00,0x00,0x00,1,'CONSTITUENT_CONSTITUENT_TYPE','CONSTITUENT_CONSTITUENT_ID'),
 (67,0x00,0x00,'CONSTITUENT_CONSTITUENT_ROLE','Profile Type',0x00,0x00,0x00,0x00,0x00,0x00,0x00,1,'CONSTITUENT_CONSTITUENT_ROLE','CONSTITUENT_CONSTITUENT_ID'),
 (68,0x00,0x00,'CONSTITUENT_DONOR_PROFILE','Donor Profile',0x00,0x00,0x00,0x00,0x00,0x00,0x00,1,'CONSTITUENT_DONOR_PROFILE','CONSTITUENT_CONSTITUENT_ID'),
 (69,0x00,0x00,'CONSTITUENT_TITLE','Title',0x00,0x00,0x00,0x00,0x00,0x00,0x00,1,'CONSTITUENT_TITLE','CONSTITUENT_CONSTITUENT_ID'),
 (70,0x00,0x00,'CONSTITUENT_FIRST_NAME','First Name',0x01,0x00,0x00,0x00,0x00,0x00,0x00,1,'CONSTITUENT_FIRST_NAME','CONSTITUENT_CONSTITUENT_ID'),
 (71,0x00,0x00,'CONSTITUENT_MIDDLE_NAME','Middle Name',0x00,0x00,0x00,0x00,0x00,0x00,0x00,1,'CONSTITUENT_MIDDLE_NAME','CONSTITUENT_CONSTITUENT_ID'),
 (72,0x00,0x00,'CONSTITUENT_LAST_NAME','Last Name',0x01,0x00,0x00,0x00,0x00,0x00,0x00,1,'CONSTITUENT_LAST_NAME','CONSTITUENT_CONSTITUENT_ID'),
 (73,0x00,0x00,'CONSTITUENT_SUFFIX','Suffix',0x00,0x00,0x00,0x00,0x00,0x00,0x00,1,'CONSTITUENT_SUFFIX','CONSTITUENT_CONSTITUENT_ID'),
 (74,0x00,0x00,'CONSTITUENT_RECOGNITION_NAME','Recognition Name',0x00,0x00,0x00,0x00,0x00,0x00,0x00,1,'CONSTITUENT_RECOGNITION_NAME','CONSTITUENT_CONSTITUENT_ID'),
 (75,0x00,0x00,'CONSTITUENT_ORGANIZATION_NAME','Organization Name',0x00,0x00,0x00,0x00,0x00,0x00,0x00,1,'CONSTITUENT_ORGANIZATION_NAME','CONSTITUENT_CONSTITUENT_ID'),
 (76,0x00,0x00,'CONSTITUENT_LEGAL_NAME','Legal Name',0x00,0x00,0x00,0x00,0x00,0x00,0x00,1,'CONSTITUENT_LEGAL_NAME','CONSTITUENT_CONSTITUENT_ID'),
 (77,0x00,0x00,'GETCUSTOMFIELD(CONSTITUENT_CONSTITUENT_ID, \'constituent\', \'organization.website\')','Website',0x00,0x00,0x00,0x00,0x00,0x00,0x00,1,'ORGANIZATION_WEBSITE','CONSTITUENT_CONSTITUENT_ID'),
 (78,0x00,0x00,'GETCUSTOMFIELD(CONSTITUENT_CONSTITUENT_ID, \'constituent\', \'organization.taxid\')','Tax ID',0x00,0x00,0x00,0x00,0x00,0x00,0x00,1,'ORGANIZATION_TAXID','CONSTITUENT_CONSTITUENT_ID'),
 (79,0x00,0x00,'CONSTITUENT_NAICS_CODE','NAICS Code',0x00,0x00,0x00,0x00,0x00,0x00,0x00,1,'CONSTITUENT_NAICS_CODE','CONSTITUENT_CONSTITUENT_ID'),
 (80,0x00,0x00,'GETCUSTOMFIELD(CONSTITUENT_CONSTITUENT_ID, \'constituent\', \'communicationPreferences\')','Communication Preferences',0x00,0x00,0x00,0x00,0x00,0x00,0x00,1,'COMMUNICATIONPREFERENCES','CONSTITUENT_CONSTITUENT_ID'),
 (81,0x00,0x00,'GETCUSTOMFIELD(CONSTITUENT_CONSTITUENT_ID, \'constituent\', \'emailFormat\')','Email Format',0x00,0x00,0x00,0x00,0x00,0x00,0x00,1,'EMAILFORMAT','CONSTITUENT_CONSTITUENT_ID'),
 (82,0x00,0x00,'CONSTITUENT_CREATE_DATE','Create Date',0x00,0x00,0x00,0x00,0x00,0x00,0x00,4,'CONSTITUENT_CREATE_DATE','CONSTITUENT_CONSTITUENT_ID'),
 (83,0x00,0x00,'CONSTITUENT_UPDATE_DATE','Update Date',0x00,0x00,0x00,0x00,0x00,0x00,0x00,4,'CONSTITUENT_UPDATE_DATE','CONSTITUENT_CONSTITUENT_ID'),
 (84,0x00,0x00,'CONSTITUENT_MARITAL_STATUS','Marital Status',0x00,0x00,0x00,0x00,0x00,0x00,0x00,1,'CONSTITUENT_MARITAL_STATUS','CONSTITUENT_CONSTITUENT_ID'),
 (85,0x00,0x00,'GETCUSTOMFIELD(CONSTITUENT_CONSTITUENT_ID, \'constituent\', \'individual.birthDate\')','Birth Date',0x00,0x00,0x00,0x00,0x00,0x00,0x00,4,'INDIVIDUAL_BIRTHDATE','CONSTITUENT_CONSTITUENT_ID'),
 (86,0x00,0x00,'GETCUSTOMFIELD(CONSTITUENT_CONSTITUENT_ID, \'constituent\', \'individual.deceased\')','Deceased',0x00,0x00,0x00,0x00,0x00,0x00,0x00,6,'INDIVIDUAL_DECEASED','CONSTITUENT_CONSTITUENT_ID'),
 (87,0x00,0x00,'GETCUSTOMFIELD(CONSTITUENT_CONSTITUENT_ID, \'constituent\', \'individual.gender\')','Gender',0x00,0x00,0x00,0x00,0x00,0x00,0x00,1,'INDIVIDUAL_GENDER','CONSTITUENT_CONSTITUENT_ID'),
 (88,0x00,0x00,'GETCUSTOMFIELD(CONSTITUENT_CONSTITUENT_ID, \'constituent\', \'individual.race\')','Race',0x00,0x00,0x00,0x00,0x00,0x00,0x00,1,'INDIVIDUAL_RACE','CONSTITUENT_CONSTITUENT_ID'),
 (89,0x00,0x00,'GETCUSTOMFIELD(CONSTITUENT_CONSTITUENT_ID, \'constituent\', \'individual.military\')','Military',0x00,0x00,0x00,0x00,0x00,0x00,0x00,1,'INDIVIDUAL_MILITARY','CONSTITUENT_CONSTITUENT_ID'),
 (90,0x00,0x00,'GETCUSTOMFIELD(CONSTITUENT_CONSTITUENT_ID, \'constituent\', \'organization.matching\')','Matching',0x00,0x00,0x00,0x00,0x00,0x00,0x00,1,'ORGANIZATION_MATCHING','CONSTITUENT_CONSTITUENT_ID'),
 (91,0x00,0x00,'GETCUSTOMFIELD(CONSTITUENT_CONSTITUENT_ID, \'constituent\', \'organization.percentMatch\')','Percent Matching',0x00,0x00,0x00,0x00,0x00,0x00,0x00,3,'ORGANIZATION_PERCENTMATCH','CONSTITUENT_CONSTITUENT_ID'),
 (92,0x00,0x00,'GETCUSTOMFIELD(CONSTITUENT_CONSTITUENT_ID, \'constituent\', \'organization.maximumAnnualLimit\')','Maximum Annual Limit',0x00,0x00,0x00,0x00,0x00,0x00,0x00,5,'ORGANIZATION_MAXIMUMMATCH','CONSTITUENT_CONSTITUENT_ID'),
 (93,0x00,0x00,'GETCUSTOMFIELD(CONSTITUENT_CONSTITUENT_ID, \'constituent\', \'organization.minimumGiftMatch\')','Mimimum Gift Match',0x00,0x00,0x00,0x00,0x00,0x00,0x00,5,'ORGANIZATION_MINIMUMGIFTMATCH','CONSTITUENT_CONSTITUENT_ID'),
 (94,0x00,0x00,'GETCUSTOMFIELD(CONSTITUENT_CONSTITUENT_ID, \'constituent\', \'organization.totalPerEmployeePerYear\')','Total Per Employee Per Year',0x00,0x00,0x00,0x00,0x00,0x00,0x00,5,'ORGANIZATION_TOTALPEREMPLOYEEPERYEAR','CONSTITUENT_CONSTITUENT_ID'),
 (95,0x00,0x00,'GETCUSTOMFIELDDISPLAYVALUECONCATENATED(CONSTITUENT_CONSTITUENT_ID, \'constituent\', \'organization.eligibility\', \'customFieldMap[organization.eligibility]\')','Eligibility',0x00,0x00,0x00,0x00,0x00,0x00,0x00,1,'ORGANIZATION_MINIMUMGIFTMATCH','CONSTITUENT_CONSTITUENT_ID'),
 (96,0x00,0x00,'GETCUSTOMFIELDCONCATENATED(CONSTITUENT_CONSTITUENT_ID, \'constituent\', \'organization.eligibleFunds\')','Eligible Funds',0x00,0x00,0x00,0x00,0x00,0x00,0x00,1,'ORGANIZATION_ELIGIBLEFUNDS','CONSTITUENT_CONSTITUENT_ID'),
 (97,0x00,0x00,'GETCUSTOMFIELDCONCATENATED(CONSTITUENT_CONSTITUENT_ID, \'constituent\', \'organization.additional_eligibleFunds\')','Eligible Funds - Additional',0x00,0x00,0x00,0x00,0x00,0x00,0x00,1,'ORGANIZATION_ELIGIBLEFUNDSADDITIONAL','CONSTITUENT_CONSTITUENT_ID'),
 (98,0x00,0x00,'GETCUSTOMFIELDCONCATENATED(CONSTITUENT_CONSTITUENT_ID, \'constituent\', \'organization.eligibleOrganizations\')','Eligible Organizations',0x00,0x00,0x00,0x00,0x00,0x00,0x00,1,'ORGANIZATION_ELIGIBLEORGANIZATIONS','CONSTITUENT_CONSTITUENT_ID'),
 (99,0x00,0x00,'GETCUSTOMFIELDCONCATENATED(CONSTITUENT_CONSTITUENT_ID, \'constituent\', \'organization.additional_eligibleOrganizations\')','Eligible Organizations - Additional',0x00,0x00,0x00,0x00,0x00,0x00,0x00,1,'ORGANIZATION_ELIGIBLEORGANIZATIONSADDITIONAL','CONSTITUENT_CONSTITUENT_ID'),
 (100,0x00,0x00,'GETCUSTOMFIELDCONCATENATED(CONSTITUENT_CONSTITUENT_ID, \'constituent\', \'organization.ineligibleOrganizations\')','Ineligible Organizations',0x00,0x00,0x00,0x00,0x00,0x00,0x00,1,'ORGANIZATION_INELIGIBLEORGANIZATIONS','CONSTITUENT_CONSTITUENT_ID'),
 (101,0x00,0x00,'GETCUSTOMFIELDCONCATENATED(CONSTITUENT_CONSTITUENT_ID, \'constituent\', \'organization.additional_ineligibleOrganizations\')','Ineligible Organizations - Additional',0x00,0x00,0x00,0x00,0x00,0x00,0x00,1,'ORGANIZATION_INELIGIBLEORGANIZATIONSADDITIONAL','CONSTITUENT_CONSTITUENT_ID'),
 (102,0x00,0x00,'GETCUSTOMFIELD(CONSTITUENT_CONSTITUENT_ID, \'constituent\', \'organization.onlineMatchingGiftForm\')','Matching Gift Form',0x00,0x00,0x00,0x00,0x00,0x00,0x00,1,'ORGANIZATION_MATCHINGGIFTFORM','CONSTITUENT_CONSTITUENT_ID'),
 (103,0x00,0x00,'GETPICKLISTDISPLAYVALUE(\'customFieldMap[organization.programStartMonth]\', GETCUSTOMFIELD(CONSTITUENT_CONSTITUENT_ID, \'constituent\', \'organization.programStartMonth\'))','Program Start Month',0x00,0x00,0x00,0x00,0x00,0x00,0x00,1,'ORGANIZATION_PROGRAMSTARTMONTH','CONSTITUENT_CONSTITUENT_ID'),
 (104,0x00,0x00,'GETCONSTITUENTACCOUNTNUMBER(GETCUSTOMFIELD(CONSTITUENT_CONSTITUENT_ID, \'constituent\', \'organization.programContact\'))','Program Contact Account Number',0x00,0x00,0x00,0x00,0x00,0x00,0x00,2,'ORGANIZATION_PROGRAMCONTACTACCOUNTNUMBER','CONSTITUENT_CONSTITUENT_ID'),
 (105,0x00,0x00,'GETCONSTITUENTDISPLAYNAME(GETCUSTOMFIELD(CONSTITUENT_CONSTITUENT_ID, \'constituent\', \'organization.programContact\'))','Program Contact Account Name',0x00,0x00,0x00,0x00,0x00,0x00,0x00,1,'ORGANIZATION_PROGRAMCONTACTACCOUNTNAME','CONSTITUENT_CONSTITUENT_ID'),
 (106,0x00,0x00,'GETCUSTOMFIELD(CONSTITUENT_CONSTITUENT_ID, \'constituent\', \'organization.procedureForRequestingMatch\')','Procedure For Requesting Match',0x00,0x00,0x00,0x00,0x00,0x00,0x00,1,'ORGANIZATION_PROCEDUREFORREQUESTINGMATCH','CONSTITUENT_CONSTITUENT_ID'),
 (107,0x00,0x00,'CONSTITUENT_SITE_NAME','Site Name',0x00,0x00,0x00,0x00,0x00,0x00,0x00,1,'CONSTITUENT_SITE_NAME','CONSTITUENT_CONSTITUENT_ID'),
 (108,0x00,0x00,'ADDRESS_ADDRESS_ID','Address ID',0x00,0x00,0x00,0x00,0x00,0x00,0x00,2,'ADDRESS_ADDRESS_ID','ADDRESS_ADDRESS_ID'),
 (109,0x00,0x00,'GETCUSTOMFIELDDISPLAYVALUECONCATENATED(ADDRESS_ADDRESS_ID, \'address\', \'addressType\', \'customFieldMap[addressType]\')','Address Type',0x00,0x00,0x00,0x00,0x00,0x00,0x00,1,'ADDRESS_ADDRESS_TYPE','ADDRESS_ADDRESS_ID'),
 (110,0x00,0x00,'ADDRESS_ACTIVATION_STATUS','Address Status',0x00,0x00,0x00,0x00,0x00,0x00,0x00,1,'ADDRESS_ACTIVATION_STATUS','ADDRESS_ADDRESS_ID'),
 (111,0x00,0x00,'ADDRESS_EFFECTIVE_DATE','Address Effective Date',0x00,0x00,0x00,0x00,0x00,0x00,0x00,4,'ADDRESS_EFFECTIVE_DATE','ADDRESS_ADDRESS_ID'),
 (112,0x00,0x00,'ADDRESS_SEASONAL_START_DATE','Seasonal Start Date',0x00,0x00,0x00,0x00,0x00,0x00,0x00,4,'ADDRESS_SEASONAL_START_DATE','ADDRESS_ADDRESS_ID'),
 (113,0x00,0x00,'ADDRESS_SEASONAL_END_DATE','Seasonal End Date',0x00,0x00,0x00,0x00,0x00,0x00,0x00,4,'ADDRESS_SEASONAL_END_DATE','ADDRESS_ADDRESS_ID'),
 (114,0x00,0x00,'ADDRESS_TEMPORARY_START_DATE','Temporary Start Date',0x00,0x00,0x00,0x00,0x00,0x00,0x00,4,'ADDRESS_TEMPORARY_START_DATE','ADDRESS_ADDRESS_ID'),
 (115,0x00,0x00,'ADDRESS_TEMPORARY_END_DATE','Temporary End Date',0x00,0x00,0x00,0x00,0x00,0x00,0x00,4,'ADDRESS_TEMPORARY_END_DATE','ADDRESS_ADDRESS_ID'),
 (116,0x00,0x00,'ADDRESS_ADDRESS_LINE_1','Address Line 1',0x00,0x00,0x00,0x00,0x00,0x00,0x00,1,'ADDRESS_ADDRESS_LINE_1','ADDRESS_ADDRESS_ID'),
 (117,0x00,0x00,'ADDRESS_ADDRESS_LINE_2','Address Line 2',0x00,0x00,0x00,0x00,0x00,0x00,0x00,1,'ADDRESS_ADDRESS_LINE_2','ADDRESS_ADDRESS_ID'),
 (118,0x00,0x00,'ADDRESS_ADDRESS_LINE_3','Address Line 3',0x00,0x00,0x00,0x00,0x00,0x00,0x00,1,'ADDRESS_ADDRESS_LINE_3','ADDRESS_ADDRESS_ID'),
 (119,0x00,0x00,'ADDRESS_CITY','City',0x00,0x00,0x00,0x00,0x00,0x00,0x00,1,'ADDRESS_CITY','ADDRESS_ADDRESS_ID'),
 (120,0x00,0x00,'ADDRESS_STATE_PROVINCE','State/Province',0x00,0x00,0x00,0x00,0x00,0x00,0x00,1,'ADDRESS_STATE_PROVINCE','ADDRESS_ADDRESS_ID'),
 (121,0x00,0x00,'ADDRESS_COUNTRY','Country',0x00,0x00,0x00,0x00,0x00,0x00,0x00,1,'ADDRESS_COUNTRY','ADDRESS_ADDRESS_ID'),
 (122,0x00,0x00,'ADDRESS_POSTAL_CODE','Zip/Postal Code',0x00,0x00,0x00,0x00,0x00,0x00,0x00,1,'ADDRESS_POSTAL_CODE','ADDRESS_ADDRESS_ID'),
 (123,0x00,0x00,'ADDRESS_RECEIVE_CORRESPONDENCE','Receive Correspondence',0x00,0x00,0x00,0x00,0x00,0x00,0x00,6,'ADDRESS_RECEIVE_CORRESPONDENCE','ADDRESS_ADDRESS_ID'),
 (124,0x00,0x00,'ADDRESS_COMMENT','Comments',0x00,0x00,0x00,0x00,0x00,0x00,0x00,1,'ADDRESS_COMMENT','ADDRESS_ADDRESS_ID'),
 (125,0x00,0x00,'ADDRESS_CREATE_DATE','Address Create Date',0x00,0x00,0x00,0x00,0x00,0x00,0x00,4,'ADDRESS_CREATE_DATE','ADDRESS_ADDRESS_ID'),
 (126,0x00,0x00,'ADDRESS_UPDATE_DATE','Address Update Date',0x00,0x00,0x00,0x00,0x00,0x00,0x00,4,'ADDRESS_UPDATE_DATE','ADDRESS_ADDRESS_ID'),
 (127,0x00,0x00,'ADDRESS_IS_PRIMARY','Primary Address',0x00,0x00,0x00,0x00,0x00,0x00,0x00,6,'ADDRESS_IS_PRIMARY','ADDRESS_ADDRESS_ID'),
 (128,0x00,0x00,'ADDRESS_UNDELIVERABLE','Address Undeliverable',0x00,0x00,0x00,0x00,0x00,0x00,0x00,6,'ADDRESS_UNDELIVERABLE','ADDRESS_ADDRESS_ID'),
 (129,0x00,0x00,'ADDRESS_INACTIVE','Address Inactive',0x00,0x00,0x00,0x00,0x00,0x00,0x00,6,'ADDRESS_INACTIVE','ADDRESS_ADDRESS_ID'),
 (130,0x00,0x00,'CONSTITUENT_ACCOUNT_NUMBER','Account Number',0x01,0x00,0x00,0x00,0x00,0x00,0x00,2,'CONSTITUENT_ACCOUNT_NUMBER','CONSTITUENT_CONSTITUENT_ID'),
 (131,0x00,0x00,'GETCONSTITUENTDISPLAYNAME(GETCUSTOMFIELD(CONSTITUENT_CONSTITUENT_ID, \'constituent\', \'accountManager\'))','Account Manager Name',0x00,0x00,0x00,0x00,0x00,0x00,0x00,1,'ACCOUNTMANAGER','CONSTITUENT_CONSTITUENT_ID'),
 (132,0x00,0x00,'GETCONSTITUENTACCOUNTNUMBER(GETCUSTOMFIELD(CONSTITUENT_CONSTITUENT_ID, \'constituent\', \'accountManager\'))','Account Manager Account Number',0x00,0x00,0x00,0x00,0x00,0x00,0x00,2,'ACCOUNTMANAGERACCOUNTNUMBER','CONSTITUENT_CONSTITUENT_ID'),
 (133,0x00,0x00,'CONSTITUENT_CONSTITUENT_TYPE','Constituent Type',0x01,0x00,0x00,0x00,0x00,0x00,0x00,1,'CONSTITUENT_CONSTITUENT_TYPE','CONSTITUENT_CONSTITUENT_ID'),
 (134,0x00,0x00,'CONSTITUENT_CONSTITUENT_ROLE','Profile Type',0x00,0x00,0x00,0x00,0x00,0x00,0x00,1,'CONSTITUENT_CONSTITUENT_ROLE','CONSTITUENT_CONSTITUENT_ID'),
 (135,0x00,0x00,'CONSTITUENT_DONOR_PROFILE','Donor Profile',0x00,0x00,0x00,0x00,0x00,0x00,0x00,1,'CONSTITUENT_DONOR_PROFILE','CONSTITUENT_CONSTITUENT_ID'),
 (136,0x00,0x00,'CONSTITUENT_TITLE','Title',0x00,0x00,0x00,0x00,0x00,0x00,0x00,1,'CONSTITUENT_TITLE','CONSTITUENT_CONSTITUENT_ID'),
 (137,0x00,0x00,'CONSTITUENT_FIRST_NAME','First Name',0x01,0x00,0x00,0x00,0x00,0x00,0x00,1,'CONSTITUENT_FIRST_NAME','CONSTITUENT_CONSTITUENT_ID'),
 (138,0x00,0x00,'CONSTITUENT_MIDDLE_NAME','Middle Name',0x00,0x00,0x00,0x00,0x00,0x00,0x00,1,'CONSTITUENT_MIDDLE_NAME','CONSTITUENT_CONSTITUENT_ID'),
 (139,0x00,0x00,'CONSTITUENT_LAST_NAME','Last Name',0x01,0x00,0x00,0x00,0x00,0x00,0x00,1,'CONSTITUENT_LAST_NAME','CONSTITUENT_CONSTITUENT_ID'),
 (140,0x00,0x00,'CONSTITUENT_SUFFIX','Suffix',0x00,0x00,0x00,0x00,0x00,0x00,0x00,1,'CONSTITUENT_SUFFIX','CONSTITUENT_CONSTITUENT_ID'),
 (141,0x00,0x00,'CONSTITUENT_RECOGNITION_NAME','Recognition Name',0x00,0x00,0x00,0x00,0x00,0x00,0x00,1,'CONSTITUENT_RECOGNITION_NAME','CONSTITUENT_CONSTITUENT_ID'),
 (142,0x00,0x00,'CONSTITUENT_ORGANIZATION_NAME','Organization Name',0x00,0x00,0x00,0x00,0x00,0x00,0x00,1,'CONSTITUENT_ORGANIZATION_NAME','CONSTITUENT_CONSTITUENT_ID'),
 (143,0x00,0x00,'CONSTITUENT_LEGAL_NAME','Legal Name',0x00,0x00,0x00,0x00,0x00,0x00,0x00,1,'CONSTITUENT_LEGAL_NAME','CONSTITUENT_CONSTITUENT_ID'),
 (144,0x00,0x00,'GETCUSTOMFIELD(CONSTITUENT_CONSTITUENT_ID, \'constituent\', \'organization.website\')','Website',0x00,0x00,0x00,0x00,0x00,0x00,0x00,1,'ORGANIZATION_WEBSITE','CONSTITUENT_CONSTITUENT_ID'),
 (145,0x00,0x00,'GETCUSTOMFIELD(CONSTITUENT_CONSTITUENT_ID, \'constituent\', \'organization.taxid\')','Tax ID',0x00,0x00,0x00,0x00,0x00,0x00,0x00,1,'ORGANIZATION_TAXID','CONSTITUENT_CONSTITUENT_ID'),
 (146,0x00,0x00,'CONSTITUENT_NAICS_CODE','NAICS Code',0x00,0x00,0x00,0x00,0x00,0x00,0x00,1,'CONSTITUENT_NAICS_CODE','CONSTITUENT_CONSTITUENT_ID'),
 (147,0x00,0x00,'GETCUSTOMFIELD(CONSTITUENT_CONSTITUENT_ID, \'constituent\', \'communicationPreferences\')','Communication Preferences',0x00,0x00,0x00,0x00,0x00,0x00,0x00,1,'COMMUNICATIONPREFERENCES','CONSTITUENT_CONSTITUENT_ID'),
 (148,0x00,0x00,'GETCUSTOMFIELD(CONSTITUENT_CONSTITUENT_ID, \'constituent\', \'emailFormat\')','Email Format',0x00,0x00,0x00,0x00,0x00,0x00,0x00,1,'EMAILFORMAT','CONSTITUENT_CONSTITUENT_ID'),
 (149,0x00,0x00,'CONSTITUENT_CREATE_DATE','Create Date',0x00,0x00,0x00,0x00,0x00,0x00,0x00,4,'CONSTITUENT_CREATE_DATE','CONSTITUENT_CONSTITUENT_ID'),
 (150,0x00,0x00,'CONSTITUENT_UPDATE_DATE','Update Date',0x00,0x00,0x00,0x00,0x00,0x00,0x00,4,'CONSTITUENT_UPDATE_DATE','CONSTITUENT_CONSTITUENT_ID'),
 (151,0x00,0x00,'CONSTITUENT_MARITAL_STATUS','Marital Status',0x00,0x00,0x00,0x00,0x00,0x00,0x00,1,'CONSTITUENT_MARITAL_STATUS','CONSTITUENT_CONSTITUENT_ID'),
 (152,0x00,0x00,'GETCUSTOMFIELD(CONSTITUENT_CONSTITUENT_ID, \'constituent\', \'individual.birthDate\')','Birth Date',0x00,0x00,0x00,0x00,0x00,0x00,0x00,4,'INDIVIDUAL_BIRTHDATE','CONSTITUENT_CONSTITUENT_ID'),
 (153,0x00,0x00,'GETCUSTOMFIELD(CONSTITUENT_CONSTITUENT_ID, \'constituent\', \'individual.deceased\')','Deceased',0x00,0x00,0x00,0x00,0x00,0x00,0x00,6,'INDIVIDUAL_DECEASED','CONSTITUENT_CONSTITUENT_ID'),
 (154,0x00,0x00,'GETCUSTOMFIELD(CONSTITUENT_CONSTITUENT_ID, \'constituent\', \'individual.gender\')','Gender',0x00,0x00,0x00,0x00,0x00,0x00,0x00,1,'INDIVIDUAL_GENDER','CONSTITUENT_CONSTITUENT_ID'),
 (155,0x00,0x00,'GETCUSTOMFIELD(CONSTITUENT_CONSTITUENT_ID, \'constituent\', \'individual.race\')','Race',0x00,0x00,0x00,0x00,0x00,0x00,0x00,1,'INDIVIDUAL_RACE','CONSTITUENT_CONSTITUENT_ID'),
 (156,0x00,0x00,'GETCUSTOMFIELD(CONSTITUENT_CONSTITUENT_ID, \'constituent\', \'individual.military\')','Military',0x00,0x00,0x00,0x00,0x00,0x00,0x00,1,'INDIVIDUAL_MILITARY','CONSTITUENT_CONSTITUENT_ID'),
 (157,0x00,0x00,'GETCUSTOMFIELD(CONSTITUENT_CONSTITUENT_ID, \'constituent\', \'organization.matching\')','Matching',0x00,0x00,0x00,0x00,0x00,0x00,0x00,1,'ORGANIZATION_MATCHING','CONSTITUENT_CONSTITUENT_ID'),
 (158,0x00,0x00,'GETCUSTOMFIELD(CONSTITUENT_CONSTITUENT_ID, \'constituent\', \'organization.percentMatch\')','Percent Matching',0x00,0x00,0x00,0x00,0x00,0x00,0x00,3,'ORGANIZATION_PERCENTMATCH','CONSTITUENT_CONSTITUENT_ID'),
 (159,0x00,0x00,'GETCUSTOMFIELD(CONSTITUENT_CONSTITUENT_ID, \'constituent\', \'organization.maximumAnnualLimit\')','Maximum Annual Limit',0x00,0x00,0x00,0x00,0x00,0x00,0x00,5,'ORGANIZATION_MAXIMUMMATCH','CONSTITUENT_CONSTITUENT_ID'),
 (160,0x00,0x00,'GETCUSTOMFIELD(CONSTITUENT_CONSTITUENT_ID, \'constituent\', \'organization.minimumGiftMatch\')','Mimimum Gift Match',0x00,0x00,0x00,0x00,0x00,0x00,0x00,5,'ORGANIZATION_MINIMUMGIFTMATCH','CONSTITUENT_CONSTITUENT_ID'),
 (161,0x00,0x00,'GETCUSTOMFIELD(CONSTITUENT_CONSTITUENT_ID, \'constituent\', \'organization.totalPerEmployeePerYear\')','Total Per Employee Per Year',0x00,0x00,0x00,0x00,0x00,0x00,0x00,5,'ORGANIZATION_TOTALPEREMPLOYEEPERYEAR','CONSTITUENT_CONSTITUENT_ID'),
 (162,0x00,0x00,'GETCUSTOMFIELDDISPLAYVALUECONCATENATED(CONSTITUENT_CONSTITUENT_ID, \'constituent\', \'organization.eligibility\', \'customFieldMap[organization.eligibility]\')','Eligibility',0x00,0x00,0x00,0x00,0x00,0x00,0x00,1,'ORGANIZATION_MINIMUMGIFTMATCH','CONSTITUENT_CONSTITUENT_ID'),
 (163,0x00,0x00,'GETCUSTOMFIELDCONCATENATED(CONSTITUENT_CONSTITUENT_ID, \'constituent\', \'organization.eligibleFunds\')','Eligible Funds',0x00,0x00,0x00,0x00,0x00,0x00,0x00,1,'ORGANIZATION_ELIGIBLEFUNDS','CONSTITUENT_CONSTITUENT_ID'),
 (164,0x00,0x00,'GETCUSTOMFIELDCONCATENATED(CONSTITUENT_CONSTITUENT_ID, \'constituent\', \'organization.additional_eligibleFunds\')','Eligible Funds - Additional',0x00,0x00,0x00,0x00,0x00,0x00,0x00,1,'ORGANIZATION_ELIGIBLEFUNDSADDITIONAL','CONSTITUENT_CONSTITUENT_ID'),
 (165,0x00,0x00,'GETCUSTOMFIELDCONCATENATED(CONSTITUENT_CONSTITUENT_ID, \'constituent\', \'organization.eligibleOrganizations\')','Eligible Organizations',0x00,0x00,0x00,0x00,0x00,0x00,0x00,1,'ORGANIZATION_ELIGIBLEORGANIZATIONS','CONSTITUENT_CONSTITUENT_ID'),
 (166,0x00,0x00,'GETCUSTOMFIELDCONCATENATED(CONSTITUENT_CONSTITUENT_ID, \'constituent\', \'organization.additional_eligibleOrganizations\')','Eligible Organizations - Additional',0x00,0x00,0x00,0x00,0x00,0x00,0x00,1,'ORGANIZATION_ELIGIBLEORGANIZATIONSADDITIONAL','CONSTITUENT_CONSTITUENT_ID'),
 (167,0x00,0x00,'GETCUSTOMFIELDCONCATENATED(CONSTITUENT_CONSTITUENT_ID, \'constituent\', \'organization.ineligibleOrganizations\')','Ineligible Organizations',0x00,0x00,0x00,0x00,0x00,0x00,0x00,1,'ORGANIZATION_INELIGIBLEORGANIZATIONS','CONSTITUENT_CONSTITUENT_ID'),
 (168,0x00,0x00,'GETCUSTOMFIELDCONCATENATED(CONSTITUENT_CONSTITUENT_ID, \'constituent\', \'organization.additional_ineligibleOrganizations\')','Ineligible Organizations - Additional',0x00,0x00,0x00,0x00,0x00,0x00,0x00,1,'ORGANIZATION_INELIGIBLEORGANIZATIONSADDITIONAL','CONSTITUENT_CONSTITUENT_ID'),
 (169,0x00,0x00,'GETCUSTOMFIELD(CONSTITUENT_CONSTITUENT_ID, \'constituent\', \'organization.onlineMatchingGiftForm\')','Matching Gift Form',0x00,0x00,0x00,0x00,0x00,0x00,0x00,1,'ORGANIZATION_MATCHINGGIFTFORM','CONSTITUENT_CONSTITUENT_ID'),
 (170,0x00,0x00,'GETPICKLISTDISPLAYVALUE(\'customFieldMap[organization.programStartMonth]\', GETCUSTOMFIELD(CONSTITUENT_CONSTITUENT_ID, \'constituent\', \'organization.programStartMonth\'))','Program Start Month',0x00,0x00,0x00,0x00,0x00,0x00,0x00,1,'ORGANIZATION_PROGRAMSTARTMONTH','CONSTITUENT_CONSTITUENT_ID'),
 (171,0x00,0x00,'GETCONSTITUENTACCOUNTNUMBER(GETCUSTOMFIELD(CONSTITUENT_CONSTITUENT_ID, \'constituent\', \'organization.programContact\'))','Program Contact Account Number',0x00,0x00,0x00,0x00,0x00,0x00,0x00,2,'ORGANIZATION_PROGRAMCONTACTACCOUNTNUMBER','CONSTITUENT_CONSTITUENT_ID'),
 (172,0x00,0x00,'GETCONSTITUENTDISPLAYNAME(GETCUSTOMFIELD(CONSTITUENT_CONSTITUENT_ID, \'constituent\', \'organization.programContact\'))','Program Contact Account Name',0x00,0x00,0x00,0x00,0x00,0x00,0x00,1,'ORGANIZATION_PROGRAMCONTACTACCOUNTNAME','CONSTITUENT_CONSTITUENT_ID'),
 (173,0x00,0x00,'GETCUSTOMFIELD(CONSTITUENT_CONSTITUENT_ID, \'constituent\', \'organization.procedureForRequestingMatch\')','Procedure For Requesting Match',0x00,0x00,0x00,0x00,0x00,0x00,0x00,1,'ORGANIZATION_PROCEDUREFORREQUESTINGMATCH','CONSTITUENT_CONSTITUENT_ID'),
 (174,0x00,0x00,'CONSTITUENT_SITE_NAME','Site Name',0x00,0x00,0x00,0x00,0x00,0x00,0x00,1,'CONSTITUENT_SITE_NAME','CONSTITUENT_CONSTITUENT_ID'),
 (175,0x00,0x00,'EMAIL_EMAIL_ID','Email Address ID',0x00,0x00,0x00,0x00,0x00,0x00,0x00,2,'EMAIL_EMAIL_ID','EMAIL_EMAIL_ID'),
 (176,0x00,0x00,'GETCUSTOMFIELDDISPLAYVALUECONCATENATED(EMAIL_EMAIL_ID, \'email\', \'emailType\', \'customFieldMap[emailType]\')','Email Type',0x00,0x00,0x00,0x00,0x00,0x00,0x00,1,'EMAIL_EMAIL_TYPE','EMAIL_EMAIL_ID'),
 (177,0x00,0x00,'EMAIL_ACTIVATION_STATUS','Email Status',0x00,0x00,0x00,0x00,0x00,0x00,0x00,1,'EMAIL_ACTIVATION_STATUS','EMAIL_EMAIL_ID'),
 (178,0x00,0x00,'EMAIL_EFFECTIVE_DATE','Effective Date',0x00,0x00,0x00,0x00,0x00,0x00,0x00,4,'EMAIL_EFFECTIVE_DATE','EMAIL_EMAIL_ID'),
 (179,0x00,0x00,'EMAIL_SEASONAL_START_DATE','Seasonal Start Date',0x00,0x00,0x00,0x00,0x00,0x00,0x00,4,'EMAIL_SEASONAL_START_DATE','EMAIL_EMAIL_ID'),
 (180,0x00,0x00,'EMAIL_SEASONAL_END_DATE','Seasonal End Date',0x00,0x00,0x00,0x00,0x00,0x00,0x00,4,'EMAIL_SEASONAL_END_DATE','EMAIL_EMAIL_ID'),
 (181,0x00,0x00,'EMAIL_TEMPORARY_START_DATE','Temporary Start Date',0x00,0x00,0x00,0x00,0x00,0x00,0x00,4,'EMAIL_TEMPORARY_START_DATE','EMAIL_EMAIL_ID'),
 (182,0x00,0x00,'EMAIL_TEMPORARY_END_DATE','Temporary End Date',0x00,0x00,0x00,0x00,0x00,0x00,0x00,4,'EMAIL_TEMPORARY_END_DATE','EMAIL_EMAIL_ID'),
 (183,0x00,0x00,'EMAIL_EMAIL_ADDRESS','Email Address',0x00,0x00,0x00,0x00,0x00,0x00,0x00,1,'EMAIL_EMAIL_ADDRESS','EMAIL_EMAIL_ID'),
 (184,0x00,0x00,'EMAIL_EMAIL_DISPLAY','Email Display',0x00,0x00,0x00,0x00,0x00,0x00,0x00,1,'EMAIL_EMAIL_DISPLAY','EMAIL_EMAIL_ID'),
 (185,0x00,0x00,'EMAIL_RECEIVE_CORRESPONDENCE','Receive Correspondence',0x00,0x00,0x00,0x00,0x00,0x00,0x00,6,'EMAIL_RECEIVE_CORRESPONDENCE','EMAIL_EMAIL_ID'),
 (186,0x00,0x00,'EMAIL_COMMENT','Comments',0x00,0x00,0x00,0x00,0x00,0x00,0x00,1,'EMAIL_COMMENT','EMAIL_EMAIL_ID'),
 (187,0x00,0x00,'EMAIL_CREATE_DATE','Email Address Create Date',0x00,0x00,0x00,0x00,0x00,0x00,0x00,4,'EMAIL_CREATE_DATE','EMAIL_EMAIL_ID'),
 (188,0x00,0x00,'EMAIL_UPDATE_DATE','Email Address Update Date',0x00,0x00,0x00,0x00,0x00,0x00,0x00,4,'EMAIL_UPDATE_DATE','EMAIL_EMAIL_ID'),
 (189,0x00,0x00,'EMAIL_IS_PRIMARY','Primary Email Address',0x00,0x00,0x00,0x00,0x00,0x00,0x00,6,'EMAIL_IS_PRIMARY','EMAIL_EMAIL_ID'),
 (190,0x00,0x00,'EMAIL_UNDELIVERABLE','Email Address Undeliverable',0x00,0x00,0x00,0x00,0x00,0x00,0x00,6,'EMAIL_UNDELIVERABLE','EMAIL_EMAIL_ID'),
 (191,0x00,0x00,'EMAIL_INACTIVE','Email Address Inactive',0x00,0x00,0x00,0x00,0x00,0x00,0x00,6,'EMAIL_INACTIVE','EMAIL_EMAIL_ID'),
 (192,0x00,0x00,'CONSTITUENT_ACCOUNT_NUMBER','Account Number',0x01,0x00,0x00,0x00,0x00,0x00,0x00,2,'CONSTITUENT_ACCOUNT_NUMBER','CONSTITUENT_CONSTITUENT_ID'),
 (193,0x00,0x00,'GETCONSTITUENTDISPLAYNAME(GETCUSTOMFIELD(CONSTITUENT_CONSTITUENT_ID, \'constituent\', \'accountManager\'))','Account Manager Name',0x00,0x00,0x00,0x00,0x00,0x00,0x00,1,'ACCOUNTMANAGER','CONSTITUENT_CONSTITUENT_ID'),
 (194,0x00,0x00,'GETCONSTITUENTACCOUNTNUMBER(GETCUSTOMFIELD(CONSTITUENT_CONSTITUENT_ID, \'constituent\', \'accountManager\'))','Account Manager Account Number',0x00,0x00,0x00,0x00,0x00,0x00,0x00,2,'ACCOUNTMANAGERACCOUNTNUMBER','CONSTITUENT_CONSTITUENT_ID'),
 (195,0x00,0x00,'CONSTITUENT_CONSTITUENT_TYPE','Constituent Type',0x01,0x00,0x00,0x00,0x00,0x00,0x00,1,'CONSTITUENT_CONSTITUENT_TYPE','CONSTITUENT_CONSTITUENT_ID'),
 (196,0x00,0x00,'CONSTITUENT_CONSTITUENT_ROLE','Profile Type',0x00,0x00,0x00,0x00,0x00,0x00,0x00,1,'CONSTITUENT_CONSTITUENT_ROLE','CONSTITUENT_CONSTITUENT_ID'),
 (197,0x00,0x00,'CONSTITUENT_DONOR_PROFILE','Donor Profile',0x00,0x00,0x00,0x00,0x00,0x00,0x00,1,'CONSTITUENT_DONOR_PROFILE','CONSTITUENT_CONSTITUENT_ID'),
 (198,0x00,0x00,'CONSTITUENT_TITLE','Title',0x00,0x00,0x00,0x00,0x00,0x00,0x00,1,'CONSTITUENT_TITLE','CONSTITUENT_CONSTITUENT_ID'),
 (199,0x00,0x00,'CONSTITUENT_FIRST_NAME','First Name',0x01,0x00,0x00,0x00,0x00,0x00,0x00,1,'CONSTITUENT_FIRST_NAME','CONSTITUENT_CONSTITUENT_ID'),
 (200,0x00,0x00,'CONSTITUENT_MIDDLE_NAME','Middle Name',0x00,0x00,0x00,0x00,0x00,0x00,0x00,1,'CONSTITUENT_MIDDLE_NAME','CONSTITUENT_CONSTITUENT_ID'),
 (201,0x00,0x00,'CONSTITUENT_LAST_NAME','Last Name',0x01,0x00,0x00,0x00,0x00,0x00,0x00,1,'CONSTITUENT_LAST_NAME','CONSTITUENT_CONSTITUENT_ID'),
 (202,0x00,0x00,'CONSTITUENT_SUFFIX','Suffix',0x00,0x00,0x00,0x00,0x00,0x00,0x00,1,'CONSTITUENT_SUFFIX','CONSTITUENT_CONSTITUENT_ID'),
 (203,0x00,0x00,'CONSTITUENT_RECOGNITION_NAME','Recognition Name',0x00,0x00,0x00,0x00,0x00,0x00,0x00,1,'CONSTITUENT_RECOGNITION_NAME','CONSTITUENT_CONSTITUENT_ID'),
 (204,0x00,0x00,'CONSTITUENT_ORGANIZATION_NAME','Organization Name',0x00,0x00,0x00,0x00,0x00,0x00,0x00,1,'CONSTITUENT_ORGANIZATION_NAME','CONSTITUENT_CONSTITUENT_ID'),
 (205,0x00,0x00,'CONSTITUENT_LEGAL_NAME','Legal Name',0x00,0x00,0x00,0x00,0x00,0x00,0x00,1,'CONSTITUENT_LEGAL_NAME','CONSTITUENT_CONSTITUENT_ID'),
 (206,0x00,0x00,'GETCUSTOMFIELD(CONSTITUENT_CONSTITUENT_ID, \'constituent\', \'organization.website\')','Website',0x00,0x00,0x00,0x00,0x00,0x00,0x00,1,'ORGANIZATION_WEBSITE','CONSTITUENT_CONSTITUENT_ID'),
 (207,0x00,0x00,'GETCUSTOMFIELD(CONSTITUENT_CONSTITUENT_ID, \'constituent\', \'organization.taxid\')','Tax ID',0x00,0x00,0x00,0x00,0x00,0x00,0x00,1,'ORGANIZATION_TAXID','CONSTITUENT_CONSTITUENT_ID'),
 (208,0x00,0x00,'CONSTITUENT_NAICS_CODE','NAICS Code',0x00,0x00,0x00,0x00,0x00,0x00,0x00,1,'CONSTITUENT_NAICS_CODE','CONSTITUENT_CONSTITUENT_ID'),
 (209,0x00,0x00,'GETCUSTOMFIELD(CONSTITUENT_CONSTITUENT_ID, \'constituent\', \'communicationPreferences\')','Communication Preferences',0x00,0x00,0x00,0x00,0x00,0x00,0x00,1,'COMMUNICATIONPREFERENCES','CONSTITUENT_CONSTITUENT_ID'),
 (210,0x00,0x00,'GETCUSTOMFIELD(CONSTITUENT_CONSTITUENT_ID, \'constituent\', \'emailFormat\')','Email Format',0x00,0x00,0x00,0x00,0x00,0x00,0x00,1,'EMAILFORMAT','CONSTITUENT_CONSTITUENT_ID'),
 (211,0x00,0x00,'CONSTITUENT_CREATE_DATE','Create Date',0x00,0x00,0x00,0x00,0x00,0x00,0x00,4,'CONSTITUENT_CREATE_DATE','CONSTITUENT_CONSTITUENT_ID'),
 (212,0x00,0x00,'CONSTITUENT_UPDATE_DATE','Update Date',0x00,0x00,0x00,0x00,0x00,0x00,0x00,4,'CONSTITUENT_UPDATE_DATE','CONSTITUENT_CONSTITUENT_ID'),
 (213,0x00,0x00,'CONSTITUENT_MARITAL_STATUS','Marital Status',0x00,0x00,0x00,0x00,0x00,0x00,0x00,1,'CONSTITUENT_MARITAL_STATUS','CONSTITUENT_CONSTITUENT_ID'),
 (214,0x00,0x00,'GETCUSTOMFIELD(CONSTITUENT_CONSTITUENT_ID, \'constituent\', \'individual.birthDate\')','Birth Date',0x00,0x00,0x00,0x00,0x00,0x00,0x00,4,'INDIVIDUAL_BIRTHDATE','CONSTITUENT_CONSTITUENT_ID'),
 (215,0x00,0x00,'GETCUSTOMFIELD(CONSTITUENT_CONSTITUENT_ID, \'constituent\', \'individual.deceased\')','Deceased',0x00,0x00,0x00,0x00,0x00,0x00,0x00,6,'INDIVIDUAL_DECEASED','CONSTITUENT_CONSTITUENT_ID'),
 (216,0x00,0x00,'GETCUSTOMFIELD(CONSTITUENT_CONSTITUENT_ID, \'constituent\', \'individual.gender\')','Gender',0x00,0x00,0x00,0x00,0x00,0x00,0x00,1,'INDIVIDUAL_GENDER','CONSTITUENT_CONSTITUENT_ID'),
 (217,0x00,0x00,'GETCUSTOMFIELD(CONSTITUENT_CONSTITUENT_ID, \'constituent\', \'individual.race\')','Race',0x00,0x00,0x00,0x00,0x00,0x00,0x00,1,'INDIVIDUAL_RACE','CONSTITUENT_CONSTITUENT_ID'),
 (218,0x00,0x00,'GETCUSTOMFIELD(CONSTITUENT_CONSTITUENT_ID, \'constituent\', \'individual.military\')','Military',0x00,0x00,0x00,0x00,0x00,0x00,0x00,1,'INDIVIDUAL_MILITARY','CONSTITUENT_CONSTITUENT_ID'),
 (219,0x00,0x00,'GETCUSTOMFIELD(CONSTITUENT_CONSTITUENT_ID, \'constituent\', \'organization.matching\')','Matching',0x00,0x00,0x00,0x00,0x00,0x00,0x00,1,'ORGANIZATION_MATCHING','CONSTITUENT_CONSTITUENT_ID'),
 (220,0x00,0x00,'GETCUSTOMFIELD(CONSTITUENT_CONSTITUENT_ID, \'constituent\', \'organization.percentMatch\')','Percent Matching',0x00,0x00,0x00,0x00,0x00,0x00,0x00,3,'ORGANIZATION_PERCENTMATCH','CONSTITUENT_CONSTITUENT_ID'),
 (221,0x00,0x00,'GETCUSTOMFIELD(CONSTITUENT_CONSTITUENT_ID, \'constituent\', \'organization.maximumAnnualLimit\')','Maximum Annual Limit',0x00,0x00,0x00,0x00,0x00,0x00,0x00,5,'ORGANIZATION_MAXIMUMMATCH','CONSTITUENT_CONSTITUENT_ID'),
 (222,0x00,0x00,'GETCUSTOMFIELD(CONSTITUENT_CONSTITUENT_ID, \'constituent\', \'organization.minimumGiftMatch\')','Mimimum Gift Match',0x00,0x00,0x00,0x00,0x00,0x00,0x00,5,'ORGANIZATION_MINIMUMGIFTMATCH','CONSTITUENT_CONSTITUENT_ID'),
 (223,0x00,0x00,'GETCUSTOMFIELD(CONSTITUENT_CONSTITUENT_ID, \'constituent\', \'organization.totalPerEmployeePerYear\')','Total Per Employee Per Year',0x00,0x00,0x00,0x00,0x00,0x00,0x00,5,'ORGANIZATION_TOTALPEREMPLOYEEPERYEAR','CONSTITUENT_CONSTITUENT_ID'),
 (224,0x00,0x00,'GETCUSTOMFIELDDISPLAYVALUECONCATENATED(CONSTITUENT_CONSTITUENT_ID, \'constituent\', \'organization.eligibility\', \'customFieldMap[organization.eligibility]\')','Eligibility',0x00,0x00,0x00,0x00,0x00,0x00,0x00,1,'ORGANIZATION_MINIMUMGIFTMATCH','CONSTITUENT_CONSTITUENT_ID'),
 (225,0x00,0x00,'GETCUSTOMFIELDCONCATENATED(CONSTITUENT_CONSTITUENT_ID, \'constituent\', \'organization.eligibleFunds\')','Eligible Funds',0x00,0x00,0x00,0x00,0x00,0x00,0x00,1,'ORGANIZATION_ELIGIBLEFUNDS','CONSTITUENT_CONSTITUENT_ID'),
 (226,0x00,0x00,'GETCUSTOMFIELDCONCATENATED(CONSTITUENT_CONSTITUENT_ID, \'constituent\', \'organization.additional_eligibleFunds\')','Eligible Funds - Additional',0x00,0x00,0x00,0x00,0x00,0x00,0x00,1,'ORGANIZATION_ELIGIBLEFUNDSADDITIONAL','CONSTITUENT_CONSTITUENT_ID'),
 (227,0x00,0x00,'GETCUSTOMFIELDCONCATENATED(CONSTITUENT_CONSTITUENT_ID, \'constituent\', \'organization.eligibleOrganizations\')','Eligible Organizations',0x00,0x00,0x00,0x00,0x00,0x00,0x00,1,'ORGANIZATION_ELIGIBLEORGANIZATIONS','CONSTITUENT_CONSTITUENT_ID'),
 (228,0x00,0x00,'GETCUSTOMFIELDCONCATENATED(CONSTITUENT_CONSTITUENT_ID, \'constituent\', \'organization.additional_eligibleOrganizations\')','Eligible Organizations - Additional',0x00,0x00,0x00,0x00,0x00,0x00,0x00,1,'ORGANIZATION_ELIGIBLEORGANIZATIONSADDITIONAL','CONSTITUENT_CONSTITUENT_ID'),
 (229,0x00,0x00,'GETCUSTOMFIELDCONCATENATED(CONSTITUENT_CONSTITUENT_ID, \'constituent\', \'organization.ineligibleOrganizations\')','Ineligible Organizations',0x00,0x00,0x00,0x00,0x00,0x00,0x00,1,'ORGANIZATION_INELIGIBLEORGANIZATIONS','CONSTITUENT_CONSTITUENT_ID'),
 (230,0x00,0x00,'GETCUSTOMFIELDCONCATENATED(CONSTITUENT_CONSTITUENT_ID, \'constituent\', \'organization.additional_ineligibleOrganizations\')','Ineligible Organizations - Additional',0x00,0x00,0x00,0x00,0x00,0x00,0x00,1,'ORGANIZATION_INELIGIBLEORGANIZATIONSADDITIONAL','CONSTITUENT_CONSTITUENT_ID'),
 (231,0x00,0x00,'GETCUSTOMFIELD(CONSTITUENT_CONSTITUENT_ID, \'constituent\', \'organization.onlineMatchingGiftForm\')','Matching Gift Form',0x00,0x00,0x00,0x00,0x00,0x00,0x00,1,'ORGANIZATION_MATCHINGGIFTFORM','CONSTITUENT_CONSTITUENT_ID'),
 (232,0x00,0x00,'GETPICKLISTDISPLAYVALUE(\'customFieldMap[organization.programStartMonth]\', GETCUSTOMFIELD(CONSTITUENT_CONSTITUENT_ID, \'constituent\', \'organization.programStartMonth\'))','Program Start Month',0x00,0x00,0x00,0x00,0x00,0x00,0x00,1,'ORGANIZATION_PROGRAMSTARTMONTH','CONSTITUENT_CONSTITUENT_ID'),
 (233,0x00,0x00,'GETCONSTITUENTACCOUNTNUMBER(GETCUSTOMFIELD(CONSTITUENT_CONSTITUENT_ID, \'constituent\', \'organization.programContact\'))','Program Contact Account Number',0x00,0x00,0x00,0x00,0x00,0x00,0x00,2,'ORGANIZATION_PROGRAMCONTACTACCOUNTNUMBER','CONSTITUENT_CONSTITUENT_ID'),
 (234,0x00,0x00,'GETCONSTITUENTDISPLAYNAME(GETCUSTOMFIELD(CONSTITUENT_CONSTITUENT_ID, \'constituent\', \'organization.programContact\'))','Program Contact Account Name',0x00,0x00,0x00,0x00,0x00,0x00,0x00,1,'ORGANIZATION_PROGRAMCONTACTACCOUNTNAME','CONSTITUENT_CONSTITUENT_ID'),
 (235,0x00,0x00,'GETCUSTOMFIELD(CONSTITUENT_CONSTITUENT_ID, \'constituent\', \'organization.procedureForRequestingMatch\')','Procedure For Requesting Match',0x00,0x00,0x00,0x00,0x00,0x00,0x00,1,'ORGANIZATION_PROCEDUREFORREQUESTINGMATCH','CONSTITUENT_CONSTITUENT_ID'),
 (236,0x00,0x00,'CONSTITUENT_SITE_NAME','Site Name',0x00,0x00,0x00,0x00,0x00,0x00,0x00,1,'CONSTITUENT_SITE_NAME','CONSTITUENT_CONSTITUENT_ID'),
 (237,0x00,0x00,'PHONE_PHONE_ID','Phone Number ID',0x00,0x00,0x00,0x00,0x00,0x00,0x00,2,'PHONE_PHONE_ID','PHONE_PHONE_ID'),
 (238,0x00,0x00,'GETCUSTOMFIELDDISPLAYVALUECONCATENATED(PHONE_PHONE_ID, \'phone\', \'phoneType\', \'customFieldMap[phoneType]\')','Phone Type',0x00,0x00,0x00,0x00,0x00,0x00,0x00,1,'PHONE_PHONE_TYPE','PHONE_PHONE_ID'),
 (239,0x00,0x00,'PHONE_ACTIVATION_STATUS','Phone Status',0x00,0x00,0x00,0x00,0x00,0x00,0x00,1,'PHONE_ACTIVATION_STATUS','PHONE_PHONE_ID'),
 (240,0x00,0x00,'PHONE_EFFECTIVE_DATE','Effective Date',0x00,0x00,0x00,0x00,0x00,0x00,0x00,4,'PHONE_EFFECTIVE_DATE','PHONE_PHONE_ID'),
 (241,0x00,0x00,'PHONE_SEASONAL_START_DATE','Seasonal Start Date',0x00,0x00,0x00,0x00,0x00,0x00,0x00,4,'PHONE_SEASONAL_START_DATE','PHONE_PHONE_ID'),
 (242,0x00,0x00,'PHONE_SEASONAL_END_DATE','Seasonal End Date',0x00,0x00,0x00,0x00,0x00,0x00,0x00,4,'PHONE_SEASONAL_END_DATE','PHONE_PHONE_ID'),
 (243,0x00,0x00,'PHONE_TEMPORARY_START_DATE','Temporary Start Date',0x00,0x00,0x00,0x00,0x00,0x00,0x00,4,'PHONE_TEMPORARY_START_DATE','PHONE_PHONE_ID'),
 (244,0x00,0x00,'PHONE_TEMPORARY_END_DATE','Temporary End Date',0x00,0x00,0x00,0x00,0x00,0x00,0x00,4,'PHONE_TEMPORARY_END_DATE','PHONE_PHONE_ID'),
 (245,0x00,0x00,'PHONE_NUMBER','Phone Number',0x00,0x00,0x00,0x00,0x00,0x00,0x00,1,'PHONE_NUMBER','PHONE_PHONE_ID'),
 (246,0x00,0x00,'PHONE_PROVIDER','Provider',0x00,0x00,0x00,0x00,0x00,0x00,0x00,1,'PHONE_PROVIDER','PHONE_PHONE_ID'),
 (247,0x00,0x00,'PHONE_SMS','SMS',0x00,0x00,0x00,0x00,0x00,0x00,0x00,1,'PHONE_SMS','PHONE_PHONE_ID'),
 (248,0x00,0x00,'PHONE_RECEIVE_CORRESPONDENCE','Receive Correspondence',0x00,0x00,0x00,0x00,0x00,0x00,0x00,6,'PHONE_RECEIVE_CORRESPONDENCE','PHONE_PHONE_ID'),
 (249,0x00,0x00,'PHONE_COMMENT','Phone Comments',0x00,0x00,0x00,0x00,0x00,0x00,0x00,1,'PHONE_COMMENT','PHONE_PHONE_ID'),
 (250,0x00,0x00,'PHONE_CREATE_DATE','Phone Create Date',0x00,0x00,0x00,0x00,0x00,0x00,0x00,4,'PHONE_CREATE_DATE','PHONE_PHONE_ID'),
 (251,0x00,0x00,'PHONE_UPDATE_DATE','Phone Update Date',0x00,0x00,0x00,0x00,0x00,0x00,0x00,4,'PHONE_UPDATE_DATE','PHONE_PHONE_ID'),
 (252,0x00,0x00,'PHONE_IS_PRIMARY','Primary Phone',0x00,0x00,0x00,0x00,0x00,0x00,0x00,6,'PHONE_IS_PRIMARY','PHONE_PHONE_ID'),
 (253,0x00,0x00,'PHONE_UNDELIVERABLE','Phone Undeliverable',0x00,0x00,0x00,0x00,0x00,0x00,0x00,6,'PHONE_UNDELIVERABLE','PHONE_PHONE_ID'),
 (254,0x00,0x00,'PHONE_INACTIVE','Phone Inactive Status',0x00,0x00,0x00,0x00,0x00,0x00,0x00,6,'PHONE_INACTIVE','PHONE_PHONE_ID'),
 (255,0x00,0x00,'CONSTITUENT_ACCOUNT_NUMBER','Account Number',0x01,0x00,0x00,0x00,0x00,0x00,0x00,2,'CONSTITUENT_ACCOUNT_NUMBER','CONSTITUENT_CONSTITUENT_ID'),
 (256,0x00,0x00,'GETCONSTITUENTDISPLAYNAME(GETCUSTOMFIELD(CONSTITUENT_CONSTITUENT_ID, \'constituent\', \'accountManager\'))','Account Manager Name',0x00,0x00,0x00,0x00,0x00,0x00,0x00,1,'ACCOUNTMANAGER','CONSTITUENT_CONSTITUENT_ID'),
 (257,0x00,0x00,'GETCONSTITUENTACCOUNTNUMBER(GETCUSTOMFIELD(CONSTITUENT_CONSTITUENT_ID, \'constituent\', \'accountManager\'))','Account Manager Account Number',0x00,0x00,0x00,0x00,0x00,0x00,0x00,2,'ACCOUNTMANAGERACCOUNTNUMBER','CONSTITUENT_CONSTITUENT_ID'),
 (258,0x00,0x00,'CONSTITUENT_CONSTITUENT_TYPE','Constituent Type',0x01,0x00,0x00,0x00,0x00,0x00,0x00,1,'CONSTITUENT_CONSTITUENT_TYPE','CONSTITUENT_CONSTITUENT_ID'),
 (259,0x00,0x00,'CONSTITUENT_CONSTITUENT_ROLE','Profile Type',0x00,0x00,0x00,0x00,0x00,0x00,0x00,1,'CONSTITUENT_CONSTITUENT_ROLE','CONSTITUENT_CONSTITUENT_ID'),
 (260,0x00,0x00,'CONSTITUENT_DONOR_PROFILE','Donor Profile',0x00,0x00,0x00,0x00,0x00,0x00,0x00,1,'CONSTITUENT_DONOR_PROFILE','CONSTITUENT_CONSTITUENT_ID'),
 (261,0x00,0x00,'CONSTITUENT_TITLE','Title',0x00,0x00,0x00,0x00,0x00,0x00,0x00,1,'CONSTITUENT_TITLE','CONSTITUENT_CONSTITUENT_ID'),
 (262,0x00,0x00,'CONSTITUENT_FIRST_NAME','First Name',0x01,0x00,0x00,0x00,0x00,0x00,0x00,1,'CONSTITUENT_FIRST_NAME','CONSTITUENT_CONSTITUENT_ID'),
 (263,0x00,0x00,'CONSTITUENT_MIDDLE_NAME','Middle Name',0x00,0x00,0x00,0x00,0x00,0x00,0x00,1,'CONSTITUENT_MIDDLE_NAME','CONSTITUENT_CONSTITUENT_ID'),
 (264,0x00,0x00,'CONSTITUENT_LAST_NAME','Last Name',0x01,0x00,0x00,0x00,0x00,0x00,0x00,1,'CONSTITUENT_LAST_NAME','CONSTITUENT_CONSTITUENT_ID'),
 (265,0x00,0x00,'CONSTITUENT_SUFFIX','Suffix',0x00,0x00,0x00,0x00,0x00,0x00,0x00,1,'CONSTITUENT_SUFFIX','CONSTITUENT_CONSTITUENT_ID'),
 (266,0x00,0x00,'CONSTITUENT_RECOGNITION_NAME','Recognition Name',0x00,0x00,0x00,0x00,0x00,0x00,0x00,1,'CONSTITUENT_RECOGNITION_NAME','CONSTITUENT_CONSTITUENT_ID'),
 (267,0x00,0x00,'CONSTITUENT_ORGANIZATION_NAME','Organization Name',0x00,0x00,0x00,0x00,0x00,0x00,0x00,1,'CONSTITUENT_ORGANIZATION_NAME','CONSTITUENT_CONSTITUENT_ID'),
 (268,0x00,0x00,'CONSTITUENT_LEGAL_NAME','Legal Name',0x00,0x00,0x00,0x00,0x00,0x00,0x00,1,'CONSTITUENT_LEGAL_NAME','CONSTITUENT_CONSTITUENT_ID'),
 (269,0x00,0x00,'GETCUSTOMFIELD(CONSTITUENT_CONSTITUENT_ID, \'constituent\', \'organization.website\')','Website',0x00,0x00,0x00,0x00,0x00,0x00,0x00,1,'ORGANIZATION_WEBSITE','CONSTITUENT_CONSTITUENT_ID'),
 (270,0x00,0x00,'GETCUSTOMFIELD(CONSTITUENT_CONSTITUENT_ID, \'constituent\', \'organization.taxid\')','Tax ID',0x00,0x00,0x00,0x00,0x00,0x00,0x00,1,'ORGANIZATION_TAXID','CONSTITUENT_CONSTITUENT_ID'),
 (271,0x00,0x00,'CONSTITUENT_NAICS_CODE','NAICS Code',0x00,0x00,0x00,0x00,0x00,0x00,0x00,1,'CONSTITUENT_NAICS_CODE','CONSTITUENT_CONSTITUENT_ID'),
 (272,0x00,0x00,'GETCUSTOMFIELD(CONSTITUENT_CONSTITUENT_ID, \'constituent\', \'communicationPreferences\')','Communication Preferences',0x00,0x00,0x00,0x00,0x00,0x00,0x00,1,'COMMUNICATIONPREFERENCES','CONSTITUENT_CONSTITUENT_ID'),
 (273,0x00,0x00,'GETCUSTOMFIELD(CONSTITUENT_CONSTITUENT_ID, \'constituent\', \'emailFormat\')','Email Format',0x00,0x00,0x00,0x00,0x00,0x00,0x00,1,'EMAILFORMAT','CONSTITUENT_CONSTITUENT_ID'),
 (274,0x00,0x00,'CONSTITUENT_CREATE_DATE','Create Date',0x00,0x00,0x00,0x00,0x00,0x00,0x00,4,'CONSTITUENT_CREATE_DATE','CONSTITUENT_CONSTITUENT_ID'),
 (275,0x00,0x00,'CONSTITUENT_UPDATE_DATE','Update Date',0x00,0x00,0x00,0x00,0x00,0x00,0x00,4,'CONSTITUENT_UPDATE_DATE','CONSTITUENT_CONSTITUENT_ID'),
 (276,0x00,0x00,'CONSTITUENT_MARITAL_STATUS','Marital Status',0x00,0x00,0x00,0x00,0x00,0x00,0x00,1,'CONSTITUENT_MARITAL_STATUS','CONSTITUENT_CONSTITUENT_ID'),
 (277,0x00,0x00,'GETCUSTOMFIELD(CONSTITUENT_CONSTITUENT_ID, \'constituent\', \'individual.birthDate\')','Birth Date',0x00,0x00,0x00,0x00,0x00,0x00,0x00,4,'INDIVIDUAL_BIRTHDATE','CONSTITUENT_CONSTITUENT_ID'),
 (278,0x00,0x00,'GETCUSTOMFIELD(CONSTITUENT_CONSTITUENT_ID, \'constituent\', \'individual.deceased\')','Deceased',0x00,0x00,0x00,0x00,0x00,0x00,0x00,6,'INDIVIDUAL_DECEASED','CONSTITUENT_CONSTITUENT_ID'),
 (279,0x00,0x00,'GETCUSTOMFIELD(CONSTITUENT_CONSTITUENT_ID, \'constituent\', \'individual.gender\')','Gender',0x00,0x00,0x00,0x00,0x00,0x00,0x00,1,'INDIVIDUAL_GENDER','CONSTITUENT_CONSTITUENT_ID'),
 (280,0x00,0x00,'GETCUSTOMFIELD(CONSTITUENT_CONSTITUENT_ID, \'constituent\', \'individual.race\')','Race',0x00,0x00,0x00,0x00,0x00,0x00,0x00,1,'INDIVIDUAL_RACE','CONSTITUENT_CONSTITUENT_ID'),
 (281,0x00,0x00,'GETCUSTOMFIELD(CONSTITUENT_CONSTITUENT_ID, \'constituent\', \'individual.military\')','Military',0x00,0x00,0x00,0x00,0x00,0x00,0x00,1,'INDIVIDUAL_MILITARY','CONSTITUENT_CONSTITUENT_ID'),
 (282,0x00,0x00,'GETCUSTOMFIELD(CONSTITUENT_CONSTITUENT_ID, \'constituent\', \'organization.matching\')','Matching',0x00,0x00,0x00,0x00,0x00,0x00,0x00,1,'ORGANIZATION_MATCHING','CONSTITUENT_CONSTITUENT_ID'),
 (283,0x00,0x00,'GETCUSTOMFIELD(CONSTITUENT_CONSTITUENT_ID, \'constituent\', \'organization.percentMatch\')','Percent Matching',0x00,0x00,0x00,0x00,0x00,0x00,0x00,3,'ORGANIZATION_PERCENTMATCH','CONSTITUENT_CONSTITUENT_ID'),
 (284,0x00,0x00,'GETCUSTOMFIELD(CONSTITUENT_CONSTITUENT_ID, \'constituent\', \'organization.maximumAnnualLimit\')','Maximum Annual Limit',0x00,0x00,0x00,0x00,0x00,0x00,0x00,5,'ORGANIZATION_MAXIMUMMATCH','CONSTITUENT_CONSTITUENT_ID'),
 (285,0x00,0x00,'GETCUSTOMFIELD(CONSTITUENT_CONSTITUENT_ID, \'constituent\', \'organization.minimumGiftMatch\')','Mimimum Gift Match',0x00,0x00,0x00,0x00,0x00,0x00,0x00,5,'ORGANIZATION_MINIMUMGIFTMATCH','CONSTITUENT_CONSTITUENT_ID'),
 (286,0x00,0x00,'GETCUSTOMFIELD(CONSTITUENT_CONSTITUENT_ID, \'constituent\', \'organization.totalPerEmployeePerYear\')','Total Per Employee Per Year',0x00,0x00,0x00,0x00,0x00,0x00,0x00,5,'ORGANIZATION_TOTALPEREMPLOYEEPERYEAR','CONSTITUENT_CONSTITUENT_ID'),
 (287,0x00,0x00,'GETCUSTOMFIELDDISPLAYVALUECONCATENATED(CONSTITUENT_CONSTITUENT_ID, \'constituent\', \'organization.eligibility\', \'customFieldMap[organization.eligibility]\')','Eligibility',0x00,0x00,0x00,0x00,0x00,0x00,0x00,1,'ORGANIZATION_MINIMUMGIFTMATCH','CONSTITUENT_CONSTITUENT_ID'),
 (288,0x00,0x00,'GETCUSTOMFIELDCONCATENATED(CONSTITUENT_CONSTITUENT_ID, \'constituent\', \'organization.eligibleFunds\')','Eligible Funds',0x00,0x00,0x00,0x00,0x00,0x00,0x00,1,'ORGANIZATION_ELIGIBLEFUNDS','CONSTITUENT_CONSTITUENT_ID'),
 (289,0x00,0x00,'GETCUSTOMFIELDCONCATENATED(CONSTITUENT_CONSTITUENT_ID, \'constituent\', \'organization.additional_eligibleFunds\')','Eligible Funds - Additional',0x00,0x00,0x00,0x00,0x00,0x00,0x00,1,'ORGANIZATION_ELIGIBLEFUNDSADDITIONAL','CONSTITUENT_CONSTITUENT_ID'),
 (290,0x00,0x00,'GETCUSTOMFIELDCONCATENATED(CONSTITUENT_CONSTITUENT_ID, \'constituent\', \'organization.eligibleOrganizations\')','Eligible Organizations',0x00,0x00,0x00,0x00,0x00,0x00,0x00,1,'ORGANIZATION_ELIGIBLEORGANIZATIONS','CONSTITUENT_CONSTITUENT_ID'),
 (291,0x00,0x00,'GETCUSTOMFIELDCONCATENATED(CONSTITUENT_CONSTITUENT_ID, \'constituent\', \'organization.additional_eligibleOrganizations\')','Eligible Organizations - Additional',0x00,0x00,0x00,0x00,0x00,0x00,0x00,1,'ORGANIZATION_ELIGIBLEORGANIZATIONSADDITIONAL','CONSTITUENT_CONSTITUENT_ID'),
 (292,0x00,0x00,'GETCUSTOMFIELDCONCATENATED(CONSTITUENT_CONSTITUENT_ID, \'constituent\', \'organization.ineligibleOrganizations\')','Ineligible Organizations',0x00,0x00,0x00,0x00,0x00,0x00,0x00,1,'ORGANIZATION_INELIGIBLEORGANIZATIONS','CONSTITUENT_CONSTITUENT_ID'),
 (293,0x00,0x00,'GETCUSTOMFIELDCONCATENATED(CONSTITUENT_CONSTITUENT_ID, \'constituent\', \'organization.additional_ineligibleOrganizations\')','Ineligible Organizations - Additional',0x00,0x00,0x00,0x00,0x00,0x00,0x00,1,'ORGANIZATION_INELIGIBLEORGANIZATIONSADDITIONAL','CONSTITUENT_CONSTITUENT_ID'),
 (294,0x00,0x00,'GETCUSTOMFIELD(CONSTITUENT_CONSTITUENT_ID, \'constituent\', \'organization.onlineMatchingGiftForm\')','Matching Gift Form',0x00,0x00,0x00,0x00,0x00,0x00,0x00,1,'ORGANIZATION_MATCHINGGIFTFORM','CONSTITUENT_CONSTITUENT_ID'),
 (295,0x00,0x00,'GETPICKLISTDISPLAYVALUE(\'customFieldMap[organization.programStartMonth]\', GETCUSTOMFIELD(CONSTITUENT_CONSTITUENT_ID, \'constituent\', \'organization.programStartMonth\'))','Program Start Month',0x00,0x00,0x00,0x00,0x00,0x00,0x00,1,'ORGANIZATION_PROGRAMSTARTMONTH','CONSTITUENT_CONSTITUENT_ID'),
 (296,0x00,0x00,'GETCONSTITUENTACCOUNTNUMBER(GETCUSTOMFIELD(CONSTITUENT_CONSTITUENT_ID, \'constituent\', \'organization.programContact\'))','Program Contact Account Number',0x00,0x00,0x00,0x00,0x00,0x00,0x00,2,'ORGANIZATION_PROGRAMCONTACTACCOUNTNUMBER','CONSTITUENT_CONSTITUENT_ID'),
 (297,0x00,0x00,'GETCONSTITUENTDISPLAYNAME(GETCUSTOMFIELD(CONSTITUENT_CONSTITUENT_ID, \'constituent\', \'organization.programContact\'))','Program Contact Account Name',0x00,0x00,0x00,0x00,0x00,0x00,0x00,1,'ORGANIZATION_PROGRAMCONTACTACCOUNTNAME','CONSTITUENT_CONSTITUENT_ID'),
 (298,0x00,0x00,'GETCUSTOMFIELD(CONSTITUENT_CONSTITUENT_ID, \'constituent\', \'organization.procedureForRequestingMatch\')','Procedure For Requesting Match',0x00,0x00,0x00,0x00,0x00,0x00,0x00,1,'ORGANIZATION_PROCEDUREFORREQUESTINGMATCH','CONSTITUENT_CONSTITUENT_ID'),
 (299,0x00,0x00,'ADDRESS_ADDRESS_ID','Address ID',0x00,0x00,0x00,0x00,0x00,0x00,0x00,2,'ADDRESS_ADDRESS_ID','ADDRESS_ADDRESS_ID'),
 (300,0x00,0x00,'GETCUSTOMFIELDDISPLAYVALUECONCATENATED(ADDRESS_ADDRESS_ID, \'address\', \'addressType\', \'customFieldMap[addressType]\')','Address Type',0x00,0x00,0x00,0x00,0x00,0x00,0x00,1,'ADDRESS_ADDRESS_TYPE','ADDRESS_ADDRESS_ID'),
 (301,0x00,0x00,'ADDRESS_ACTIVATION_STATUS','Address Status',0x00,0x00,0x00,0x00,0x00,0x00,0x00,1,'ADDRESS_ACTIVATION_STATUS','ADDRESS_ADDRESS_ID'),
 (302,0x00,0x00,'ADDRESS_EFFECTIVE_DATE','Address Effective Date',0x00,0x00,0x00,0x00,0x00,0x00,0x00,4,'ADDRESS_EFFECTIVE_DATE','ADDRESS_ADDRESS_ID'),
 (303,0x00,0x00,'ADDRESS_SEASONAL_START_DATE','Seasonal Start Date',0x00,0x00,0x00,0x00,0x00,0x00,0x00,4,'ADDRESS_SEASONAL_START_DATE','ADDRESS_ADDRESS_ID'),
 (304,0x00,0x00,'ADDRESS_SEASONAL_END_DATE','Seasonal End Date',0x00,0x00,0x00,0x00,0x00,0x00,0x00,4,'ADDRESS_SEASONAL_END_DATE','ADDRESS_ADDRESS_ID'),
 (305,0x00,0x00,'ADDRESS_TEMPORARY_START_DATE','Temporary Start Date',0x00,0x00,0x00,0x00,0x00,0x00,0x00,4,'ADDRESS_TEMPORARY_START_DATE','ADDRESS_ADDRESS_ID'),
 (306,0x00,0x00,'ADDRESS_TEMPORARY_END_DATE','Temporary End Date',0x00,0x00,0x00,0x00,0x00,0x00,0x00,4,'ADDRESS_TEMPORARY_END_DATE','ADDRESS_ADDRESS_ID'),
 (307,0x00,0x00,'ADDRESS_ADDRESS_LINE_1','Address Line 1',0x00,0x00,0x00,0x00,0x00,0x00,0x00,1,'ADDRESS_ADDRESS_LINE_1','ADDRESS_ADDRESS_ID'),
 (308,0x00,0x00,'ADDRESS_ADDRESS_LINE_2','Address Line 2',0x00,0x00,0x00,0x00,0x00,0x00,0x00,1,'ADDRESS_ADDRESS_LINE_2','ADDRESS_ADDRESS_ID'),
 (309,0x00,0x00,'ADDRESS_ADDRESS_LINE_3','Address Line 3',0x00,0x00,0x00,0x00,0x00,0x00,0x00,1,'ADDRESS_ADDRESS_LINE_3','ADDRESS_ADDRESS_ID'),
 (310,0x00,0x00,'ADDRESS_CITY','City',0x00,0x00,0x00,0x00,0x00,0x00,0x00,1,'ADDRESS_CITY','ADDRESS_ADDRESS_ID'),
 (311,0x00,0x00,'ADDRESS_STATE_PROVINCE','State/Province',0x00,0x00,0x00,0x00,0x00,0x00,0x00,1,'ADDRESS_STATE_PROVINCE','ADDRESS_ADDRESS_ID'),
 (312,0x00,0x00,'ADDRESS_COUNTRY','Country',0x00,0x00,0x00,0x00,0x00,0x00,0x00,1,'ADDRESS_COUNTRY','ADDRESS_ADDRESS_ID'),
 (313,0x00,0x00,'ADDRESS_POSTAL_CODE','Zip/Postal Code',0x00,0x00,0x00,0x00,0x00,0x00,0x00,1,'ADDRESS_POSTAL_CODE','ADDRESS_ADDRESS_ID'),
 (314,0x00,0x00,'ADDRESS_RECEIVE_CORRESPONDENCE','Receive Correspondence',0x00,0x00,0x00,0x00,0x00,0x00,0x00,6,'ADDRESS_RECEIVE_CORRESPONDENCE','ADDRESS_ADDRESS_ID'),
 (315,0x00,0x00,'ADDRESS_COMMENT','Comments',0x00,0x00,0x00,0x00,0x00,0x00,0x00,1,'ADDRESS_COMMENT','ADDRESS_ADDRESS_ID'),
 (316,0x00,0x00,'ADDRESS_CREATE_DATE','Address Create Date',0x00,0x00,0x00,0x00,0x00,0x00,0x00,4,'ADDRESS_CREATE_DATE','ADDRESS_ADDRESS_ID'),
 (317,0x00,0x00,'ADDRESS_UPDATE_DATE','Address Update Date',0x00,0x00,0x00,0x00,0x00,0x00,0x00,4,'ADDRESS_UPDATE_DATE','ADDRESS_ADDRESS_ID'),
 (318,0x00,0x00,'ADDRESS_IS_PRIMARY','Primary Address',0x00,0x00,0x00,0x00,0x00,0x00,0x00,6,'ADDRESS_IS_PRIMARY','ADDRESS_ADDRESS_ID'),
 (319,0x00,0x00,'ADDRESS_UNDELIVERABLE','Address Undeliverable',0x00,0x00,0x00,0x00,0x00,0x00,0x00,6,'ADDRESS_UNDELIVERABLE','ADDRESS_ADDRESS_ID'),
 (320,0x00,0x00,'ADDRESS_INACTIVE','Address Inactive',0x00,0x00,0x00,0x00,0x00,0x00,0x00,6,'ADDRESS_INACTIVE','ADDRESS_ADDRESS_ID'),
 (321,0x00,0x00,'EMAIL_EMAIL_ID','Email Address ID',0x00,0x00,0x00,0x00,0x00,0x00,0x00,2,'EMAIL_EMAIL_ID','EMAIL_EMAIL_ID'),
 (322,0x00,0x00,'GETCUSTOMFIELDDISPLAYVALUECONCATENATED(EMAIL_EMAIL_ID, \'email\', \'emailType\', \'customFieldMap[emailType]\')','Email Type',0x00,0x00,0x00,0x00,0x00,0x00,0x00,1,'EMAIL_EMAIL_TYPE','EMAIL_EMAIL_ID'),
 (323,0x00,0x00,'EMAIL_ACTIVATION_STATUS','Email Status',0x00,0x00,0x00,0x00,0x00,0x00,0x00,1,'EMAIL_ACTIVATION_STATUS','EMAIL_EMAIL_ID'),
 (324,0x00,0x00,'EMAIL_EFFECTIVE_DATE','Effective Date',0x00,0x00,0x00,0x00,0x00,0x00,0x00,4,'EMAIL_EFFECTIVE_DATE','EMAIL_EMAIL_ID'),
 (325,0x00,0x00,'EMAIL_SEASONAL_START_DATE','Seasonal Start Date',0x00,0x00,0x00,0x00,0x00,0x00,0x00,4,'EMAIL_SEASONAL_START_DATE','EMAIL_EMAIL_ID'),
 (326,0x00,0x00,'EMAIL_SEASONAL_END_DATE','Seasonal End Date',0x00,0x00,0x00,0x00,0x00,0x00,0x00,4,'EMAIL_SEASONAL_END_DATE','EMAIL_EMAIL_ID'),
 (327,0x00,0x00,'EMAIL_TEMPORARY_START_DATE','Temporary Start Date',0x00,0x00,0x00,0x00,0x00,0x00,0x00,4,'EMAIL_TEMPORARY_START_DATE','EMAIL_EMAIL_ID'),
 (328,0x00,0x00,'EMAIL_TEMPORARY_END_DATE','Temporary End Date',0x00,0x00,0x00,0x00,0x00,0x00,0x00,4,'EMAIL_TEMPORARY_END_DATE','EMAIL_EMAIL_ID'),
 (329,0x00,0x00,'EMAIL_EMAIL_ADDRESS','Email Address',0x00,0x00,0x00,0x00,0x00,0x00,0x00,1,'EMAIL_EMAIL_ADDRESS','EMAIL_EMAIL_ID'),
 (330,0x00,0x00,'EMAIL_EMAIL_DISPLAY','Email Display',0x00,0x00,0x00,0x00,0x00,0x00,0x00,1,'EMAIL_EMAIL_DISPLAY','EMAIL_EMAIL_ID'),
 (331,0x00,0x00,'EMAIL_RECEIVE_CORRESPONDENCE','Receive Correspondence',0x00,0x00,0x00,0x00,0x00,0x00,0x00,6,'EMAIL_RECEIVE_CORRESPONDENCE','EMAIL_EMAIL_ID'),
 (332,0x00,0x00,'EMAIL_COMMENT','Comments',0x00,0x00,0x00,0x00,0x00,0x00,0x00,1,'EMAIL_COMMENT','EMAIL_EMAIL_ID'),
 (333,0x00,0x00,'EMAIL_CREATE_DATE','Email Address Create Date',0x00,0x00,0x00,0x00,0x00,0x00,0x00,4,'EMAIL_CREATE_DATE','EMAIL_EMAIL_ID'),
 (334,0x00,0x00,'EMAIL_UPDATE_DATE','Email Address Update Date',0x00,0x00,0x00,0x00,0x00,0x00,0x00,4,'EMAIL_UPDATE_DATE','EMAIL_EMAIL_ID'),
 (335,0x00,0x00,'EMAIL_IS_PRIMARY','Primary Email Address',0x00,0x00,0x00,0x00,0x00,0x00,0x00,6,'EMAIL_IS_PRIMARY','EMAIL_EMAIL_ID'),
 (336,0x00,0x00,'EMAIL_UNDELIVERABLE','Email Address Undeliverable',0x00,0x00,0x00,0x00,0x00,0x00,0x00,6,'EMAIL_UNDELIVERABLE','EMAIL_EMAIL_ID'),
 (337,0x00,0x00,'EMAIL_INACTIVE','Email Address Inactive',0x00,0x00,0x00,0x00,0x00,0x00,0x00,6,'EMAIL_INACTIVE','EMAIL_EMAIL_ID'),
 (338,0x00,0x00,'PHONE_PHONE_ID','Phone Number ID',0x00,0x00,0x00,0x00,0x00,0x00,0x00,2,'PHONE_PHONE_ID','PHONE_PHONE_ID'),
 (339,0x00,0x00,'GETCUSTOMFIELDDISPLAYVALUECONCATENATED(PHONE_PHONE_ID, \'phone\', \'phoneType\', \'customFieldMap[phoneType]\')','Phone Type',0x00,0x00,0x00,0x00,0x00,0x00,0x00,1,'PHONE_PHONE_TYPE','PHONE_PHONE_ID'),
 (340,0x00,0x00,'PHONE_ACTIVATION_STATUS','Phone Status',0x00,0x00,0x00,0x00,0x00,0x00,0x00,1,'PHONE_ACTIVATION_STATUS','PHONE_PHONE_ID'),
 (341,0x00,0x00,'PHONE_EFFECTIVE_DATE','Effective Date',0x00,0x00,0x00,0x00,0x00,0x00,0x00,4,'PHONE_EFFECTIVE_DATE','PHONE_PHONE_ID'),
 (342,0x00,0x00,'PHONE_SEASONAL_START_DATE','Seasonal Start Date',0x00,0x00,0x00,0x00,0x00,0x00,0x00,4,'PHONE_SEASONAL_START_DATE','PHONE_PHONE_ID'),
 (343,0x00,0x00,'PHONE_SEASONAL_END_DATE','Seasonal End Date',0x00,0x00,0x00,0x00,0x00,0x00,0x00,4,'PHONE_SEASONAL_END_DATE','PHONE_PHONE_ID'),
 (344,0x00,0x00,'PHONE_TEMPORARY_START_DATE','Temporary Start Date',0x00,0x00,0x00,0x00,0x00,0x00,0x00,4,'PHONE_TEMPORARY_START_DATE','PHONE_PHONE_ID');
INSERT INTO `REPORTFIELD` (`REPORTFIELD_ID`,`AVERAGE`,`CAN_BE_SUMMARIZED`,`COLUMN_NAME`,`DISPLAY_NAME`,`IS_DEFAULT`,`IS_SUMMARIZED`,`LARGEST_VALUE`,`PERFORMSUMMARY`,`RECORD_COUNT`,`IS_SELECTED`,`SMALLEST_VALUE`,`FIELD_TYPE`,`ALIAS_NAME`,`PRIMARY_KEYS`) VALUES 
 (345,0x00,0x00,'PHONE_TEMPORARY_END_DATE','Temporary End Date',0x00,0x00,0x00,0x00,0x00,0x00,0x00,4,'PHONE_TEMPORARY_END_DATE','PHONE_PHONE_ID'),
 (346,0x00,0x00,'PHONE_NUMBER','Phone Number',0x00,0x00,0x00,0x00,0x00,0x00,0x00,1,'PHONE_NUMBER','PHONE_PHONE_ID'),
 (347,0x00,0x00,'PHONE_PROVIDER','Provider',0x00,0x00,0x00,0x00,0x00,0x00,0x00,1,'PHONE_PROVIDER','PHONE_PHONE_ID'),
 (348,0x00,0x00,'PHONE_SMS','SMS',0x00,0x00,0x00,0x00,0x00,0x00,0x00,1,'PHONE_SMS','PHONE_PHONE_ID'),
 (349,0x00,0x00,'PHONE_RECEIVE_CORRESPONDENCE','Receive Correspondence',0x00,0x00,0x00,0x00,0x00,0x00,0x00,6,'PHONE_RECEIVE_CORRESPONDENCE','PHONE_PHONE_ID'),
 (350,0x00,0x00,'PHONE_COMMENT','Phone Comments',0x00,0x00,0x00,0x00,0x00,0x00,0x00,1,'PHONE_COMMENT','PHONE_PHONE_ID'),
 (351,0x00,0x00,'PHONE_CREATE_DATE','Phone Create Date',0x00,0x00,0x00,0x00,0x00,0x00,0x00,4,'PHONE_CREATE_DATE','PHONE_PHONE_ID'),
 (352,0x00,0x00,'PHONE_UPDATE_DATE','Phone Update Date',0x00,0x00,0x00,0x00,0x00,0x00,0x00,4,'PHONE_UPDATE_DATE','PHONE_PHONE_ID'),
 (353,0x00,0x00,'PHONE_IS_PRIMARY','Primary Phone',0x00,0x00,0x00,0x00,0x00,0x00,0x00,6,'PHONE_IS_PRIMARY','PHONE_PHONE_ID'),
 (354,0x00,0x00,'PHONE_UNDELIVERABLE','Phone Undeliverable',0x00,0x00,0x00,0x00,0x00,0x00,0x00,6,'PHONE_UNDELIVERABLE','PHONE_PHONE_ID'),
 (355,0x00,0x00,'PHONE_INACTIVE','Phone Inactive Status',0x00,0x00,0x00,0x00,0x00,0x00,0x00,6,'PHONE_INACTIVE','PHONE_PHONE_ID'),
 (356,0x00,0x00,'CONSTITUENT_ACCOUNT_NUMBER','Account Number',0x01,0x00,0x00,0x00,0x00,0x00,0x00,2,'CONSTITUENT_ACCOUNT_NUMBER','CONSTITUENT_CONSTITUENT_ID'),
 (357,0x00,0x00,'GETCONSTITUENTDISPLAYNAME(GETCUSTOMFIELD(CONSTITUENT_CONSTITUENT_ID, \'constituent\', \'accountManager\'))','Account Manager Name',0x00,0x00,0x00,0x00,0x00,0x00,0x00,1,'ACCOUNTMANAGER','CONSTITUENT_CONSTITUENT_ID'),
 (358,0x00,0x00,'GETCONSTITUENTACCOUNTNUMBER(GETCUSTOMFIELD(CONSTITUENT_CONSTITUENT_ID, \'constituent\', \'accountManager\'))','Account Manager Account Number',0x00,0x00,0x00,0x00,0x00,0x00,0x00,2,'ACCOUNTMANAGERACCOUNTNUMBER','CONSTITUENT_CONSTITUENT_ID'),
 (359,0x00,0x00,'CONSTITUENT_CONSTITUENT_TYPE','Constituent Type',0x01,0x00,0x00,0x00,0x00,0x00,0x00,1,'CONSTITUENT_CONSTITUENT_TYPE','CONSTITUENT_CONSTITUENT_ID'),
 (360,0x00,0x00,'CONSTITUENT_CONSTITUENT_ROLE','Profile Type',0x00,0x00,0x00,0x00,0x00,0x00,0x00,1,'CONSTITUENT_CONSTITUENT_ROLE','CONSTITUENT_CONSTITUENT_ID'),
 (361,0x00,0x00,'CONSTITUENT_DONOR_PROFILE','Donor Profile',0x00,0x00,0x00,0x00,0x00,0x00,0x00,1,'CONSTITUENT_DONOR_PROFILE','CONSTITUENT_CONSTITUENT_ID'),
 (362,0x00,0x00,'CONSTITUENT_TITLE','Title',0x00,0x00,0x00,0x00,0x00,0x00,0x00,1,'CONSTITUENT_TITLE','CONSTITUENT_CONSTITUENT_ID'),
 (363,0x00,0x00,'CONSTITUENT_FIRST_NAME','First Name',0x01,0x00,0x00,0x00,0x00,0x00,0x00,1,'CONSTITUENT_FIRST_NAME','CONSTITUENT_CONSTITUENT_ID'),
 (364,0x00,0x00,'CONSTITUENT_MIDDLE_NAME','Middle Name',0x00,0x00,0x00,0x00,0x00,0x00,0x00,1,'CONSTITUENT_MIDDLE_NAME','CONSTITUENT_CONSTITUENT_ID'),
 (365,0x00,0x00,'CONSTITUENT_LAST_NAME','Last Name',0x01,0x00,0x00,0x00,0x00,0x00,0x00,1,'CONSTITUENT_LAST_NAME','CONSTITUENT_CONSTITUENT_ID'),
 (366,0x00,0x00,'CONSTITUENT_SUFFIX','Suffix',0x00,0x00,0x00,0x00,0x00,0x00,0x00,1,'CONSTITUENT_SUFFIX','CONSTITUENT_CONSTITUENT_ID'),
 (367,0x00,0x00,'CONSTITUENT_RECOGNITION_NAME','Recognition Name',0x00,0x00,0x00,0x00,0x00,0x00,0x00,1,'CONSTITUENT_RECOGNITION_NAME','CONSTITUENT_CONSTITUENT_ID'),
 (368,0x00,0x00,'CONSTITUENT_ORGANIZATION_NAME','Organization Name',0x00,0x00,0x00,0x00,0x00,0x00,0x00,1,'CONSTITUENT_ORGANIZATION_NAME','CONSTITUENT_CONSTITUENT_ID'),
 (369,0x00,0x00,'CONSTITUENT_LEGAL_NAME','Legal Name',0x00,0x00,0x00,0x00,0x00,0x00,0x00,1,'CONSTITUENT_LEGAL_NAME','CONSTITUENT_CONSTITUENT_ID'),
 (370,0x00,0x00,'GETCUSTOMFIELD(CONSTITUENT_CONSTITUENT_ID, \'constituent\', \'organization.website\')','Website',0x00,0x00,0x00,0x00,0x00,0x00,0x00,1,'ORGANIZATION_WEBSITE','CONSTITUENT_CONSTITUENT_ID'),
 (371,0x00,0x00,'GETCUSTOMFIELD(CONSTITUENT_CONSTITUENT_ID, \'constituent\', \'organization.taxid\')','Tax ID',0x00,0x00,0x00,0x00,0x00,0x00,0x00,1,'ORGANIZATION_TAXID','CONSTITUENT_CONSTITUENT_ID'),
 (372,0x00,0x00,'CONSTITUENT_NAICS_CODE','NAICS Code',0x00,0x00,0x00,0x00,0x00,0x00,0x00,1,'CONSTITUENT_NAICS_CODE','CONSTITUENT_CONSTITUENT_ID'),
 (373,0x00,0x00,'GETCUSTOMFIELD(CONSTITUENT_CONSTITUENT_ID, \'constituent\', \'communicationPreferences\')','Communication Preferences',0x00,0x00,0x00,0x00,0x00,0x00,0x00,1,'COMMUNICATIONPREFERENCES','CONSTITUENT_CONSTITUENT_ID'),
 (374,0x00,0x00,'GETCUSTOMFIELD(CONSTITUENT_CONSTITUENT_ID, \'constituent\', \'emailFormat\')','Email Format',0x00,0x00,0x00,0x00,0x00,0x00,0x00,1,'EMAILFORMAT','CONSTITUENT_CONSTITUENT_ID'),
 (375,0x00,0x00,'CONSTITUENT_CREATE_DATE','Create Date',0x00,0x00,0x00,0x00,0x00,0x00,0x00,4,'CONSTITUENT_CREATE_DATE','CONSTITUENT_CONSTITUENT_ID'),
 (376,0x00,0x00,'CONSTITUENT_UPDATE_DATE','Update Date',0x00,0x00,0x00,0x00,0x00,0x00,0x00,4,'CONSTITUENT_UPDATE_DATE','CONSTITUENT_CONSTITUENT_ID'),
 (377,0x00,0x00,'CONSTITUENT_MARITAL_STATUS','Marital Status',0x00,0x00,0x00,0x00,0x00,0x00,0x00,1,'CONSTITUENT_MARITAL_STATUS','CONSTITUENT_CONSTITUENT_ID'),
 (378,0x00,0x00,'GETCUSTOMFIELD(CONSTITUENT_CONSTITUENT_ID, \'constituent\', \'individual.birthDate\')','Birth Date',0x00,0x00,0x00,0x00,0x00,0x00,0x00,4,'INDIVIDUAL_BIRTHDATE','CONSTITUENT_CONSTITUENT_ID'),
 (379,0x00,0x00,'GETCUSTOMFIELD(CONSTITUENT_CONSTITUENT_ID, \'constituent\', \'individual.deceased\')','Deceased',0x00,0x00,0x00,0x00,0x00,0x00,0x00,6,'INDIVIDUAL_DECEASED','CONSTITUENT_CONSTITUENT_ID'),
 (380,0x00,0x00,'GETCUSTOMFIELD(CONSTITUENT_CONSTITUENT_ID, \'constituent\', \'individual.gender\')','Gender',0x00,0x00,0x00,0x00,0x00,0x00,0x00,1,'INDIVIDUAL_GENDER','CONSTITUENT_CONSTITUENT_ID'),
 (381,0x00,0x00,'GETCUSTOMFIELD(CONSTITUENT_CONSTITUENT_ID, \'constituent\', \'individual.race\')','Race',0x00,0x00,0x00,0x00,0x00,0x00,0x00,1,'INDIVIDUAL_RACE','CONSTITUENT_CONSTITUENT_ID'),
 (382,0x00,0x00,'GETCUSTOMFIELD(CONSTITUENT_CONSTITUENT_ID, \'constituent\', \'individual.military\')','Military',0x00,0x00,0x00,0x00,0x00,0x00,0x00,1,'INDIVIDUAL_MILITARY','CONSTITUENT_CONSTITUENT_ID'),
 (383,0x00,0x00,'GETCUSTOMFIELD(CONSTITUENT_CONSTITUENT_ID, \'constituent\', \'organization.matching\')','Matching',0x00,0x00,0x00,0x00,0x00,0x00,0x00,1,'ORGANIZATION_MATCHING','CONSTITUENT_CONSTITUENT_ID'),
 (384,0x00,0x00,'GETCUSTOMFIELD(CONSTITUENT_CONSTITUENT_ID, \'constituent\', \'organization.percentMatch\')','Percent Matching',0x00,0x00,0x00,0x00,0x00,0x00,0x00,3,'ORGANIZATION_PERCENTMATCH','CONSTITUENT_CONSTITUENT_ID'),
 (385,0x00,0x00,'GETCUSTOMFIELD(CONSTITUENT_CONSTITUENT_ID, \'constituent\', \'organization.maximumAnnualLimit\')','Maximum Annual Limit',0x00,0x00,0x00,0x00,0x00,0x00,0x00,5,'ORGANIZATION_MAXIMUMMATCH','CONSTITUENT_CONSTITUENT_ID'),
 (386,0x00,0x00,'GETCUSTOMFIELD(CONSTITUENT_CONSTITUENT_ID, \'constituent\', \'organization.minimumGiftMatch\')','Mimimum Gift Match',0x00,0x00,0x00,0x00,0x00,0x00,0x00,5,'ORGANIZATION_MINIMUMGIFTMATCH','CONSTITUENT_CONSTITUENT_ID'),
 (387,0x00,0x00,'GETCUSTOMFIELD(CONSTITUENT_CONSTITUENT_ID, \'constituent\', \'organization.totalPerEmployeePerYear\')','Total Per Employee Per Year',0x00,0x00,0x00,0x00,0x00,0x00,0x00,5,'ORGANIZATION_TOTALPEREMPLOYEEPERYEAR','CONSTITUENT_CONSTITUENT_ID'),
 (388,0x00,0x00,'GETCUSTOMFIELDDISPLAYVALUECONCATENATED(CONSTITUENT_CONSTITUENT_ID, \'constituent\', \'organization.eligibility\', \'customFieldMap[organization.eligibility]\')','Eligibility',0x00,0x00,0x00,0x00,0x00,0x00,0x00,1,'ORGANIZATION_MINIMUMGIFTMATCH','CONSTITUENT_CONSTITUENT_ID'),
 (389,0x00,0x00,'GETCUSTOMFIELDCONCATENATED(CONSTITUENT_CONSTITUENT_ID, \'constituent\', \'organization.eligibleFunds\')','Eligible Funds',0x00,0x00,0x00,0x00,0x00,0x00,0x00,1,'ORGANIZATION_ELIGIBLEFUNDS','CONSTITUENT_CONSTITUENT_ID'),
 (390,0x00,0x00,'GETCUSTOMFIELDCONCATENATED(CONSTITUENT_CONSTITUENT_ID, \'constituent\', \'organization.additional_eligibleFunds\')','Eligible Funds - Additional',0x00,0x00,0x00,0x00,0x00,0x00,0x00,1,'ORGANIZATION_ELIGIBLEFUNDSADDITIONAL','CONSTITUENT_CONSTITUENT_ID'),
 (391,0x00,0x00,'GETCUSTOMFIELDCONCATENATED(CONSTITUENT_CONSTITUENT_ID, \'constituent\', \'organization.eligibleOrganizations\')','Eligible Organizations',0x00,0x00,0x00,0x00,0x00,0x00,0x00,1,'ORGANIZATION_ELIGIBLEORGANIZATIONS','CONSTITUENT_CONSTITUENT_ID'),
 (392,0x00,0x00,'GETCUSTOMFIELDCONCATENATED(CONSTITUENT_CONSTITUENT_ID, \'constituent\', \'organization.additional_eligibleOrganizations\')','Eligible Organizations - Additional',0x00,0x00,0x00,0x00,0x00,0x00,0x00,1,'ORGANIZATION_ELIGIBLEORGANIZATIONSADDITIONAL','CONSTITUENT_CONSTITUENT_ID'),
 (393,0x00,0x00,'GETCUSTOMFIELDCONCATENATED(CONSTITUENT_CONSTITUENT_ID, \'constituent\', \'organization.ineligibleOrganizations\')','Ineligible Organizations',0x00,0x00,0x00,0x00,0x00,0x00,0x00,1,'ORGANIZATION_INELIGIBLEORGANIZATIONS','CONSTITUENT_CONSTITUENT_ID'),
 (394,0x00,0x00,'GETCUSTOMFIELDCONCATENATED(CONSTITUENT_CONSTITUENT_ID, \'constituent\', \'organization.additional_ineligibleOrganizations\')','Ineligible Organizations - Additional',0x00,0x00,0x00,0x00,0x00,0x00,0x00,1,'ORGANIZATION_INELIGIBLEORGANIZATIONSADDITIONAL','CONSTITUENT_CONSTITUENT_ID'),
 (395,0x00,0x00,'GETCUSTOMFIELD(CONSTITUENT_CONSTITUENT_ID, \'constituent\', \'organization.onlineMatchingGiftForm\')','Matching Gift Form',0x00,0x00,0x00,0x00,0x00,0x00,0x00,1,'ORGANIZATION_MATCHINGGIFTFORM','CONSTITUENT_CONSTITUENT_ID'),
 (396,0x00,0x00,'GETPICKLISTDISPLAYVALUE(\'customFieldMap[organization.programStartMonth]\', GETCUSTOMFIELD(CONSTITUENT_CONSTITUENT_ID, \'constituent\', \'organization.programStartMonth\'))','Program Start Month',0x00,0x00,0x00,0x00,0x00,0x00,0x00,1,'ORGANIZATION_PROGRAMSTARTMONTH','CONSTITUENT_CONSTITUENT_ID'),
 (397,0x00,0x00,'GETCONSTITUENTACCOUNTNUMBER(GETCUSTOMFIELD(CONSTITUENT_CONSTITUENT_ID, \'constituent\', \'organization.programContact\'))','Program Contact Account Number',0x00,0x00,0x00,0x00,0x00,0x00,0x00,2,'ORGANIZATION_PROGRAMCONTACTACCOUNTNUMBER','CONSTITUENT_CONSTITUENT_ID'),
 (398,0x00,0x00,'GETCONSTITUENTDISPLAYNAME(GETCUSTOMFIELD(CONSTITUENT_CONSTITUENT_ID, \'constituent\', \'organization.programContact\'))','Program Contact Account Name',0x00,0x00,0x00,0x00,0x00,0x00,0x00,1,'ORGANIZATION_PROGRAMCONTACTACCOUNTNAME','CONSTITUENT_CONSTITUENT_ID'),
 (399,0x00,0x00,'GETCUSTOMFIELD(CONSTITUENT_CONSTITUENT_ID, \'constituent\', \'organization.procedureForRequestingMatch\')','Procedure For Requesting Match',0x00,0x00,0x00,0x00,0x00,0x00,0x00,1,'ORGANIZATION_PROCEDUREFORREQUESTINGMATCH','CONSTITUENT_CONSTITUENT_ID'),
 (400,0x00,0x00,'ADDRESS_ADDRESS_ID','Address ID',0x00,0x00,0x00,0x00,0x00,0x00,0x00,2,'ADDRESS_ADDRESS_ID','ADDRESS_ADDRESS_ID'),
 (401,0x00,0x00,'GETCUSTOMFIELDDISPLAYVALUECONCATENATED(ADDRESS_ADDRESS_ID, \'address\', \'addressType\', \'customFieldMap[addressType]\')','Address Type',0x00,0x00,0x00,0x00,0x00,0x00,0x00,1,'ADDRESS_ADDRESS_TYPE','ADDRESS_ADDRESS_ID'),
 (402,0x00,0x00,'ADDRESS_ACTIVATION_STATUS','Address Status',0x00,0x00,0x00,0x00,0x00,0x00,0x00,1,'ADDRESS_ACTIVATION_STATUS','ADDRESS_ADDRESS_ID'),
 (403,0x00,0x00,'ADDRESS_EFFECTIVE_DATE','Address Effective Date',0x00,0x00,0x00,0x00,0x00,0x00,0x00,4,'ADDRESS_EFFECTIVE_DATE','ADDRESS_ADDRESS_ID'),
 (404,0x00,0x00,'ADDRESS_SEASONAL_START_DATE','Seasonal Start Date',0x00,0x00,0x00,0x00,0x00,0x00,0x00,4,'ADDRESS_SEASONAL_START_DATE','ADDRESS_ADDRESS_ID'),
 (405,0x00,0x00,'ADDRESS_SEASONAL_END_DATE','Seasonal End Date',0x00,0x00,0x00,0x00,0x00,0x00,0x00,4,'ADDRESS_SEASONAL_END_DATE','ADDRESS_ADDRESS_ID'),
 (406,0x00,0x00,'ADDRESS_TEMPORARY_START_DATE','Temporary Start Date',0x00,0x00,0x00,0x00,0x00,0x00,0x00,4,'ADDRESS_TEMPORARY_START_DATE','ADDRESS_ADDRESS_ID'),
 (407,0x00,0x00,'ADDRESS_TEMPORARY_END_DATE','Temporary End Date',0x00,0x00,0x00,0x00,0x00,0x00,0x00,4,'ADDRESS_TEMPORARY_END_DATE','ADDRESS_ADDRESS_ID'),
 (408,0x00,0x00,'ADDRESS_ADDRESS_LINE_1','Address Line 1',0x00,0x00,0x00,0x00,0x00,0x00,0x00,1,'ADDRESS_ADDRESS_LINE_1','ADDRESS_ADDRESS_ID'),
 (409,0x00,0x00,'ADDRESS_ADDRESS_LINE_2','Address Line 2',0x00,0x00,0x00,0x00,0x00,0x00,0x00,1,'ADDRESS_ADDRESS_LINE_2','ADDRESS_ADDRESS_ID'),
 (410,0x00,0x00,'ADDRESS_ADDRESS_LINE_3','Address Line 3',0x00,0x00,0x00,0x00,0x00,0x00,0x00,1,'ADDRESS_ADDRESS_LINE_3','ADDRESS_ADDRESS_ID'),
 (411,0x00,0x00,'ADDRESS_CITY','City',0x00,0x00,0x00,0x00,0x00,0x00,0x00,1,'ADDRESS_CITY','ADDRESS_ADDRESS_ID'),
 (412,0x00,0x00,'ADDRESS_STATE_PROVINCE','State/Province',0x00,0x00,0x00,0x00,0x00,0x00,0x00,1,'ADDRESS_STATE_PROVINCE','ADDRESS_ADDRESS_ID'),
 (413,0x00,0x00,'ADDRESS_COUNTRY','Country',0x00,0x00,0x00,0x00,0x00,0x00,0x00,1,'ADDRESS_COUNTRY','ADDRESS_ADDRESS_ID'),
 (414,0x00,0x00,'ADDRESS_POSTAL_CODE','Zip/Postal Code',0x00,0x00,0x00,0x00,0x00,0x00,0x00,1,'ADDRESS_POSTAL_CODE','ADDRESS_ADDRESS_ID'),
 (415,0x00,0x00,'ADDRESS_RECEIVE_CORRESPONDENCE','Receive Correspondence',0x00,0x00,0x00,0x00,0x00,0x00,0x00,6,'ADDRESS_RECEIVE_CORRESPONDENCE','ADDRESS_ADDRESS_ID'),
 (416,0x00,0x00,'ADDRESS_COMMENT','Comments',0x00,0x00,0x00,0x00,0x00,0x00,0x00,1,'ADDRESS_COMMENT','ADDRESS_ADDRESS_ID'),
 (417,0x00,0x00,'ADDRESS_CREATE_DATE','Address Create Date',0x00,0x00,0x00,0x00,0x00,0x00,0x00,4,'ADDRESS_CREATE_DATE','ADDRESS_ADDRESS_ID'),
 (418,0x00,0x00,'ADDRESS_UPDATE_DATE','Address Update Date',0x00,0x00,0x00,0x00,0x00,0x00,0x00,4,'ADDRESS_UPDATE_DATE','ADDRESS_ADDRESS_ID'),
 (419,0x00,0x00,'ADDRESS_IS_PRIMARY','Primary Address',0x00,0x00,0x00,0x00,0x00,0x00,0x00,6,'ADDRESS_IS_PRIMARY','ADDRESS_ADDRESS_ID'),
 (420,0x00,0x00,'ADDRESS_UNDELIVERABLE','Address Undeliverable',0x00,0x00,0x00,0x00,0x00,0x00,0x00,6,'ADDRESS_UNDELIVERABLE','ADDRESS_ADDRESS_ID'),
 (421,0x00,0x00,'ADDRESS_INACTIVE','Address Inactive',0x00,0x00,0x00,0x00,0x00,0x00,0x00,6,'ADDRESS_INACTIVE','ADDRESS_ADDRESS_ID'),
 (422,0x00,0x00,'EMAIL_EMAIL_ID','Email Address ID',0x00,0x00,0x00,0x00,0x00,0x00,0x00,2,'EMAIL_EMAIL_ID','EMAIL_EMAIL_ID'),
 (423,0x00,0x00,'GETCUSTOMFIELDDISPLAYVALUECONCATENATED(EMAIL_EMAIL_ID, \'email\', \'emailType\', \'customFieldMap[emailType]\')','Email Type',0x00,0x00,0x00,0x00,0x00,0x00,0x00,1,'EMAIL_EMAIL_TYPE','EMAIL_EMAIL_ID'),
 (424,0x00,0x00,'EMAIL_ACTIVATION_STATUS','Email Status',0x00,0x00,0x00,0x00,0x00,0x00,0x00,1,'EMAIL_ACTIVATION_STATUS','EMAIL_EMAIL_ID'),
 (425,0x00,0x00,'EMAIL_EFFECTIVE_DATE','Effective Date',0x00,0x00,0x00,0x00,0x00,0x00,0x00,4,'EMAIL_EFFECTIVE_DATE','EMAIL_EMAIL_ID'),
 (426,0x00,0x00,'EMAIL_SEASONAL_START_DATE','Seasonal Start Date',0x00,0x00,0x00,0x00,0x00,0x00,0x00,4,'EMAIL_SEASONAL_START_DATE','EMAIL_EMAIL_ID'),
 (427,0x00,0x00,'EMAIL_SEASONAL_END_DATE','Seasonal End Date',0x00,0x00,0x00,0x00,0x00,0x00,0x00,4,'EMAIL_SEASONAL_END_DATE','EMAIL_EMAIL_ID'),
 (428,0x00,0x00,'EMAIL_TEMPORARY_START_DATE','Temporary Start Date',0x00,0x00,0x00,0x00,0x00,0x00,0x00,4,'EMAIL_TEMPORARY_START_DATE','EMAIL_EMAIL_ID'),
 (429,0x00,0x00,'EMAIL_TEMPORARY_END_DATE','Temporary End Date',0x00,0x00,0x00,0x00,0x00,0x00,0x00,4,'EMAIL_TEMPORARY_END_DATE','EMAIL_EMAIL_ID'),
 (430,0x00,0x00,'EMAIL_EMAIL_ADDRESS','Email Address',0x00,0x00,0x00,0x00,0x00,0x00,0x00,1,'EMAIL_EMAIL_ADDRESS','EMAIL_EMAIL_ID'),
 (431,0x00,0x00,'EMAIL_EMAIL_DISPLAY','Email Display',0x00,0x00,0x00,0x00,0x00,0x00,0x00,1,'EMAIL_EMAIL_DISPLAY','EMAIL_EMAIL_ID'),
 (432,0x00,0x00,'EMAIL_RECEIVE_CORRESPONDENCE','Receive Correspondence',0x00,0x00,0x00,0x00,0x00,0x00,0x00,6,'EMAIL_RECEIVE_CORRESPONDENCE','EMAIL_EMAIL_ID'),
 (433,0x00,0x00,'EMAIL_COMMENT','Comments',0x00,0x00,0x00,0x00,0x00,0x00,0x00,1,'EMAIL_COMMENT','EMAIL_EMAIL_ID'),
 (434,0x00,0x00,'EMAIL_CREATE_DATE','Email Address Create Date',0x00,0x00,0x00,0x00,0x00,0x00,0x00,4,'EMAIL_CREATE_DATE','EMAIL_EMAIL_ID'),
 (435,0x00,0x00,'EMAIL_UPDATE_DATE','Email Address Update Date',0x00,0x00,0x00,0x00,0x00,0x00,0x00,4,'EMAIL_UPDATE_DATE','EMAIL_EMAIL_ID'),
 (436,0x00,0x00,'EMAIL_IS_PRIMARY','Primary Email Address',0x00,0x00,0x00,0x00,0x00,0x00,0x00,6,'EMAIL_IS_PRIMARY','EMAIL_EMAIL_ID'),
 (437,0x00,0x00,'EMAIL_UNDELIVERABLE','Email Address Undeliverable',0x00,0x00,0x00,0x00,0x00,0x00,0x00,6,'EMAIL_UNDELIVERABLE','EMAIL_EMAIL_ID'),
 (438,0x00,0x00,'EMAIL_INACTIVE','Email Address Inactive',0x00,0x00,0x00,0x00,0x00,0x00,0x00,6,'EMAIL_INACTIVE','EMAIL_EMAIL_ID'),
 (439,0x00,0x00,'PHONE_PHONE_ID','Phone Number ID',0x00,0x00,0x00,0x00,0x00,0x00,0x00,2,'PHONE_PHONE_ID','PHONE_PHONE_ID'),
 (440,0x00,0x00,'GETCUSTOMFIELDDISPLAYVALUECONCATENATED(PHONE_PHONE_ID, \'phone\', \'phoneType\', \'customFieldMap[phoneType]\')','Phone Type',0x00,0x00,0x00,0x00,0x00,0x00,0x00,1,'PHONE_PHONE_TYPE','PHONE_PHONE_ID'),
 (441,0x00,0x00,'PHONE_ACTIVATION_STATUS','Phone Status',0x00,0x00,0x00,0x00,0x00,0x00,0x00,1,'PHONE_ACTIVATION_STATUS','PHONE_PHONE_ID'),
 (442,0x00,0x00,'PHONE_EFFECTIVE_DATE','Effective Date',0x00,0x00,0x00,0x00,0x00,0x00,0x00,4,'PHONE_EFFECTIVE_DATE','PHONE_PHONE_ID'),
 (443,0x00,0x00,'PHONE_SEASONAL_START_DATE','Seasonal Start Date',0x00,0x00,0x00,0x00,0x00,0x00,0x00,4,'PHONE_SEASONAL_START_DATE','PHONE_PHONE_ID'),
 (444,0x00,0x00,'PHONE_SEASONAL_END_DATE','Seasonal End Date',0x00,0x00,0x00,0x00,0x00,0x00,0x00,4,'PHONE_SEASONAL_END_DATE','PHONE_PHONE_ID'),
 (445,0x00,0x00,'PHONE_TEMPORARY_START_DATE','Temporary Start Date',0x00,0x00,0x00,0x00,0x00,0x00,0x00,4,'PHONE_TEMPORARY_START_DATE','PHONE_PHONE_ID'),
 (446,0x00,0x00,'PHONE_TEMPORARY_END_DATE','Temporary End Date',0x00,0x00,0x00,0x00,0x00,0x00,0x00,4,'PHONE_TEMPORARY_END_DATE','PHONE_PHONE_ID'),
 (447,0x00,0x00,'PHONE_NUMBER','Phone Number',0x00,0x00,0x00,0x00,0x00,0x00,0x00,1,'PHONE_NUMBER','PHONE_PHONE_ID'),
 (448,0x00,0x00,'PHONE_PROVIDER','Provider',0x00,0x00,0x00,0x00,0x00,0x00,0x00,1,'PHONE_PROVIDER','PHONE_PHONE_ID'),
 (449,0x00,0x00,'PHONE_SMS','SMS',0x00,0x00,0x00,0x00,0x00,0x00,0x00,1,'PHONE_SMS','PHONE_PHONE_ID'),
 (450,0x00,0x00,'PHONE_RECEIVE_CORRESPONDENCE','Receive Correspondence',0x00,0x00,0x00,0x00,0x00,0x00,0x00,6,'PHONE_RECEIVE_CORRESPONDENCE','PHONE_PHONE_ID'),
 (451,0x00,0x00,'PHONE_COMMENT','Phone Comments',0x00,0x00,0x00,0x00,0x00,0x00,0x00,1,'PHONE_COMMENT','PHONE_PHONE_ID'),
 (452,0x00,0x00,'PHONE_CREATE_DATE','Phone Create Date',0x00,0x00,0x00,0x00,0x00,0x00,0x00,4,'PHONE_CREATE_DATE','PHONE_PHONE_ID'),
 (453,0x00,0x00,'PHONE_UPDATE_DATE','Phone Update Date',0x00,0x00,0x00,0x00,0x00,0x00,0x00,4,'PHONE_UPDATE_DATE','PHONE_PHONE_ID'),
 (454,0x00,0x00,'PHONE_IS_PRIMARY','Primary Phone',0x00,0x00,0x00,0x00,0x00,0x00,0x00,6,'PHONE_IS_PRIMARY','PHONE_PHONE_ID'),
 (455,0x00,0x00,'PHONE_UNDELIVERABLE','Phone Undeliverable',0x00,0x00,0x00,0x00,0x00,0x00,0x00,6,'PHONE_UNDELIVERABLE','PHONE_PHONE_ID'),
 (456,0x00,0x00,'PHONE_INACTIVE','Phone Inactive Status',0x00,0x00,0x00,0x00,0x00,0x00,0x00,6,'PHONE_INACTIVE','PHONE_PHONE_ID'),
 (457,0x00,0x00,'CONSTITUENT_ACCOUNT_NUMBER','Account Number',0x01,0x00,0x00,0x00,0x00,0x00,0x00,2,'CONSTITUENT_ACCOUNT_NUMBER','CONSTITUENT_CONSTITUENT_ID'),
 (458,0x00,0x00,'GETCONSTITUENTDISPLAYNAME(GETCUSTOMFIELD(CONSTITUENT_CONSTITUENT_ID, \'constituent\', \'accountManager\'))','Account Manager Name',0x00,0x00,0x00,0x00,0x00,0x00,0x00,1,'ACCOUNTMANAGER','CONSTITUENT_CONSTITUENT_ID'),
 (459,0x00,0x00,'GETCONSTITUENTACCOUNTNUMBER(GETCUSTOMFIELD(CONSTITUENT_CONSTITUENT_ID, \'constituent\', \'accountManager\'))','Account Manager Account Number',0x00,0x00,0x00,0x00,0x00,0x00,0x00,2,'ACCOUNTMANAGERACCOUNTNUMBER','CONSTITUENT_CONSTITUENT_ID'),
 (460,0x00,0x00,'CONSTITUENT_CONSTITUENT_TYPE','Constituent Type',0x01,0x00,0x00,0x00,0x00,0x00,0x00,1,'CONSTITUENT_CONSTITUENT_TYPE','CONSTITUENT_CONSTITUENT_ID'),
 (461,0x00,0x00,'CONSTITUENT_CONSTITUENT_ROLE','Profile Type',0x00,0x00,0x00,0x00,0x00,0x00,0x00,1,'CONSTITUENT_CONSTITUENT_ROLE','CONSTITUENT_CONSTITUENT_ID'),
 (462,0x00,0x00,'CONSTITUENT_DONOR_PROFILE','Donor Profile',0x00,0x00,0x00,0x00,0x00,0x00,0x00,1,'CONSTITUENT_DONOR_PROFILE','CONSTITUENT_CONSTITUENT_ID'),
 (463,0x00,0x00,'CONSTITUENT_TITLE','Title',0x00,0x00,0x00,0x00,0x00,0x00,0x00,1,'CONSTITUENT_TITLE','CONSTITUENT_CONSTITUENT_ID'),
 (464,0x00,0x00,'CONSTITUENT_FIRST_NAME','First Name',0x01,0x00,0x00,0x00,0x00,0x00,0x00,1,'CONSTITUENT_FIRST_NAME','CONSTITUENT_CONSTITUENT_ID'),
 (465,0x00,0x00,'CONSTITUENT_MIDDLE_NAME','Middle Name',0x00,0x00,0x00,0x00,0x00,0x00,0x00,1,'CONSTITUENT_MIDDLE_NAME','CONSTITUENT_CONSTITUENT_ID'),
 (466,0x00,0x00,'CONSTITUENT_LAST_NAME','Last Name',0x01,0x00,0x00,0x00,0x00,0x00,0x00,1,'CONSTITUENT_LAST_NAME','CONSTITUENT_CONSTITUENT_ID'),
 (467,0x00,0x00,'CONSTITUENT_SUFFIX','Suffix',0x00,0x00,0x00,0x00,0x00,0x00,0x00,1,'CONSTITUENT_SUFFIX','CONSTITUENT_CONSTITUENT_ID'),
 (468,0x00,0x00,'CONSTITUENT_RECOGNITION_NAME','Recognition Name',0x00,0x00,0x00,0x00,0x00,0x00,0x00,1,'CONSTITUENT_RECOGNITION_NAME','CONSTITUENT_CONSTITUENT_ID'),
 (469,0x00,0x00,'CONSTITUENT_ORGANIZATION_NAME','Organization Name',0x00,0x00,0x00,0x00,0x00,0x00,0x00,1,'CONSTITUENT_ORGANIZATION_NAME','CONSTITUENT_CONSTITUENT_ID'),
 (470,0x00,0x00,'CONSTITUENT_LEGAL_NAME','Legal Name',0x00,0x00,0x00,0x00,0x00,0x00,0x00,1,'CONSTITUENT_LEGAL_NAME','CONSTITUENT_CONSTITUENT_ID'),
 (471,0x00,0x00,'GETCUSTOMFIELD(CONSTITUENT_CONSTITUENT_ID, \'constituent\', \'organization.website\')','Website',0x00,0x00,0x00,0x00,0x00,0x00,0x00,1,'ORGANIZATION_WEBSITE','CONSTITUENT_CONSTITUENT_ID'),
 (472,0x00,0x00,'GETCUSTOMFIELD(CONSTITUENT_CONSTITUENT_ID, \'constituent\', \'organization.taxid\')','Tax ID',0x00,0x00,0x00,0x00,0x00,0x00,0x00,1,'ORGANIZATION_TAXID','CONSTITUENT_CONSTITUENT_ID'),
 (473,0x00,0x00,'CONSTITUENT_NAICS_CODE','NAICS Code',0x00,0x00,0x00,0x00,0x00,0x00,0x00,1,'CONSTITUENT_NAICS_CODE','CONSTITUENT_CONSTITUENT_ID'),
 (474,0x00,0x00,'GETCUSTOMFIELD(CONSTITUENT_CONSTITUENT_ID, \'constituent\', \'communicationPreferences\')','Communication Preferences',0x00,0x00,0x00,0x00,0x00,0x00,0x00,1,'COMMUNICATIONPREFERENCES','CONSTITUENT_CONSTITUENT_ID'),
 (475,0x00,0x00,'GETCUSTOMFIELD(CONSTITUENT_CONSTITUENT_ID, \'constituent\', \'emailFormat\')','Email Format',0x00,0x00,0x00,0x00,0x00,0x00,0x00,1,'EMAILFORMAT','CONSTITUENT_CONSTITUENT_ID'),
 (476,0x00,0x00,'CONSTITUENT_CREATE_DATE','Create Date',0x00,0x00,0x00,0x00,0x00,0x00,0x00,4,'CONSTITUENT_CREATE_DATE','CONSTITUENT_CONSTITUENT_ID'),
 (477,0x00,0x00,'CONSTITUENT_UPDATE_DATE','Update Date',0x00,0x00,0x00,0x00,0x00,0x00,0x00,4,'CONSTITUENT_UPDATE_DATE','CONSTITUENT_CONSTITUENT_ID'),
 (478,0x00,0x00,'CONSTITUENT_MARITAL_STATUS','Marital Status',0x00,0x00,0x00,0x00,0x00,0x00,0x00,1,'CONSTITUENT_MARITAL_STATUS','CONSTITUENT_CONSTITUENT_ID'),
 (479,0x00,0x00,'GETCUSTOMFIELD(CONSTITUENT_CONSTITUENT_ID, \'constituent\', \'individual.birthDate\')','Birth Date',0x00,0x00,0x00,0x00,0x00,0x00,0x00,4,'INDIVIDUAL_BIRTHDATE','CONSTITUENT_CONSTITUENT_ID'),
 (480,0x00,0x00,'GETCUSTOMFIELD(CONSTITUENT_CONSTITUENT_ID, \'constituent\', \'individual.deceased\')','Deceased',0x00,0x00,0x00,0x00,0x00,0x00,0x00,6,'INDIVIDUAL_DECEASED','CONSTITUENT_CONSTITUENT_ID'),
 (481,0x00,0x00,'GETCUSTOMFIELD(CONSTITUENT_CONSTITUENT_ID, \'constituent\', \'individual.gender\')','Gender',0x00,0x00,0x00,0x00,0x00,0x00,0x00,1,'INDIVIDUAL_GENDER','CONSTITUENT_CONSTITUENT_ID'),
 (482,0x00,0x00,'GETCUSTOMFIELD(CONSTITUENT_CONSTITUENT_ID, \'constituent\', \'individual.race\')','Race',0x00,0x00,0x00,0x00,0x00,0x00,0x00,1,'INDIVIDUAL_RACE','CONSTITUENT_CONSTITUENT_ID'),
 (483,0x00,0x00,'GETCUSTOMFIELD(CONSTITUENT_CONSTITUENT_ID, \'constituent\', \'individual.military\')','Military',0x00,0x00,0x00,0x00,0x00,0x00,0x00,1,'INDIVIDUAL_MILITARY','CONSTITUENT_CONSTITUENT_ID'),
 (484,0x00,0x00,'GETCUSTOMFIELD(CONSTITUENT_CONSTITUENT_ID, \'constituent\', \'organization.matching\')','Matching',0x00,0x00,0x00,0x00,0x00,0x00,0x00,1,'ORGANIZATION_MATCHING','CONSTITUENT_CONSTITUENT_ID'),
 (485,0x00,0x00,'GETCUSTOMFIELD(CONSTITUENT_CONSTITUENT_ID, \'constituent\', \'organization.percentMatch\')','Percent Matching',0x00,0x00,0x00,0x00,0x00,0x00,0x00,3,'ORGANIZATION_PERCENTMATCH','CONSTITUENT_CONSTITUENT_ID'),
 (486,0x00,0x00,'GETCUSTOMFIELD(CONSTITUENT_CONSTITUENT_ID, \'constituent\', \'organization.maximumAnnualLimit\')','Maximum Annual Limit',0x00,0x00,0x00,0x00,0x00,0x00,0x00,5,'ORGANIZATION_MAXIMUMMATCH','CONSTITUENT_CONSTITUENT_ID'),
 (487,0x00,0x00,'GETCUSTOMFIELD(CONSTITUENT_CONSTITUENT_ID, \'constituent\', \'organization.minimumGiftMatch\')','Mimimum Gift Match',0x00,0x00,0x00,0x00,0x00,0x00,0x00,5,'ORGANIZATION_MINIMUMGIFTMATCH','CONSTITUENT_CONSTITUENT_ID'),
 (488,0x00,0x00,'GETCUSTOMFIELD(CONSTITUENT_CONSTITUENT_ID, \'constituent\', \'organization.totalPerEmployeePerYear\')','Total Per Employee Per Year',0x00,0x00,0x00,0x00,0x00,0x00,0x00,5,'ORGANIZATION_TOTALPEREMPLOYEEPERYEAR','CONSTITUENT_CONSTITUENT_ID'),
 (489,0x00,0x00,'GETCUSTOMFIELDDISPLAYVALUECONCATENATED(CONSTITUENT_CONSTITUENT_ID, \'constituent\', \'organization.eligibility\', \'customFieldMap[organization.eligibility]\')','Eligibility',0x00,0x00,0x00,0x00,0x00,0x00,0x00,1,'ORGANIZATION_MINIMUMGIFTMATCH','CONSTITUENT_CONSTITUENT_ID'),
 (490,0x00,0x00,'GETCUSTOMFIELDCONCATENATED(CONSTITUENT_CONSTITUENT_ID, \'constituent\', \'organization.eligibleFunds\')','Eligible Funds',0x00,0x00,0x00,0x00,0x00,0x00,0x00,1,'ORGANIZATION_ELIGIBLEFUNDS','CONSTITUENT_CONSTITUENT_ID'),
 (491,0x00,0x00,'GETCUSTOMFIELDCONCATENATED(CONSTITUENT_CONSTITUENT_ID, \'constituent\', \'organization.additional_eligibleFunds\')','Eligible Funds - Additional',0x00,0x00,0x00,0x00,0x00,0x00,0x00,1,'ORGANIZATION_ELIGIBLEFUNDSADDITIONAL','CONSTITUENT_CONSTITUENT_ID'),
 (492,0x00,0x00,'GETCUSTOMFIELDCONCATENATED(CONSTITUENT_CONSTITUENT_ID, \'constituent\', \'organization.eligibleOrganizations\')','Eligible Organizations',0x00,0x00,0x00,0x00,0x00,0x00,0x00,1,'ORGANIZATION_ELIGIBLEORGANIZATIONS','CONSTITUENT_CONSTITUENT_ID'),
 (493,0x00,0x00,'GETCUSTOMFIELDCONCATENATED(CONSTITUENT_CONSTITUENT_ID, \'constituent\', \'organization.additional_eligibleOrganizations\')','Eligible Organizations - Additional',0x00,0x00,0x00,0x00,0x00,0x00,0x00,1,'ORGANIZATION_ELIGIBLEORGANIZATIONSADDITIONAL','CONSTITUENT_CONSTITUENT_ID'),
 (494,0x00,0x00,'GETCUSTOMFIELDCONCATENATED(CONSTITUENT_CONSTITUENT_ID, \'constituent\', \'organization.ineligibleOrganizations\')','Ineligible Organizations',0x00,0x00,0x00,0x00,0x00,0x00,0x00,1,'ORGANIZATION_INELIGIBLEORGANIZATIONS','CONSTITUENT_CONSTITUENT_ID'),
 (495,0x00,0x00,'GETCUSTOMFIELDCONCATENATED(CONSTITUENT_CONSTITUENT_ID, \'constituent\', \'organization.additional_ineligibleOrganizations\')','Ineligible Organizations - Additional',0x00,0x00,0x00,0x00,0x00,0x00,0x00,1,'ORGANIZATION_INELIGIBLEORGANIZATIONSADDITIONAL','CONSTITUENT_CONSTITUENT_ID'),
 (496,0x00,0x00,'GETCUSTOMFIELD(CONSTITUENT_CONSTITUENT_ID, \'constituent\', \'organization.onlineMatchingGiftForm\')','Matching Gift Form',0x00,0x00,0x00,0x00,0x00,0x00,0x00,1,'ORGANIZATION_MATCHINGGIFTFORM','CONSTITUENT_CONSTITUENT_ID'),
 (497,0x00,0x00,'GETPICKLISTDISPLAYVALUE(\'customFieldMap[organization.programStartMonth]\', GETCUSTOMFIELD(CONSTITUENT_CONSTITUENT_ID, \'constituent\', \'organization.programStartMonth\'))','Program Start Month',0x00,0x00,0x00,0x00,0x00,0x00,0x00,1,'ORGANIZATION_PROGRAMSTARTMONTH','CONSTITUENT_CONSTITUENT_ID'),
 (498,0x00,0x00,'GETCONSTITUENTACCOUNTNUMBER(GETCUSTOMFIELD(CONSTITUENT_CONSTITUENT_ID, \'constituent\', \'organization.programContact\'))','Program Contact Account Number',0x00,0x00,0x00,0x00,0x00,0x00,0x00,2,'ORGANIZATION_PROGRAMCONTACTACCOUNTNUMBER','CONSTITUENT_CONSTITUENT_ID'),
 (499,0x00,0x00,'GETCONSTITUENTDISPLAYNAME(GETCUSTOMFIELD(CONSTITUENT_CONSTITUENT_ID, \'constituent\', \'organization.programContact\'))','Program Contact Account Name',0x00,0x00,0x00,0x00,0x00,0x00,0x00,1,'ORGANIZATION_PROGRAMCONTACTACCOUNTNAME','CONSTITUENT_CONSTITUENT_ID'),
 (500,0x00,0x00,'GETCUSTOMFIELD(CONSTITUENT_CONSTITUENT_ID, \'constituent\', \'organization.procedureForRequestingMatch\')','Procedure For Requesting Match',0x00,0x00,0x00,0x00,0x00,0x00,0x00,1,'ORGANIZATION_PROCEDUREFORREQUESTINGMATCH','CONSTITUENT_CONSTITUENT_ID'),
 (501,0x00,0x00,'CONSTITUENT_SITE_NAME','Site Name',0x00,0x00,0x00,0x00,0x00,0x00,0x00,1,'CONSTITUENT_SITE_NAME','CONSTITUENT_CONSTITUENT_ID'),
 (502,0x00,0x00,'GETCONSTITUENTACCOUNTNUMBER(CONSTITUENT_EMPLOYER)','Employer\'s Account Number',0x00,0x00,0x00,0x00,0x00,0x00,0x00,2,'CONSTITUENT_EMPLOYER_ACCOUNTNUMBER','CONSTITUENT_CONSTITUENT_ID'),
 (503,0x00,0x00,'GETCONSTITUENTDISPLAYNAME(CONSTITUENT_EMPLOYER)','Employer\'s Name',0x00,0x00,0x00,0x00,0x00,0x00,0x00,1,'CONSTITUENT_EMPLOYER_NAME','CONSTITUENT_CONSTITUENT_ID'),
 (504,0x00,0x00,'CONSTITUENT_EMPLOYER_CUSTOM_FIELD_NAME','Employer Custom Field Name',0x00,0x00,0x00,0x00,0x00,0x00,0x00,1,'CONSTITUENT_EMPLOYER_CUSTOM_FIELD_NAME','CONSTITUENT_EMPLOYER_CUSTOM_FIELD_NAME'),
 (505,0x00,0x00,'CONSTITUENT_EMPLOYER_CUSTOM_FIELD_VALUE','Employer Custom Field Value',0x00,0x00,0x00,0x00,0x00,0x00,0x00,1,'CONSTITUENT_EMPLOYER_CUSTOM_FIELD_VALUE','CONSTITUENT_EMPLOYER_CUSTOM_FIELD_NAME'),
 (506,0x00,0x00,'GETCUSTOMFIELD(CONSTITUENT_CONSTITUENT_ID, \'constituent\', \'individual.employmentTitle\')','Employment Title',0x00,0x00,0x00,0x00,0x00,0x00,0x00,1,'INDIVIDUAL_EMPLOYMENTTITLE','CONSTITUENT_CONSTITUENT_ID'),
 (507,0x00,0x00,'GETCONSTITUENTACCOUNTNUMBER(GETCUSTOMFIELD(CONSTITUENT_CONSTITUENT_ID, \'constituent\', \'individual.headOfHousehold\'))','Head of Household\'s Account Number',0x00,0x00,0x00,0x00,0x00,0x00,0x00,2,'INDIVIDUAL_HEADOFHOUSEHOLD_ACCOUNTNUMBER','CONSTITUENT_CONSTITUENT_ID'),
 (508,0x00,0x00,'GETCONSTITUENTDISPLAYNAME(GETCUSTOMFIELD(CONSTITUENT_CONSTITUENT_ID, \'constituent\', \'individual.headOfHousehold\'))','Head of Household\'s Name',0x00,0x00,0x00,0x00,0x00,0x00,0x00,1,'INDIVIDUAL_HEADOFHOUSEHOLD_NAME','CONSTITUENT_CONSTITUENT_ID'),
 (509,0x00,0x00,'GETCONSTITUENTACCOUNTNUMBER(CONSTITUENT_HOUSEHOLD_MEMBER)','Household Member\'s Account Number',0x00,0x00,0x00,0x00,0x00,0x00,0x00,2,'CONSTITUENT_HOUSEHOLDMEMBER_ACCOUNTNUMBER','CONSTITUENT_CONSTITUENT_ID'),
 (510,0x00,0x00,'GETCONSTITUENTDISPLAYNAME(CONSTITUENT_HOUSEHOLD_MEMBER)','Household Member\'s Name',0x00,0x00,0x00,0x00,0x00,0x00,0x00,1,'CONSTITUENT_HOUSEHOLDMEMBER_NAME','CONSTITUENT_CONSTITUENT_ID'),
 (511,0x00,0x00,'CONSTITUENT_HOUSEHOLD_MEMBER_CUSTOM_FIELD_NAME','Household Member Custom Field Name',0x00,0x00,0x00,0x00,0x00,0x00,0x00,1,'CONSTITUENT_HOUSEHOLD_MEMBER_CUSTOM_FIELD_NAME','CONSTITUENT_HOUSEHOLD_MEMBER_CUSTOM_FIELD_NAME'),
 (512,0x00,0x00,'CONSTITUENT_HOUSEHOLD_MEMBER_CUSTOM_FIELD_VALUE','Household Member Custom Field Value',0x00,0x00,0x00,0x00,0x00,0x00,0x00,1,'CONSTITUENT_HOUSEHOLD_MEMBER_CUSTOM_FIELD_VALUE','CONSTITUENT_HOUSEHOLD_MEMBER_CUSTOM_FIELD_NAME'),
 (513,0x00,0x00,'GETCONSTITUENTACCOUNTNUMBER(CONSTITUENT_PARENT)','Parent\'s Account Number',0x00,0x00,0x00,0x00,0x00,0x00,0x00,2,'CONSTITUENT_PARENT_ACCOUNTNUMBER','CONSTITUENT_CONSTITUENT_ID'),
 (514,0x00,0x00,'GETCONSTITUENTDISPLAYNAME(CONSTITUENT_PARENT)','Parent\'s Names',0x00,0x00,0x00,0x00,0x00,0x00,0x00,1,'CONSTITUENT_PARENT_NAME','CONSTITUENT_CONSTITUENT_ID'),
 (515,0x00,0x00,'CONSTITUENT_PARENT_CUSTOM_FIELD_NAME','Parent Custom Field Name',0x00,0x00,0x00,0x00,0x00,0x00,0x00,1,'CONSTITUENT_PARENT_CUSTOM_FIELD_NAME','CONSTITUENT_PARENT_CUSTOM_FIELD_NAME'),
 (516,0x00,0x00,'CONSTITUENT_PARENT_CUSTOM_FIELD_VALUE','Parent Custom Field Value',0x00,0x00,0x00,0x00,0x00,0x00,0x00,1,'CONSTITUENT_PARENT_CUSTOM_FIELD_VALUE','CONSTITUENT_PARENT_CUSTOM_FIELD_NAME'),
 (517,0x00,0x00,'GETCONSTITUENTACCOUNTNUMBER(CONSTITUENT_CHILD)','Child\'s Account Number',0x00,0x00,0x00,0x00,0x00,0x00,0x00,2,'CONSTITUENT_CHILD_ACCOUNTNUMBER','CONSTITUENT_CONSTITUENT_ID'),
 (518,0x00,0x00,'GETCONSTITUENTDISPLAYNAME(CONSTITUENT_CHILD)','Child\'s Name',0x00,0x00,0x00,0x00,0x00,0x00,0x00,1,'CONSTITUENT_CHILD_NAME','CONSTITUENT_CONSTITUENT_ID'),
 (519,0x00,0x00,'CONSTITUENT_CHILD_CUSTOM_FIELD_NAME','Child Custom Field Name',0x00,0x00,0x00,0x00,0x00,0x00,0x00,1,'CONSTITUENT_CHILD_CUSTOM_FIELD_NAME','CONSTITUENT_CHILD_CUSTOM_FIELD_NAME'),
 (520,0x00,0x00,'CONSTITUENT_CHILD_CUSTOM_FIELD_VALUE','Child Custom Field Value',0x00,0x00,0x00,0x00,0x00,0x00,0x00,1,'CONSTITUENT_CHILD_CUSTOM_FIELD_VALUE','CONSTITUENT_CHILD_CUSTOM_FIELD_NAME'),
 (521,0x00,0x00,'GETCONSTITUENTACCOUNTNUMBER(CONSTITUENT_SIBLING)','Sibling\'s Account Number',0x00,0x00,0x00,0x00,0x00,0x00,0x00,2,'CONSTITUENT_SIBLING_ACCOUNTNUMBER','CONSTITUENT_CONSTITUENT_ID'),
 (522,0x00,0x00,'GETCONSTITUENTDISPLAYNAME(CONSTITUENT_SIBLING)','Sibling\'s Names',0x00,0x00,0x00,0x00,0x00,0x00,0x00,1,'CONSTITUENT_SIBLING_NAMES','CONSTITUENT_CONSTITUENT_ID'),
 (523,0x00,0x00,'CONSTITUENT_SIBLING_CUSTOM_FIELD_NAME','Sibling Custom Field Name',0x00,0x00,0x00,0x00,0x00,0x00,0x00,1,'CONSTITUENT_SIBLING_CUSTOM_FIELD_NAME','CONSTITUENT_SIBLING_CUSTOM_FIELD_NAME'),
 (524,0x00,0x00,'CONSTITUENT_SIBLING_CUSTOM_FIELD_VALUE','Sibling Custom Field Value',0x00,0x00,0x00,0x00,0x00,0x00,0x00,1,'CONSTITUENT_SIBLING_CUSTOM_FIELD_VALUE','CONSTITUENT_SIBLING_CUSTOM_FIELD_NAME'),
 (525,0x00,0x00,'GETCONSTITUENTACCOUNTNUMBER(CONSTITUENT_FRIEND)','Friend\'s Account Number',0x00,0x00,0x00,0x00,0x00,0x00,0x00,2,'CONSTITUENT_FRIEND_ACCOUNTNUMBER','CONSTITUENT_CONSTITUENT_ID'),
 (526,0x00,0x00,'GETCONSTITUENTDISPLAYNAME(CONSTITUENT_FRIEND)','Friend\'s Name',0x00,0x00,0x00,0x00,0x00,0x00,0x00,1,'CONSTITUENT_FRIEND_NAME','CONSTITUENT_CONSTITUENT_ID'),
 (527,0x00,0x00,'CONSTITUENT_FRIEND_CUSTOM_FIELD_NAME','Friend Custom Field Name',0x00,0x00,0x00,0x00,0x00,0x00,0x00,1,'CONSTITUENT_FRIEND_CUSTOM_FIELD_NAME','CONSTITUENT_FRIEND_CUSTOM_FIELD_NAME'),
 (528,0x00,0x00,'CONSTITUENT_FRIEND_CUSTOM_FIELD_VALUE','Friend Custom Field Value',0x00,0x00,0x00,0x00,0x00,0x00,0x00,1,'CONSTITUENT_FRIEND_CUSTOM_FIELD_VALUE','CONSTITUENT_FRIEND_CUSTOM_FIELD_NAME'),
 (529,0x00,0x00,'GETCONSTITUENTACCOUNTNUMBER(CONSTITUENT_EMPLOYEE)','Employee\'s Account Number',0x00,0x00,0x00,0x00,0x00,0x00,0x00,2,'CONSTITUENT_EMPLOYEE_ACCOUNTNUMBER','CONSTITUENT_CONSTITUENT_ID'),
 (530,0x00,0x00,'GETCONSTITUENTDISPLAYNAME(CONSTITUENT_EMPLOYEE)','Employee\'s Name',0x00,0x00,0x00,0x00,0x00,0x00,0x00,1,'CONSTITUENT_EMPLOYEE_NAME','CONSTITUENT_CONSTITUENT_ID'),
 (531,0x00,0x00,'CONSTITUENT_EMPLOYEE_CUSTOM_FIELD_NAME','Employee Custom Field Name',0x00,0x00,0x00,0x00,0x00,0x00,0x00,1,'CONSTITUENT_EMPLOYEE_CUSTOM_FIELD_NAME','CONSTITUENT_EMPLOYEE_CUSTOM_FIELD_NAME'),
 (532,0x00,0x00,'CONSTITUENT_EMPLOYEE_CUSTOM_FIELD_VALUE','Employee Custom Field Value',0x00,0x00,0x00,0x00,0x00,0x00,0x00,1,'CONSTITUENT_EMPLOYEE_CUSTOM_FIELD_VALUE','CONSTITUENT_EMPLOYEE_CUSTOM_FIELD_NAME'),
 (533,0x00,0x00,'GETCONSTITUENTDISPLAYNAME(GETCUSTOMFIELD(CONSTITUENT_CONSTITUENT_ID, \'constituent\', \'organization.parent\'))','Parent Organization',0x00,0x00,0x00,0x00,0x00,0x00,0x00,1,'CONSTITUENT_PARENT_ORGANIZATION','CONSTITUENT_CONSTITUENT_ID'),
 (534,0x00,0x00,'GETCONSTITUENTACCOUNTNUMBER(CONSTITUENT_SUBSIDIARY)','Subsidiary Account Number',0x00,0x00,0x00,0x00,0x00,0x00,0x00,2,'CONSTITUENT_SUBSIDIARY_ACCOUNTNUMBER','CONSTITUENT_CONSTITUENT_ID'),
 (535,0x00,0x00,'GETCONSTITUENTDISPLAYNAME(CONSTITUENT_SUBSIDIARY)','Subsidiary Name',0x00,0x00,0x00,0x00,0x00,0x00,0x00,1,'CONSTITUENT_SUBSIDIARY_NAME','CONSTITUENT_CONSTITUENT_ID'),
 (536,0x00,0x00,'CONSTITUENT_SUBSIDIARY_CUSTOM_FIELD_NAME','Subsidiary Custom Field Name',0x00,0x00,0x00,0x00,0x00,0x00,0x00,1,'CONSTITUENT_SUBSIDIARY_CUSTOM_FIELD_NAME','CONSTITUENT_SUBSIDIARY_CUSTOM_FIELD_NAME'),
 (537,0x00,0x00,'CONSTITUENT_SUBSIDIARY_CUSTOM_FIELD_VALUE','Subsidiary Custom Field Value',0x00,0x00,0x00,0x00,0x00,0x00,0x00,1,'CONSTITUENT_SUBSIDIARY_CUSTOM_FIELD_VALUE','CONSTITUENT_SUBSIDIARY_CUSTOM_FIELD_NAME'),
 (538,0x00,0x00,'GETCONSTITUENTACCOUNTNUMBER(CONSTITUENT_PRIMARYCONTACT)','Primary Contacts\' Account Number',0x00,0x00,0x00,0x00,0x00,0x00,0x00,2,'CONSTITUENT_PRIMARYCONTACT_ACCOUNTNUMBER','CONSTITUENT_CONSTITUENT_ID'),
 (539,0x00,0x00,'GETCONSTITUENTDISPLAYNAME(CONSTITUENT_PRIMARYCONTACT)','Primary Contact\'s Names',0x00,0x00,0x00,0x00,0x00,0x00,0x00,1,'CONSTITUENT_PRIMARY_CONTACT_NAME','CONSTITUENT_CONSTITUENT_ID'),
 (540,0x00,0x00,'CONSTITUENT_PRIMARYCONTACT_CUSTOM_FIELD_NAME','Primary Contact Custom Field Name',0x00,0x00,0x00,0x00,0x00,0x00,0x00,1,'CONSTITUENT_PRIMARYCONTACT_CUSTOM_FIELD_NAME','CONSTITUENT_PRIMARYCONTACT_CUSTOM_FIELD_NAME'),
 (541,0x00,0x00,'CONSTITUENT_PRIMARYCONTACT_CUSTOM_FIELD_VALUE','Primary Contact Custom Field Value',0x00,0x00,0x00,0x00,0x00,0x00,0x00,1,'CONSTITUENT_PRIMARYCONTACT_CUSTOM_FIELD_VALUE','CONSTITUENT_PRIMARYCONTACT_CUSTOM_FIELD_NAME'),
 (542,0x00,0x00,'GETCONSTITUENTACCOUNTNUMBER(CONSTITUENT_BILLINGCONTACT)','Billing Contacts\' Account Number',0x00,0x00,0x00,0x00,0x00,0x00,0x00,2,'CONSTITUENT_BILLINGCONTACT_ACCOUNTNUMBER','CONSTITUENT_CONSTITUENT_ID'),
 (543,0x00,0x00,'GETCONSTITUENTDISPLAYNAME(CONSTITUENT_BILLINGCONTACT)','Billing Contact\'s Name',0x00,0x00,0x00,0x00,0x00,0x00,0x00,1,'CONSTITUENT_BILLING_CONTACT_NAME','CONSTITUENT_CONSTITUENT_ID'),
 (544,0x00,0x00,'CONSTITUENT_BILLINGCONTACT_CUSTOM_FIELD_NAME','Billing Contact Custom Field Name',0x00,0x00,0x00,0x00,0x00,0x00,0x00,1,'CONSTITUENT_BILLINGCONTACT_CUSTOM_FIELD_NAME','CONSTITUENT_BILLINGCONTACT_CUSTOM_FIELD_NAME'),
 (545,0x00,0x00,'CONSTITUENT_BILLINGCONTACT_CUSTOM_FIELD_VALUE','Billing Contact Custom Field Value',0x00,0x00,0x00,0x00,0x00,0x00,0x00,1,'CONSTITUENT_BILLINGCONTACT_CUSTOM_FIELD_VALUE','CONSTITUENT_BILLINGCONTACT_CUSTOM_FIELD_NAME'),
 (546,0x00,0x00,'GETCONSTITUENTACCOUNTNUMBER(CONSTITUENT_SALESCONTACT)','Sales Contacts\' Account Number',0x00,0x00,0x00,0x00,0x00,0x00,0x00,2,'CONSTITUENT_SALESCONTACT_ACCOUNTNUMBER','CONSTITUENT_CONSTITUENT_ID'),
 (547,0x00,0x00,'GETCONSTITUENTDISPLAYNAME(CONSTITUENT_SALESCONTACT)','Sales Contact\'s Name',0x00,0x00,0x00,0x00,0x00,0x00,0x00,1,'CONSTITUENT_SALES_CONTACT_NAME','CONSTITUENT_CONSTITUENT_ID'),
 (548,0x00,0x00,'CONSTITUENT_SALESCONTACT_CUSTOM_FIELD_NAME','Sales Contact Custom Field Name',0x00,0x00,0x00,0x00,0x00,0x00,0x00,1,'CONSTITUENT_SALESCONTACT_CUSTOM_FIELD_NAME','CONSTITUENT_SALESCONTACT_CUSTOM_FIELD_NAME'),
 (549,0x00,0x00,'CONSTITUENT_SALESCONTACT_CUSTOM_FIELD_VALUE','Sales Contact Custom Field Value',0x00,0x00,0x00,0x00,0x00,0x00,0x00,1,'CONSTITUENT_SALESCONTACT_CUSTOM_FIELD_VALUE','CONSTITUENT_SALESCONTACT_CUSTOM_FIELD_NAME'),
 (550,0x00,0x00,'GETCONSTITUENTACCOUNTNUMBER(CONSTITUENT_PUBLICRELATIONSCONTACT)','Public Relations Contact\'s Account Number',0x00,0x00,0x00,0x00,0x00,0x00,0x00,2,'CONSTITUENT_PUBLICRELATIONSCONTACT_ACCOUNTNUMBER','CONSTITUENT_CONSTITUENT_ID'),
 (551,0x00,0x00,'GETCONSTITUENTDISPLAYNAME(CONSTITUENT_PUBLICRELATIONSCONTACT)','Public Relations Contact\'s Name',0x00,0x00,0x00,0x00,0x00,0x00,0x00,1,'CONSTITUENT_PUBLIC_RELATION_CONTACT_NAME','CONSTITUENT_CONSTITUENT_ID'),
 (552,0x00,0x00,'CONSTITUENT_PUBLICRELATIONSCONTACT_CUSTOM_FIELD_NAME','Public Relations Contact Custom Field Name',0x00,0x00,0x00,0x00,0x00,0x00,0x00,1,'CONSTITUENT_PUBLICRELATIONSCONTACT_CUSTOM_FIELD_NAME','CONSTITUENT_PUBLICRELATIONSCONTACT_CUSTOM_FIELD_NAME'),
 (553,0x00,0x00,'CONSTITUENT_PUBLICRELATIONSCONTACT_CUSTOM_FIELD_VALUE','Public Relations Contact Custom Field Value',0x00,0x00,0x00,0x00,0x00,0x00,0x00,1,'CONSTITUENT_PUBLICRELATIONSCONTACT_CUSTOM_FIELD_VALUE','CONSTITUENT_PUBLICRELATIONSCONTACT_CUSTOM_FIELD_NAME'),
 (554,0x00,0x00,'GETCONSTITUENTACCOUNTNUMBER(GIFT_CONSTITUENT_ID)','Account Number',0x01,0x00,0x00,0x00,0x00,0x00,0x00,2,'GIFT_ACCOUNT_NUMBER','GIFT_GIFT_ID'),
 (555,0x00,0x00,'GETCONSTITUENTDISPLAYNAME(GIFT_CONSTITUENT_ID)','Account Name',0x00,0x00,0x00,0x00,0x00,0x00,0x00,1,'ACCOUNTNAME','GIFT_GIFT_ID'),
 (556,0x00,0x00,'GIFT_GIFT_ID','Gift Reference Number',0x01,0x00,0x00,0x00,0x00,0x00,0x00,2,'GIFT_GIFT_ID','GIFT_GIFT_ID'),
 (557,0x00,0x00,'GIFT_AMOUNT','Gift Amount',0x01,0x00,0x00,0x00,0x00,0x00,0x00,5,'GIFT_AMOUNT','GIFT_GIFT_ID'),
 (558,0x00,0x00,'GIFT_CURRENCY_CODE','Currency Code',0x00,0x00,0x00,0x00,0x00,0x00,0x00,1,'GIFT_CURRENCY_CODE','GIFT_GIFT_ID'),
 (559,0x00,0x00,'GIFT_DONATION_DATE','Donation Date',0x01,0x00,0x00,0x00,0x00,0x00,0x00,4,'GIFT_DONATION_DATE','GIFT_GIFT_ID'),
 (560,0x00,0x00,'GIFT_POSTMARK_DATE','Postmark Date',0x00,0x00,0x00,0x00,0x00,0x00,0x00,4,'GIFT_POSTMARK_DATE','GIFT_GIFT_ID'),
 (561,0x00,0x00,'GIFT_COMMENTS','Comments',0x00,0x00,0x00,0x00,0x00,0x00,0x00,1,'GIFT_COMMENTS','GIFT_GIFT_ID'),
 (562,0x00,0x00,'GIFT_TRANSACTIONDATE','Transaction Date',0x00,0x00,0x00,0x00,0x00,0x00,0x00,4,'GIFT_TRANSACTIONDATE','GIFT_GIFT_ID'),
 (563,0x00,0x00,'GIFT_PAYMENT_SOURCE_PAYMENT_PROFILE_DESCRIPTION','Payment Profile Description',0x00,0x00,0x00,0x00,0x00,0x00,0x00,1,'GIFT_PAYMENT_SOURCE_PAYMENT_PROFILE_DESCRIPTION','GIFT_GIFT_ID'),
 (564,0x00,0x00,'GIFT_PAYMENT_SOURCE_INACTIVE','Payment Method Inactive',0x00,0x00,0x00,0x00,0x00,0x00,0x00,6,'GIFT_PAYMENT_SOURCE_INACTIVE','GIFT_GIFT_ID'),
 (565,0x00,0x00,'GIFT_PAYMENT_TYPE','Payment Method',0x00,0x00,0x00,0x00,0x00,0x00,0x00,1,'GIFT_PAYMENT_TYPE','GIFT_GIFT_ID'),
 (566,0x00,0x00,'GIFT_PAYMENT_SOURCE_CREDIT_CARD_TYPE','Credit Card Type',0x00,0x00,0x00,0x00,0x00,0x00,0x00,1,'GIFT_PAYMENT_SOURCE_CREDIT_CARD_TYPE','GIFT_GIFT_ID'),
 (567,0x00,0x00,'GIFT_PAYMENT_SOURCE_CREDIT_CARD_HOLDER_NAME','Credit Card Holder Name',0x00,0x00,0x00,0x00,0x00,0x00,0x00,1,'GIFT_PAYMENT_SOURCE_CREDIT_CARD_HOLDER_NAME','GIFT_GIFT_ID'),
 (568,0x00,0x00,'GIFT_PAYMENT_SOURCE_CREDIT_CARD_EXPIRATION','Credit Card Expiration',0x00,0x00,0x00,0x00,0x00,0x00,0x00,1,'GIFT_PAYMENT_SOURCE_CREDIT_CARD_EXPIRATION','GIFT_GIFT_ID'),
 (569,0x00,0x00,'GIFT_PAYMENT_SOURCE_CREDIT_CARD_EXPIRATION_DATE','Credit Card Expiration (Date / Time)',0x00,0x00,0x00,0x00,0x00,0x00,0x00,4,'GIFT_PAYMENT_SOURCE_CREDIT_CARD_EXPIRATION_DATE','GIFT_GIFT_ID'),
 (570,0x00,0x00,'GIFT_PAYMENT_SOURCE_ACH_HOLDER_NAME','ACH Holder Name',0x00,0x00,0x00,0x00,0x00,0x00,0x00,1,'GIFT_PAYMENT_SOURCE_ACH_HOLDER_NAME','GIFT_GIFT_ID'),
 (571,0x00,0x00,'GIFT_PAYMENT_SOURCE_ACH_ROUTING_NUMBER','ACH Routing Number',0x00,0x00,0x00,0x00,0x00,0x00,0x00,1,'GIFT_PAYMENT_SOURCE_ACH_ROUTING_NUMBER','GIFT_GIFT_ID'),
 (572,0x00,0x00,'GIFT_PAYMENT_SOURCE_LAST_FOUR_DIGITS','Credit Card / ACH Account Number - Last 4 Digits',0x00,0x00,0x00,0x00,0x00,0x00,0x00,1,'GIFT_PAYMENT_SOURCE_LAST_FOUR_DIGITS','GIFT_GIFT_ID'),
 (573,0x00,0x00,'GIFT_CHECK_NUMBER','Check Number',0x00,0x00,0x00,0x00,0x00,0x00,0x00,2,'GIFT_CHECK_NUMBER','GIFT_GIFT_ID'),
 (574,0x00,0x00,'GIFT_AUTH_CODE','Authorization Code',0x00,0x00,0x00,0x00,0x00,0x00,0x00,1,'GIFT_AUTH_CODE','GIFT_GIFT_ID'),
 (575,0x00,0x00,'GIFT_PAYMENT_ADDRESS_ADDRESS_LINE_1','Address Line 1',0x00,0x00,0x00,0x00,0x00,0x00,0x00,1,'GIFT_PAYMENT_ADDRESS_ADDRESS_LINE_1','GIFT_GIFT_ID'),
 (576,0x00,0x00,'GIFT_PAYMENT_ADDRESS_ADDRESS_LINE_2','Address Line 2',0x00,0x00,0x00,0x00,0x00,0x00,0x00,1,'GIFT_PAYMENT_ADDRESS_ADDRESS_LINE_2','GIFT_GIFT_ID'),
 (577,0x00,0x00,'GIFT_PAYMENT_ADDRESS_ADDRESS_LINE_3','Address Line 3',0x00,0x00,0x00,0x00,0x00,0x00,0x00,1,'GIFT_PAYMENT_ADDRESS_ADDRESS_LINE_3','GIFT_GIFT_ID'),
 (578,0x00,0x00,'GIFT_PAYMENT_ADDRESS_CITY','City',0x00,0x00,0x00,0x00,0x00,0x00,0x00,1,'GIFT_PAYMENT_ADDRESS_CITY','GIFT_GIFT_ID'),
 (579,0x00,0x00,'GIFT_PAYMENT_ADDRESS_STATE_PROVINCE','State/Province',0x00,0x00,0x00,0x00,0x00,0x00,0x00,1,'GIFT_PAYMENT_ADDRESS_STATE_PROVINCE','GIFT_GIFT_ID'),
 (580,0x00,0x00,'GIFT_PAYMENT_ADDRESS_POSTAL_CODE','Zip/Postal Code',0x00,0x00,0x00,0x00,0x00,0x00,0x00,1,'GIFT_PAYMENT_ADDRESS_POSTAL_CODE','GIFT_GIFT_ID'),
 (581,0x00,0x00,'GIFT_PAYMENT_ADDRESS_IS_PRIMARY','Primary Address',0x00,0x00,0x00,0x00,0x00,0x00,0x00,6,'GIFT_PAYMENT_ADDRESS_IS_PRIMARY','GIFT_GIFT_ID'),
 (582,0x00,0x00,'GIFT_PAYMENT_ADDRESS_UNDELIVERABLE','Address Undeliverable',0x00,0x00,0x00,0x00,0x00,0x00,0x00,6,'GIFT_PAYMENT_ADDRESS_UNDELIVERABLE','GIFT_GIFT_ID'),
 (583,0x00,0x00,'GIFT_PAYMENT_ADDRESS_INACTIVE','Address Inactive',0x00,0x00,0x00,0x00,0x00,0x00,0x00,6,'GIFT_PAYMENT_ADDRESS_INACTIVE','GIFT_GIFT_ID'),
 (584,0x00,0x00,'GIFT_PAYMENT_ADDRESS_COUNTRY','Country',0x00,0x00,0x00,0x00,0x00,0x00,0x00,1,'GIFT_PAYMENT_ADDRESS_COUNTRY','GIFT_GIFT_ID'),
 (585,0x00,0x00,'GIFT_PAYMENT_PHONE_NUMBER','Phone Number',0x00,0x00,0x00,0x00,0x00,0x00,0x00,1,'GIFT_PAYMENT_PHONE_NUMBER','GIFT_GIFT_ID'),
 (586,0x00,0x00,'GIFT_PAYMENT_PHONE_IS_PRIMARY','Primary Phone',0x00,0x00,0x00,0x00,0x00,0x00,0x00,6,'GIFT_PAYMENT_PHONE_IS_PRIMARY','GIFT_GIFT_ID'),
 (587,0x00,0x00,'GIFT_PAYMENT_PHONE_UNDELIVERABLE','Phone Undeliverable',0x00,0x00,0x00,0x00,0x00,0x00,0x00,6,'GIFT_PAYMENT_PHONE_UNDELIVERABLE','GIFT_GIFT_ID'),
 (588,0x00,0x00,'GIFT_PAYMENT_PHONE_INACTIVE','Phone Inactive',0x00,0x00,0x00,0x00,0x00,0x00,0x00,6,'GIFT_PAYMENT_PHONE_INACTIVE','GIFT_GIFT_ID'),
 (589,0x00,0x00,'GIFT_ACKNOWLEDGEMENT_EMAIL_EMAIL_ADDRESS','Receipt Email',0x00,0x00,0x00,0x00,0x00,0x00,0x00,1,'GIFT_ACKNOWLEDGEMENT_EMAIL_EMAIL_ADDRESS','GIFT_GIFT_ID'),
 (590,0x00,0x00,'GIFT_SEND_ACKNOWLEDGMENT','Send Acknowledgment',0x00,0x00,0x00,0x00,0x00,0x00,0x00,6,'GIFT_SEND_ACKNOWLEDGMENT','GIFT_GIFT_ID'),
 (591,0x00,0x00,'GIFT_ACKNOWLEDGMENT_DATE','Acknowledgment Date',0x00,0x00,0x00,0x00,0x00,0x00,0x00,4,'GIFT_ACKNOWLEDGMENT_DATE','GIFT_GIFT_ID'),
 (592,0x00,0x00,'GETCONSTITUENTACCOUNTNUMBER(GIFT_CONSTITUENT_ID)','Account Number',0x01,0x00,0x00,0x00,0x00,0x00,0x00,2,'GIFT_ACCOUNT_NUMBER','GIFT_GIFT_ID'),
 (593,0x00,0x00,'GETCONSTITUENTDISPLAYNAME(GIFT_CONSTITUENT_ID)','Account Name',0x00,0x00,0x00,0x00,0x00,0x00,0x00,1,'ACCOUNT_NAME','GIFT_GIFT_ID'),
 (594,0x00,0x00,'GIFT_GIFT_ID','Gift Reference Number',0x01,0x00,0x00,0x00,0x00,0x00,0x00,2,'GIFT_GIFT_ID','GIFT_GIFT_ID'),
 (595,0x00,0x00,'GIFT_AMOUNT','Gift Amount',0x01,0x00,0x00,0x00,0x00,0x00,0x00,5,'GIFT_AMOUNT','GIFT_GIFT_ID'),
 (596,0x00,0x00,'GIFT_CURRENCY_CODE','Currency Code',0x00,0x00,0x00,0x00,0x00,0x00,0x00,1,'GIFT_CURRENCY_CODE','GIFT_GIFT_ID'),
 (597,0x00,0x00,'GIFT_DONATION_DATE','Donation Date',0x01,0x00,0x00,0x00,0x00,0x00,0x00,4,'GIFT_DONATION_DATE','GIFT_GIFT_ID'),
 (598,0x00,0x00,'GIFT_POSTMARK_DATE','Postmark Date',0x00,0x00,0x00,0x00,0x00,0x00,0x00,4,'GIFT_POSTMARK_DATE','GIFT_GIFT_ID'),
 (599,0x00,0x00,'GIFT_COMMENTS','Comments',0x00,0x00,0x00,0x00,0x00,0x00,0x00,1,'GIFT_COMMENTS','GIFT_GIFT_ID'),
 (600,0x00,0x00,'GIFT_TRANSACTIONDATE','Transaction Date',0x00,0x00,0x00,0x00,0x00,0x00,0x00,4,'GIFT_TRANSACTIONDATE','GIFT_GIFT_ID'),
 (601,0x00,0x00,'GIFT_PAYMENT_SOURCE_PAYMENT_PROFILE_DESCRIPTION','Payment Profile Description',0x00,0x00,0x00,0x00,0x00,0x00,0x00,1,'GIFT_PAYMENT_SOURCE_PAYMENT_PROFILE_DESCRIPTION','GIFT_GIFT_ID'),
 (602,0x00,0x00,'GIFT_PAYMENT_SOURCE_INACTIVE','Payment Method Inactive',0x00,0x00,0x00,0x00,0x00,0x00,0x00,6,'GIFT_PAYMENT_SOURCE_INACTIVE','GIFT_GIFT_ID'),
 (603,0x00,0x00,'GIFT_PAYMENT_TYPE','Payment Method',0x00,0x00,0x00,0x00,0x00,0x00,0x00,1,'GIFT_PAYMENT_TYPE','GIFT_GIFT_ID'),
 (604,0x00,0x00,'GIFT_PAYMENT_SOURCE_CREDIT_CARD_TYPE','Credit Card Type',0x00,0x00,0x00,0x00,0x00,0x00,0x00,1,'GIFT_PAYMENT_SOURCE_CREDIT_CARD_TYPE','GIFT_GIFT_ID'),
 (605,0x00,0x00,'GIFT_PAYMENT_SOURCE_CREDIT_CARD_HOLDER_NAME','Credit Card Holder Name',0x00,0x00,0x00,0x00,0x00,0x00,0x00,1,'GIFT_PAYMENT_SOURCE_CREDIT_CARD_HOLDER_NAME','GIFT_GIFT_ID'),
 (606,0x00,0x00,'GIFT_PAYMENT_SOURCE_CREDIT_CARD_EXPIRATION','Credit Card Expiration',0x00,0x00,0x00,0x00,0x00,0x00,0x00,1,'GIFT_PAYMENT_SOURCE_CREDIT_CARD_EXPIRATION','GIFT_GIFT_ID'),
 (607,0x00,0x00,'GIFT_PAYMENT_SOURCE_CREDIT_CARD_EXPIRATION_DATE','Credit Card Expiration (Date / Time)',0x00,0x00,0x00,0x00,0x00,0x00,0x00,4,'GIFT_PAYMENT_SOURCE_CREDIT_CARD_EXPIRATION_DATE','GIFT_GIFT_ID'),
 (608,0x00,0x00,'GIFT_PAYMENT_SOURCE_ACH_HOLDER_NAME','ACH Holder Name',0x00,0x00,0x00,0x00,0x00,0x00,0x00,1,'GIFT_PAYMENT_SOURCE_ACH_HOLDER_NAME','GIFT_GIFT_ID'),
 (609,0x00,0x00,'GIFT_PAYMENT_SOURCE_ACH_ROUTING_NUMBER','ACH Routing Number',0x00,0x00,0x00,0x00,0x00,0x00,0x00,1,'GIFT_PAYMENT_SOURCE_ACH_ROUTING_NUMBER','GIFT_GIFT_ID'),
 (610,0x00,0x00,'GIFT_PAYMENT_SOURCE_LAST_FOUR_DIGITS','Credit Card / ACH Account Number - Last 4 Digits',0x00,0x00,0x00,0x00,0x00,0x00,0x00,1,'GIFT_PAYMENT_SOURCE_LAST_FOUR_DIGITS','GIFT_GIFT_ID'),
 (611,0x00,0x00,'GIFT_CHECK_NUMBER','Check Number',0x00,0x00,0x00,0x00,0x00,0x00,0x00,2,'GIFT_CHECK_NUMBER','GIFT_GIFT_ID'),
 (612,0x00,0x00,'GIFT_AUTH_CODE','Authorization Code',0x00,0x00,0x00,0x00,0x00,0x00,0x00,1,'GIFT_AUTH_CODE','GIFT_GIFT_ID'),
 (613,0x00,0x00,'GIFT_PAYMENT_ADDRESS_ADDRESS_LINE_1','Address Line 1',0x00,0x00,0x00,0x00,0x00,0x00,0x00,1,'GIFT_PAYMENT_ADDRESS_ADDRESS_LINE_1','GIFT_GIFT_ID'),
 (614,0x00,0x00,'GIFT_PAYMENT_ADDRESS_ADDRESS_LINE_2','Address Line 2',0x00,0x00,0x00,0x00,0x00,0x00,0x00,1,'GIFT_PAYMENT_ADDRESS_ADDRESS_LINE_2','GIFT_GIFT_ID'),
 (615,0x00,0x00,'GIFT_PAYMENT_ADDRESS_ADDRESS_LINE_3','Address Line 3',0x00,0x00,0x00,0x00,0x00,0x00,0x00,1,'GIFT_PAYMENT_ADDRESS_ADDRESS_LINE_3','GIFT_GIFT_ID'),
 (616,0x00,0x00,'GIFT_PAYMENT_ADDRESS_CITY','City',0x00,0x00,0x00,0x00,0x00,0x00,0x00,1,'GIFT_PAYMENT_ADDRESS_CITY','GIFT_GIFT_ID'),
 (617,0x00,0x00,'GIFT_PAYMENT_ADDRESS_STATE_PROVINCE','State/Province',0x00,0x00,0x00,0x00,0x00,0x00,0x00,1,'GIFT_PAYMENT_ADDRESS_STATE_PROVINCE','GIFT_GIFT_ID'),
 (618,0x00,0x00,'GIFT_PAYMENT_ADDRESS_POSTAL_CODE','Zip/Postal Code',0x00,0x00,0x00,0x00,0x00,0x00,0x00,1,'GIFT_PAYMENT_ADDRESS_POSTAL_CODE','GIFT_GIFT_ID'),
 (619,0x00,0x00,'GIFT_PAYMENT_ADDRESS_COUNTRY','Country',0x00,0x00,0x00,0x00,0x00,0x00,0x00,1,'GIFT_PAYMENT_ADDRESS_COUNTRY','GIFT_GIFT_ID'),
 (620,0x00,0x00,'GIFT_PAYMENT_ADDRESS_IS_PRIMARY','Primary Address',0x00,0x00,0x00,0x00,0x00,0x00,0x00,6,'GIFT_PAYMENT_ADDRESS_IS_PRIMARY','GIFT_GIFT_ID'),
 (621,0x00,0x00,'GIFT_PAYMENT_ADDRESS_UNDELIVERABLE','Address Undeliverable',0x00,0x00,0x00,0x00,0x00,0x00,0x00,6,'GIFT_PAYMENT_ADDRESS_UNDELIVERABLE','GIFT_GIFT_ID'),
 (622,0x00,0x00,'GIFT_PAYMENT_ADDRESS_INACTIVE','Address Inactive',0x00,0x00,0x00,0x00,0x00,0x00,0x00,6,'GIFT_PAYMENT_ADDRESS_INACTIVE','GIFT_GIFT_ID'),
 (623,0x00,0x00,'GIFT_PAYMENT_PHONE_NUMBER','Phone Number',0x00,0x00,0x00,0x00,0x00,0x00,0x00,1,'GIFT_PAYMENT_PHONE_NUMBER','GIFT_GIFT_ID'),
 (624,0x00,0x00,'GIFT_PAYMENT_PHONE_IS_PRIMARY','Primary Phone',0x00,0x00,0x00,0x00,0x00,0x00,0x00,6,'GIFT_PAYMENT_PHONE_IS_PRIMARY','GIFT_GIFT_ID'),
 (625,0x00,0x00,'GIFT_PAYMENT_PHONE_UNDELIVERABLE','Phone Undeliverable',0x00,0x00,0x00,0x00,0x00,0x00,0x00,6,'GIFT_PAYMENT_PHONE_UNDELIVERABLE','GIFT_GIFT_ID'),
 (626,0x00,0x00,'GIFT_PAYMENT_PHONE_INACTIVE','Phone Inactive',0x00,0x00,0x00,0x00,0x00,0x00,0x00,6,'GIFT_PAYMENT_PHONE_INACTIVE','GIFT_GIFT_ID'),
 (627,0x00,0x00,'GIFT_ACKNOWLEDGEMENT_EMAIL_EMAIL_ADDRESS','Receipt Email',0x00,0x00,0x00,0x00,0x00,0x00,0x00,1,'GIFT_ACKNOWLEDGEMENT_EMAIL_EMAIL_ADDRESS','GIFT_GIFT_ID'),
 (628,0x00,0x00,'GIFT_SEND_ACKNOWLEDGMENT','Send Acknowledgment',0x00,0x00,0x00,0x00,0x00,0x00,0x00,6,'GIFT_SEND_ACKNOWLEDGMENT','GIFT_GIFT_ID'),
 (629,0x00,0x00,'GIFT_ACKNOWLEDGMENT_DATE','Acknowledgment Date',0x00,0x00,0x00,0x00,0x00,0x00,0x00,4,'GIFT_ACKNOWLEDGMENT_DATE','GIFT_GIFT_ID'),
 (630,0x00,0x00,'DISTRO_LINE_DISTRO_LINE_ID','Gift Distribution Reference Number',0x01,0x00,0x00,0x00,0x00,0x00,0x00,2,'DISTRO_LINE_DISTRO_LINE_ID','DISTRO_LINE_DISTRO_LINE_ID'),
 (631,0x00,0x00,'DISTRO_LINE_AMOUNT','Gift Distribution Amount',0x01,0x00,0x00,0x00,0x00,0x00,0x00,5,'DISTRO_LINE_AMOUNT','DISTRO_LINE_DISTRO_LINE_ID'),
 (632,0x00,0x00,'DISTRO_LINE_PERCENTAGE','Percentage',0x00,0x00,0x00,0x00,0x00,0x00,0x00,3,'DISTRO_LINE_PERCENTAGE','DISTRO_LINE_DISTRO_LINE_ID'),
 (633,0x00,0x00,'DISTRO_LINE_PROJECT_CODE','Designation',0x00,0x00,0x00,0x00,0x00,0x00,0x00,1,'DISTRO_LINE_PROJECT_CODE','DISTRO_LINE_DISTRO_LINE_ID'),
 (634,0x00,0x00,'GETPICKLISTDISPLAYVALUE(\'projectCode\', DISTRO_LINE_PROJECT_CODE)','Designation Description',0x00,0x00,0x00,0x00,0x00,0x00,0x00,1,'DISTRO_LINE_PROJECT_CODE_DESCRIPTION','DISTRO_LINE_DISTRO_LINE_ID'),
 (635,0x00,0x00,'GETCUSTOMFIELD(GETPICKLISTITEMIDBYDEFAULTDISPLAYVALUE(\'projectCode\', DISTRO_LINE_PROJECT_CODE), \'picklistItem\', \'01-GLPART1\')','Designation GL Part 1',0x00,0x00,0x00,0x00,0x00,0x00,0x00,1,'DISTRO_LINE_PROJECT_CODE_GLPART1','DISTRO_LINE_DISTRO_LINE_ID'),
 (636,0x00,0x00,'GETCUSTOMFIELD(GETPICKLISTITEMIDBYDEFAULTDISPLAYVALUE(\'projectCode\', DISTRO_LINE_PROJECT_CODE), \'picklistItem\', \'02-GLPART2\')','Designation GL Part 2',0x00,0x00,0x00,0x00,0x00,0x00,0x00,1,'DISTRO_LINE_PROJECT_CODE_GLPART2','DISTRO_LINE_DISTRO_LINE_ID'),
 (637,0x00,0x00,'GETCUSTOMFIELD(GETPICKLISTITEMIDBYDEFAULTDISPLAYVALUE(\'projectCode\', DISTRO_LINE_PROJECT_CODE), \'picklistItem\', \'03-GLPART3\')','Designation GL Part 3',0x00,0x00,0x00,0x00,0x00,0x00,0x00,1,'DISTRO_LINE_PROJECT_CODE_GLPART3','DISTRO_LINE_DISTRO_LINE_ID'),
 (638,0x00,0x00,'GETCUSTOMFIELD(GETPICKLISTITEMIDBYDEFAULTDISPLAYVALUE(\'projectCode\', DISTRO_LINE_PROJECT_CODE), \'picklistItem\', \'04-GLPART4\')','Designation GL Part 4',0x00,0x00,0x00,0x00,0x00,0x00,0x00,1,'DISTRO_LINE_PROJECT_CODE_GLPART4','DISTRO_LINE_DISTRO_LINE_ID'),
 (639,0x00,0x00,'GETCUSTOMFIELD(GETPICKLISTITEMIDBYDEFAULTDISPLAYVALUE(\'projectCode\', DISTRO_LINE_PROJECT_CODE), \'picklistItem\', \'GLAccountCode\')','Designation GL Account Code',0x00,0x00,0x00,0x00,0x00,0x00,0x00,1,'DISTRO_LINE_PROJECT_CODE_GLACCOUNTCODE','DISTRO_LINE_DISTRO_LINE_ID'),
 (640,0x00,0x00,'GETCUSTOMFIELD(GETPICKLISTITEMIDBYDEFAULTDISPLAYVALUE(\'projectCode\', DISTRO_LINE_PROJECT_CODE), \'picklistItem\', \'AccountString1\')','Designation GL Account String 1',0x00,0x00,0x00,0x00,0x00,0x00,0x00,1,'DISTRO_LINE_PROJECT_CODE_GLACCOUNTSTRING1','DISTRO_LINE_DISTRO_LINE_ID'),
 (641,0x00,0x00,'GETCUSTOMFIELD(GETPICKLISTITEMIDBYDEFAULTDISPLAYVALUE(\'projectCode\', DISTRO_LINE_PROJECT_CODE), \'picklistItem\', \'AccountString2\')','Designation GL Account String 2',0x00,0x00,0x00,0x00,0x00,0x00,0x00,1,'DISTRO_LINE_PROJECT_CODE_GLACCOUNTSTRING2','DISTRO_LINE_DISTRO_LINE_ID'),
 (642,0x00,0x00,'DISTRO_LINE_MOTIVATION_CODE','Motivation',0x00,0x00,0x00,0x00,0x00,0x00,0x00,1,'DISTRO_LINE_MOTIVATION_CODE','DISTRO_LINE_DISTRO_LINE_ID'),
 (643,0x00,0x00,'GETPICKLISTDISPLAYVALUE(\'motivationCode\', DISTRO_LINE_MOTIVATION_CODE)','Motivation Description',0x00,0x00,0x00,0x00,0x00,0x00,0x00,1,'DISTRO_LINE_MOTIVATION_CODE_DESCRIPTION','DISTRO_LINE_DISTRO_LINE_ID'),
 (644,0x00,0x00,'GETCONSTITUENTACCOUNTNUMBER(GETCUSTOMFIELD(DISTRO_LINE_DISTRO_LINE_ID, \'distributionline\', \'reference\'))','Reference Account Number',0x00,0x00,0x00,0x00,0x00,0x00,0x00,2,'REFERENCE_ACCOUNT_NUMBER','DISTRO_LINE_DISTRO_LINE_ID'),
 (645,0x00,0x00,'IFNULL(GETCONSTITUENTDISPLAYNAME(GETCUSTOMFIELD(DISTRO_LINE_DISTRO_LINE_ID, \'distributionline\', \'reference\')), GETCUSTOMFIELD(DISTRO_LINE_DISTRO_LINE_ID, \'distributionline\', \'other_reference\'))','Reference Account Name',0x00,0x00,0x00,0x00,0x00,0x00,0x00,1,'REFERENCE_ACCOUNT_NAME','DISTRO_LINE_DISTRO_LINE_ID'),
 (646,0x00,0x00,'GIFT_IN_KIND_GIFT_IN_KIND_ID','Gift In Kind Reference Number',0x01,0x00,0x00,0x00,0x00,0x00,0x00,2,'GIFT_IN_KIND_GIFT_IN_KIND_ID','GIFT_IN_KIND_GIFT_IN_KIND_ID'),
 (647,0x00,0x00,'GETCONSTITUENTACCOUNTNUMBER(GIFT_IN_KIND_CONSTITUENT_ID)','Account Number',0x01,0x00,0x00,0x00,0x00,0x00,0x00,2,'GIFT_IN_KIND_CONSTITUENT_ID','GIFT_IN_KIND_GIFT_IN_KIND_ID'),
 (648,0x00,0x00,'GIFT_IN_KIND_FAIR_MARKET_VALUE','Fair Market Value',0x01,0x00,0x00,0x00,0x00,0x00,0x00,5,'GIFT_IN_KIND_FAIR_MARKET_VALUE','GIFT_IN_KIND_GIFT_IN_KIND_ID'),
 (649,0x00,0x00,'GIFT_IN_KIND_CURRENCY_CODE','Currency Code',0x01,0x00,0x00,0x00,0x00,0x00,0x00,1,'GIFT_IN_KIND_CURRENCY_CODE','GIFT_IN_KIND_GIFT_IN_KIND_ID'),
 (650,0x00,0x00,'GIFT_IN_KIND_DONATION_DATE','Donation Date',0x01,0x00,0x00,0x00,0x00,0x00,0x00,4,'GIFT_IN_KIND_DONATION_DATE','GIFT_IN_KIND_GIFT_IN_KIND_ID'),
 (651,0x00,0x00,'GIFT_IN_KIND_MOTIVATION_CODE','Motivation Code',0x00,0x00,0x00,0x00,0x00,0x00,0x00,1,'GIFT_IN_KIND_MOTIVATION_CODE','GIFT_IN_KIND_GIFT_IN_KIND_ID'),
 (652,0x00,0x00,'GETPICKLISTDISPLAYVALUE(\'motivationCode\', GIFT_IN_KIND_MOTIVATION_CODE)','Motivation Code Description',0x00,0x00,0x00,0x00,0x00,0x00,0x00,1,'GIFT_IN_KIND_MOTIVATION_CODE','GIFT_IN_KIND_GIFT_IN_KIND_ID'),
 (653,0x00,0x00,'GIFT_IN_KIND_TRANSACTION_DATE','Transaction Date',0x00,0x00,0x00,0x00,0x00,0x00,0x00,4,'GIFT_IN_KIND_TRANSACTION_DATE','GIFT_IN_KIND_GIFT_IN_KIND_ID'),
 (654,0x00,0x00,'GIFT_IN_KIND_GIFT_ID','Gift Reference Number',0x00,0x00,0x00,0x00,0x00,0x00,0x00,2,'GIFT_IN_KIND_GIFT_ID','GIFT_IN_KIND_GIFT_IN_KIND_ID'),
 (655,0x00,0x00,'GIFT_IN_KIND_CREATE_DATE','Create Date',0x00,0x00,0x00,0x00,0x00,0x00,0x00,4,'GIFT_IN_KIND_CREATE_DATE','GIFT_IN_KIND_GIFT_IN_KIND_ID'),
 (656,0x00,0x00,'GIFT_IN_KIND_UPDATE_DATE','Update Date',0x00,0x00,0x00,0x00,0x00,0x00,0x00,4,'GIFT_IN_KIND_UPDATE_DATE','GIFT_IN_KIND_GIFT_IN_KIND_ID'),
 (657,0x00,0x00,'GIFT_IN_KIND_ANONYMOUS','Anonymous',0x00,0x00,0x00,0x00,0x00,0x00,0x00,1,'GIFT_IN_KIND_ANONYMOUS','GIFT_IN_KIND_GIFT_IN_KIND_ID'),
 (658,0x00,0x00,'GIFT_IN_KIND_RECOGNITION_NAME','Recognition Name',0x00,0x00,0x00,0x00,0x00,0x00,0x00,1,'GIFT_IN_KIND_RECOGNITION_NAME','GIFT_IN_KIND_GIFT_IN_KIND_ID'),
 (659,0x00,0x00,'GIFT_IN_KIND_GIFT_IN_KIND_ID','Gift In Kind Reference Number',0x01,0x00,0x00,0x00,0x00,0x00,0x00,2,'GIFT_IN_KIND_GIFT_IN_KIND_ID','GIFT_IN_KIND_GIFT_IN_KIND_ID'),
 (660,0x00,0x00,'GETCONSTITUENTACCOUNTNUMBER(GIFT_IN_KIND_CONSTITUENT_ID)','Account Number',0x01,0x00,0x00,0x00,0x00,0x00,0x00,2,'GIFT_IN_KIND_CONSTITUENT_ID','GIFT_IN_KIND_GIFT_IN_KIND_ID'),
 (661,0x00,0x00,'GIFT_IN_KIND_FAIR_MARKET_VALUE','Fair Market Value',0x01,0x00,0x00,0x00,0x00,0x00,0x00,5,'GIFT_IN_KIND_FAIR_MARKET_VALUE','GIFT_IN_KIND_GIFT_IN_KIND_ID'),
 (662,0x00,0x00,'GIFT_IN_KIND_CURRENCY_CODE','Currency Code',0x01,0x00,0x00,0x00,0x00,0x00,0x00,1,'GIFT_IN_KIND_CURRENCY_CODE','GIFT_IN_KIND_GIFT_IN_KIND_ID'),
 (663,0x00,0x00,'GIFT_IN_KIND_DONATION_DATE','Donation Date',0x01,0x00,0x00,0x00,0x00,0x00,0x00,4,'GIFT_IN_KIND_DONATION_DATE','GIFT_IN_KIND_GIFT_IN_KIND_ID'),
 (664,0x00,0x00,'GIFT_IN_KIND_MOTIVATION_CODE','Motivation Code',0x00,0x00,0x00,0x00,0x00,0x00,0x00,1,'GIFT_IN_KIND_MOTIVATION_CODE','GIFT_IN_KIND_GIFT_IN_KIND_ID'),
 (665,0x00,0x00,'GETPICKLISTDISPLAYVALUE(\'motivationCode\', GIFT_IN_KIND_MOTIVATION_CODE)','Motivation Code Description',0x00,0x00,0x00,0x00,0x00,0x00,0x00,1,'GIFT_IN_KIND_MOTIVATION_CODE','GIFT_IN_KIND_GIFT_IN_KIND_ID'),
 (666,0x00,0x00,'GIFT_IN_KIND_TRANSACTION_DATE','Transaction Date',0x00,0x00,0x00,0x00,0x00,0x00,0x00,4,'GIFT_IN_KIND_TRANSACTION_DATE','GIFT_IN_KIND_GIFT_IN_KIND_ID'),
 (667,0x00,0x00,'GIFT_IN_KIND_GIFT_ID','Gift Reference Number',0x00,0x00,0x00,0x00,0x00,0x00,0x00,2,'GIFT_IN_KIND_GIFT_ID','GIFT_IN_KIND_GIFT_IN_KIND_ID'),
 (668,0x00,0x00,'GIFT_IN_KIND_CREATE_DATE','Create Date',0x00,0x00,0x00,0x00,0x00,0x00,0x00,4,'GIFT_IN_KIND_CREATE_DATE','GIFT_IN_KIND_GIFT_IN_KIND_ID'),
 (669,0x00,0x00,'GIFT_IN_KIND_UPDATE_DATE','Update Date',0x00,0x00,0x00,0x00,0x00,0x00,0x00,4,'GIFT_IN_KIND_UPDATE_DATE','GIFT_IN_KIND_GIFT_IN_KIND_ID'),
 (670,0x00,0x00,'GIFT_IN_KIND_ANONYMOUS','Anonymous',0x00,0x00,0x00,0x00,0x00,0x00,0x00,1,'GIFT_IN_KIND_ANONYMOUS','GIFT_IN_KIND_GIFT_IN_KIND_ID'),
 (671,0x00,0x00,'GIFT_IN_KIND_RECOGNITION_NAME','Recognition Name',0x00,0x00,0x00,0x00,0x00,0x00,0x00,1,'GIFT_IN_KIND_RECOGNITION_NAME','GIFT_IN_KIND_GIFT_IN_KIND_ID'),
 (672,0x00,0x00,'GIFT_IN_KIND_DETAIL_GIK_DETAIL_ID','Gift In Kind Detail Reference Number',0x01,0x00,0x00,0x00,0x00,0x00,0x00,2,'GIFT_IN_KIND_DETAIL_GIK_DETAIL_ID','GIFT_IN_KIND_DETAIL_GIK_DETAIL_ID'),
 (673,0x00,0x00,'GIFT_IN_KIND_DETAIL_FAIR_MARKET_VALUE','Fair Market Value',0x01,0x00,0x00,0x00,0x00,0x00,0x00,5,'GIFT_IN_KIND_DETAIL_FAIR_MARKET_VALUE','GIFT_IN_KIND_DETAIL_GIK_DETAIL_ID'),
 (674,0x00,0x00,'GIFT_IN_KIND_DETAIL_DESCRIPTION','Description',0x01,0x00,0x00,0x00,0x00,0x00,0x00,1,'GIFT_IN_KIND_DETAIL_DESCRIPTION','GIFT_IN_KIND_DETAIL_GIK_DETAIL_ID'),
 (675,0x00,0x00,'GIFT_IN_KIND_DETAIL_PROJECT_CODE','Designation',0x01,0x00,0x00,0x00,0x00,0x00,0x00,1,'GIFT_IN_KIND_DETAIL_PROJECT_CODE','GIFT_IN_KIND_DETAIL_GIK_DETAIL_ID'),
 (676,0x00,0x00,'GETPICKLISTDISPLAYVALUE(\'projectCode\', GIFT_IN_KIND_DETAIL_PROJECT_CODE)','Designation Description',0x00,0x00,0x00,0x00,0x00,0x00,0x00,1,'GIFT_IN_KIND_DETAIL_PROJECT_CODE','GIFT_IN_KIND_DETAIL_GIK_DETAIL_ID'),
 (677,0x00,0x00,'GETCUSTOMFIELD(GETPICKLISTITEMIDBYDEFAULTDISPLAYVALUE(\'projectCode\', GIFT_IN_KIND_DETAIL_PROJECT_CODE), \'picklistItem\', \'01-GLPART1\')','Designation GL Part 1',0x00,0x00,0x00,0x00,0x00,0x00,0x00,1,'GIFT_IN_KIND_DETAIL_PROJECT_CODE_GLPART1','GIFT_IN_KIND_DETAIL_GIK_DETAIL_ID'),
 (678,0x00,0x00,'GETCUSTOMFIELD(GETPICKLISTITEMIDBYDEFAULTDISPLAYVALUE(\'projectCode\', GIFT_IN_KIND_DETAIL_PROJECT_CODE), \'picklistItem\', \'02-GLPART2\')','Designation GL Part 2',0x00,0x00,0x00,0x00,0x00,0x00,0x00,1,'GIFT_IN_KIND_DETAIL_PROJECT_CODE_GLPART2','GIFT_IN_KIND_DETAIL_GIK_DETAIL_ID'),
 (679,0x00,0x00,'GETCUSTOMFIELD(GETPICKLISTITEMIDBYDEFAULTDISPLAYVALUE(\'projectCode\', GIFT_IN_KIND_DETAIL_PROJECT_CODE), \'picklistItem\', \'03-GLPART3\')','Designation GL Part 3',0x00,0x00,0x00,0x00,0x00,0x00,0x00,1,'GIFT_IN_KIND_DETAIL_PROJECT_CODE_GLPART3','GIFT_IN_KIND_DETAIL_GIK_DETAIL_ID'),
 (680,0x00,0x00,'GETCUSTOMFIELD(GETPICKLISTITEMIDBYDEFAULTDISPLAYVALUE(\'projectCode\', GIFT_IN_KIND_DETAIL_PROJECT_CODE), \'picklistItem\', \'04-GLPART4\')','Designation GL Part 4',0x00,0x00,0x00,0x00,0x00,0x00,0x00,1,'GIFT_IN_KIND_DETAIL_PROJECT_CODE_GLPART4','GIFT_IN_KIND_DETAIL_GIK_DETAIL_ID'),
 (681,0x00,0x00,'GETCUSTOMFIELD(GETPICKLISTITEMIDBYDEFAULTDISPLAYVALUE(\'projectCode\', GIFT_IN_KIND_DETAIL_PROJECT_CODE), \'picklistItem\', \'GLAccountCode\')','Designation GL Account Code',0x00,0x00,0x00,0x00,0x00,0x00,0x00,1,'GIFT_IN_KIND_DETAIL_PROJECT_CODE_GLACCOUNTCODE','GIFT_IN_KIND_DETAIL_GIK_DETAIL_ID'),
 (682,0x00,0x00,'GETCUSTOMFIELD(GETPICKLISTITEMIDBYDEFAULTDISPLAYVALUE(\'projectCode\', GIFT_IN_KIND_DETAIL_PROJECT_CODE), \'picklistItem\', \'AccountString1\')','Designation GL Account String 1',0x00,0x00,0x00,0x00,0x00,0x00,0x00,1,'GIFT_IN_KIND_DETAIL_PROJECT_CODE_GLACCOUNTSTRING1','GIFT_IN_KIND_DETAIL_GIK_DETAIL_ID'),
 (683,0x00,0x00,'GETCUSTOMFIELD(GETPICKLISTITEMIDBYDEFAULTDISPLAYVALUE(\'projectCode\', GIFT_IN_KIND_DETAIL_PROJECT_CODE), \'picklistItem\', \'AccountString2\')','Designation GL Account String 2',0x00,0x00,0x00,0x00,0x00,0x00,0x00,1,'GIFT_IN_KIND_DETAIL_PROJECT_CODE_GLACCOUNTSTRING2','GIFT_IN_KIND_DETAIL_GIK_DETAIL_ID'),
 (684,0x00,0x00,'GIFT_IN_KIND_DETAIL_TAX_DEDUCTIBLE','Tax Deductible',0x00,0x00,0x00,0x00,0x00,0x00,0x00,1,'GIFT_IN_KIND_DETAIL_TAX_DEDUCTIBLE','GIFT_IN_KIND_DETAIL_GIK_DETAIL_ID'),
 (685,0x00,0x00,'GIFT_IN_KIND_DETAIL_FMV_METHOD','Fair Market Value Method',0x00,0x00,0x00,0x00,0x00,0x00,0x00,1,'GIFT_IN_KIND_DETAIL_FMV_METHOD','GIFT_IN_KIND_DETAIL_GIK_DETAIL_ID'),
 (686,0x00,0x00,'GETPICKLISTDISPLAYVALUE(\'gikCategory\', GIFT_IN_KIND_DETAIL_CATEGORY)','Category',0x00,0x00,0x00,0x00,0x00,0x00,0x00,1,'GIFT_IN_KIND_DETAIL_CATEGORY','GIFT_IN_KIND_DETAIL_GIK_DETAIL_ID'),
 (687,0x00,0x00,'GIFT_IN_KIND_DETAIL_QUANTITY','Quantity',0x00,0x00,0x00,0x00,0x00,0x00,0x00,2,'GIFT_IN_KIND_DETAIL_QUANTITY','GIFT_IN_KIND_DETAIL_GIK_DETAIL_ID'),
 (688,0x00,0x00,'PAYMENT_HISTORY_PAYMENT_HISTORY_ID','Payment History ID',0x01,0x00,0x00,0x00,0x00,0x00,0x00,2,'PAYMENT_HISTORY_PAYMENT_HISTORY_ID','PAYMENT_HISTORY_PAYMENT_HISTORY_ID'),
 (689,0x00,0x00,'GETCONSTITUENTACCOUNTNUMBER(PAYMENT_HISTORY_CONSTITUENT_ID)','Account Number',0x01,0x00,0x00,0x00,0x00,0x00,0x00,2,'PAYMENT_HISTORY_ACCOUNT_NUMBER','PAYMENT_HISTORY_PAYMENT_HISTORY_ID'),
 (690,0x00,0x00,'GETCONSTITUENTDISPLAYNAME(PAYMENT_HISTORY_CONSTITUENT_ID)','Account Name',0x01,0x00,0x00,0x00,0x00,0x00,0x00,1,'ACCOUNT_NAME','PAYMENT_HISTORY_PAYMENT_HISTORY_ID'),
 (691,0x00,0x00,'PAYMENT_HISTORY_PAYMENT_HISTORY_TYPE','Payment History Type',0x01,0x00,0x00,0x00,0x00,0x00,0x00,1,'PAYMENT_HISTORY_PAYMENT_HISTORY_TYPE','PAYMENT_HISTORY_PAYMENT_HISTORY_ID'),
 (692,0x00,0x00,'PAYMENT_HISTORY_GIFT_ID','Gift ID',0x00,0x00,0x00,0x00,0x00,0x00,0x00,2,'PAYMENT_HISTORY_GIFT_ID','PAYMENT_HISTORY_PAYMENT_HISTORY_ID');
INSERT INTO `REPORTFIELD` (`REPORTFIELD_ID`,`AVERAGE`,`CAN_BE_SUMMARIZED`,`COLUMN_NAME`,`DISPLAY_NAME`,`IS_DEFAULT`,`IS_SUMMARIZED`,`LARGEST_VALUE`,`PERFORMSUMMARY`,`RECORD_COUNT`,`IS_SELECTED`,`SMALLEST_VALUE`,`FIELD_TYPE`,`ALIAS_NAME`,`PRIMARY_KEYS`) VALUES 
 (693,0x00,0x00,'PAYMENT_HISTORY_TRANSACTION_DATE','Transaction Date',0x00,0x00,0x00,0x00,0x00,0x00,0x00,4,'PAYMENT_HISTORY_TRANSACTION_DATE','PAYMENT_HISTORY_PAYMENT_HISTORY_ID'),
 (694,0x00,0x00,'PAYMENT_HISTORY_PAYMENT_TYPE','Payment Method',0x01,0x00,0x00,0x00,0x00,0x00,0x00,1,'PAYMENT_HISTORY_PAYMENT_TYPE','PAYMENT_HISTORY_PAYMENT_HISTORY_ID'),
 (695,0x00,0x00,'PAYMENT_HISTORY_AMOUNT','Amount',0x01,0x00,0x00,0x00,0x00,0x00,0x00,5,'PAYMENT_HISTORY_AMOUNT','PAYMENT_HISTORY_PAYMENT_HISTORY_ID'),
 (696,0x00,0x00,'PAYMENT_HISTORY_CURRENCY_CODE','Currency Code',0x00,0x00,0x00,0x00,0x00,0x00,0x00,1,'PAYMENT_HISTORY_CURRENCY_CODE','PAYMENT_HISTORY_PAYMENT_HISTORY_ID'),
 (697,0x00,0x00,'PAYMENT_HISTORY_PAYMENT_DESC','Description',0x00,0x00,0x00,0x00,0x00,0x00,0x00,1,'PAYMENT_HISTORY_PAYMENT_DESC','PAYMENT_HISTORY_PAYMENT_HISTORY_ID'),
 (698,0x00,0x00,'PAYMENT_SOURCE_PAYMENT_SOURCE_ID','Payment Method ID',0x01,0x00,0x00,0x00,0x00,0x00,0x00,2,'PAYMENT_SOURCE_PAYMENT_SOURCE_ID','PAYMENT_SOURCE_PAYMENT_SOURCE_ID'),
 (699,0x00,0x00,'GETCONSTITUENTACCOUNTNUMBER(PAYMENT_SOURCE_CONSTITUENT_ID)','Account Number',0x01,0x00,0x00,0x00,0x00,0x00,0x00,2,'PAYMENT_SOURCE_ACCOUNT_NUMBER','PAYMENT_SOURCE_PAYMENT_SOURCE_ID'),
 (700,0x00,0x00,'GETCONSTITUENTDISPLAYNAME(PAYMENT_SOURCE_CONSTITUENT_ID)','Account Name',0x00,0x00,0x00,0x00,0x00,0x00,0x00,1,'ACCOUNT_NAME','PAYMENT_SOURCE_PAYMENT_SOURCE_ID'),
 (701,0x00,0x00,'PAYMENT_SOURCE_PAYMENT_PROFILE_DESCRIPTION','Payment Profile Description',0x01,0x00,0x00,0x00,0x00,0x00,0x00,1,'PAYMENT_SOURCE_PAYMENT_PROFILE_DESCRIPTION','PAYMENT_SOURCE_PAYMENT_SOURCE_ID'),
 (702,0x00,0x00,'PAYMENT_SOURCE_INACTIVE','Payment Method Inactive',0x00,0x00,0x00,0x00,0x00,0x00,0x00,6,'PAYMENT_SOURCE_INACTIVE','PAYMENT_SOURCE_PAYMENT_SOURCE_ID'),
 (703,0x00,0x00,'PAYMENT_SOURCE_PAYMENT_TYPE','Payment Method',0x01,0x00,0x00,0x00,0x00,0x00,0x00,1,'PAYMENT_SOURCE_PAYMENT_TYPE','PAYMENT_SOURCE_PAYMENT_SOURCE_ID'),
 (704,0x00,0x00,'PAYMENT_SOURCE_CREDIT_CARD_HOLDER_NAME','Credit Card Holder Name',0x00,0x00,0x00,0x00,0x00,0x00,0x00,1,'PAYMENT_SOURCE_CREDIT_CARD_HOLDER_NAME','PAYMENT_SOURCE_PAYMENT_SOURCE_ID'),
 (705,0x00,0x00,'PAYMENT_SOURCE_CREDIT_CARD_TYPE','Credit Card Type',0x00,0x00,0x00,0x00,0x00,0x00,0x00,1,'PAYMENT_SOURCE_CREDIT_CARD_TYPE','PAYMENT_SOURCE_PAYMENT_SOURCE_ID'),
 (706,0x00,0x00,'PAYMENT_SOURCE_CREDIT_CARD_EXPIRATION','Credit Card Expiration',0x00,0x00,0x00,0x00,0x00,0x00,0x00,1,'PAYMENT_SOURCE_CREDIT_CARD_EXPIRATION','PAYMENT_SOURCE_PAYMENT_SOURCE_ID'),
 (707,0x00,0x00,'PAYMENT_SOURCE_CREDIT_CARD_EXPIRATION_DATE','Credit Card Expiration (Date / Time)',0x00,0x00,0x00,0x00,0x00,0x00,0x00,4,'PAYMENT_SOURCE_CREDIT_CARD_EXPIRATION_DATE','PAYMENT_SOURCE_PAYMENT_SOURCE_ID'),
 (708,0x00,0x00,'PAYMENT_SOURCE_ACH_HOLDER_NAME','ACH Holder Name',0x00,0x00,0x00,0x00,0x00,0x00,0x00,1,'PAYMENT_SOURCE_ACH_HOLDER_NAME','PAYMENT_SOURCE_PAYMENT_SOURCE_ID'),
 (709,0x00,0x00,'PAYMENT_SOURCE_ACH_ROUTING_NUMBER','ACH Routing Number',0x00,0x00,0x00,0x00,0x00,0x00,0x00,1,'PAYMENT_SOURCE_ACH_ROUTING_NUMBER','PAYMENT_SOURCE_PAYMENT_SOURCE_ID'),
 (710,0x00,0x00,'PAYMENT_SOURCE_LAST_FOUR_DIGITS','Credit Card / ACH Account Number - Last 4 Digits',0x00,0x00,0x00,0x00,0x00,0x00,0x00,1,'PAYMENT_SOURCE_LAST_FOUR_DIGITS','PAYMENT_SOURCE_PAYMENT_SOURCE_ID'),
 (711,0x00,0x00,'PAYMENT_SOURCE_ADDRESS_ADDRESS_LINE_1','Address Line 1',0x00,0x00,0x00,0x00,0x00,0x00,0x00,1,'PAYMENT_SOURCE_ADDRESS_ADDRESS_LINE_1','PAYMENT_SOURCE_PAYMENT_SOURCE_ID'),
 (712,0x00,0x00,'PAYMENT_SOURCE_ADDRESS_ADDRESS_LINE_2','Address Line 2',0x00,0x00,0x00,0x00,0x00,0x00,0x00,1,'PAYMENT_SOURCE_ADDRESS_ADDRESS_LINE_2','PAYMENT_SOURCE_PAYMENT_SOURCE_ID'),
 (713,0x00,0x00,'PAYMENT_SOURCE_ADDRESS_ADDRESS_LINE_3','Address Line 3',0x00,0x00,0x00,0x00,0x00,0x00,0x00,1,'PAYMENT_SOURCE_ADDRESS_ADDRESS_LINE_3','PAYMENT_SOURCE_PAYMENT_SOURCE_ID'),
 (714,0x00,0x00,'PAYMENT_SOURCE_ADDRESS_CITY','City',0x00,0x00,0x00,0x00,0x00,0x00,0x00,1,'PAYMENT_SOURCE_ADDRESS_CITY','PAYMENT_SOURCE_PAYMENT_SOURCE_ID'),
 (715,0x00,0x00,'PAYMENT_SOURCE_ADDRESS_STATE_PROVINCE','State/Province',0x00,0x00,0x00,0x00,0x00,0x00,0x00,1,'PAYMENT_SOURCE_ADDRESS_STATE_PROVINCE','PAYMENT_SOURCE_PAYMENT_SOURCE_ID'),
 (716,0x00,0x00,'PAYMENT_SOURCE_ADDRESS_POSTAL_CODE','Zip/Postal Code',0x00,0x00,0x00,0x00,0x00,0x00,0x00,1,'PAYMENT_SOURCE_ADDRESS_POSTAL_CODE','PAYMENT_SOURCE_PAYMENT_SOURCE_ID'),
 (717,0x00,0x00,'PAYMENT_SOURCE_ADDRESS_COUNTRY','Country',0x00,0x00,0x00,0x00,0x00,0x00,0x00,1,'PAYMENT_SOURCE_ADDRESS_COUNTRY','PAYMENT_SOURCE_PAYMENT_SOURCE_ID'),
 (718,0x00,0x00,'PAYMENT_SOURCE_ADDRESS_IS_PRIMARY','Primary Address',0x00,0x00,0x00,0x00,0x00,0x00,0x00,6,'PAYMENT_SOURCE_ADDRESS_IS_PRIMARY','PAYMENT_SOURCE_PAYMENT_SOURCE_ID'),
 (719,0x00,0x00,'PAYMENT_SOURCE_ADDRESS_UNDELIVERABLE','Address Undeliverable',0x00,0x00,0x00,0x00,0x00,0x00,0x00,6,'PAYMENT_SOURCE_ADDRESS_UNDELIVERABLE','PAYMENT_SOURCE_PAYMENT_SOURCE_ID'),
 (720,0x00,0x00,'PAYMENT_SOURCE_ADDRESS_INACTIVE','Address Inactive',0x00,0x00,0x00,0x00,0x00,0x00,0x00,6,'PAYMENT_SOURCE_ADDRESS_INACTIVE','PAYMENT_SOURCE_PAYMENT_SOURCE_ID'),
 (721,0x00,0x00,'PAYMENT_SOURCE_PHONE_NUMBER','Phone Number',0x00,0x00,0x00,0x00,0x00,0x00,0x00,1,'PAYMENT_SOURCE_PHONE_NUMBER','PAYMENT_SOURCE_PAYMENT_SOURCE_ID'),
 (722,0x00,0x00,'PAYMENT_SOURCE_PHONE_IS_PRIMARY','Primary Phone',0x00,0x00,0x00,0x00,0x00,0x00,0x00,6,'PAYMENT_SOURCE_PHONE_IS_PRIMARY','PAYMENT_SOURCE_PAYMENT_SOURCE_ID'),
 (723,0x00,0x00,'PAYMENT_SOURCE_PHONE_UNDELIVERABLE','Phone Undeliverable',0x00,0x00,0x00,0x00,0x00,0x00,0x00,6,'PAYMENT_SOURCE_PHONE_UNDELIVERABLE','PAYMENT_SOURCE_PAYMENT_SOURCE_ID'),
 (724,0x00,0x00,'PAYMENT_SOURCE_PHONE_INACTIVE','Phone Inactive',0x00,0x00,0x00,0x00,0x00,0x00,0x00,6,'PAYMENT_SOURCE_PHONE_INACTIVE','PAYMENT_SOURCE_PAYMENT_SOURCE_ID'),
 (725,0x00,0x00,'COMMITMENT_COMMITMENT_ID','Pledge ID',0x01,0x00,0x00,0x00,0x00,0x00,0x00,2,'COMMITMENT_COMMITMENT_ID','COMMITMENT_COMMITMENT_ID'),
 (726,0x00,0x00,'GETCONSTITUENTACCOUNTNUMBER(COMMITMENT_CONSTITUENT_ID)','Account Number',0x01,0x00,0x00,0x00,0x00,0x00,0x00,2,'COMMITMENT_ACCOUNT_NUMBER','COMMITMENT_COMMITMENT_ID'),
 (727,0x00,0x00,'GETCONSTITUENTDISPLAYNAME(COMMITMENT_CONSTITUENT_ID)','Account Name',0x00,0x00,0x00,0x00,0x00,0x00,0x00,1,'ACCOUNT_NAME','COMMITMENT_COMMITMENT_ID'),
 (728,0x00,0x00,'COMMITMENT_AMOUNT_PER_GIFT','Amount Per Gift',0x00,0x00,0x00,0x00,0x00,0x00,0x00,5,'COMMITMENT_AMOUNT_PER_GIFT','COMMITMENT_COMMITMENT_ID'),
 (729,0x00,0x00,'COMMITMENT_AMOUNT_TOTAL','Amount Total',0x00,0x00,0x00,0x00,0x00,0x00,0x00,5,'COMMITMENT_AMOUNT_TOTAL','COMMITMENT_COMMITMENT_ID'),
 (730,0x00,0x00,'COMMITMENT_CURRENCY_CODE','Currency Code',0x00,0x00,0x00,0x00,0x00,0x00,0x00,1,'COMMITMENT_CURRENCY_CODE','COMMITMENT_COMMITMENT_ID'),
 (731,0x00,0x00,'COMMITMENT_STATUS','Status',0x00,0x00,0x00,0x00,0x00,0x00,0x00,1,'COMMITMENT_STATUS','COMMITMENT_COMMITMENT_ID'),
 (732,0x00,0x00,'COMMITMENT_FREQUENCY','Frequency',0x00,0x00,0x00,0x00,0x00,0x00,0x00,1,'COMMITMENT_FREQUENCY','COMMITMENT_COMMITMENT_ID'),
 (733,0x00,0x00,'COMMITMENT_PLEDGE_DATE','Pledge Date',0x00,0x00,0x00,0x00,0x00,0x00,0x00,4,'COMMITMENT_PLEDGE_DATE','COMMITMENT_COMMITMENT_ID'),
 (734,0x00,0x00,'COMMITMENT_PROJECTED_DATE','Projected Date',0x00,0x00,0x00,0x00,0x00,0x00,0x00,4,'COMMITMENT_PROJECTED_DATE','COMMITMENT_COMMITMENT_ID'),
 (735,0x00,0x00,'COMMITMENT_START_DATE','Start Date',0x00,0x00,0x00,0x00,0x00,0x00,0x00,4,'COMMITMENT_START_DATE','COMMITMENT_COMMITMENT_ID'),
 (736,0x00,0x00,'COMMITMENT_END_DATE','End Date',0x00,0x00,0x00,0x00,0x00,0x00,0x00,4,'COMMITMENT_END_DATE','COMMITMENT_COMMITMENT_ID'),
 (737,0x00,0x00,'COMMITMENT_COMMENTS','Comments',0x00,0x00,0x00,0x00,0x00,0x00,0x00,1,'COMMITMENT_COMMENTS','COMMITMENT_COMMITMENT_ID'),
 (738,0x00,0x00,'COMMITMENT_ACKNOWLEDGEMENT_EMAIL_EMAIL_ADDRESS','Receipt Email',0x00,0x00,0x00,0x00,0x00,0x00,0x00,1,'COMMITMENT_ACKNOWLEDGEMENT_EMAIL_EMAIL_ADDRESS','COMMITMENT_COMMITMENT_ID'),
 (739,0x00,0x00,'COMMITMENT_SEND_ACKNOWLEDGMENT','Send Acknowledgment',0x00,0x00,0x00,0x00,0x00,0x00,0x00,6,'COMMITMENT_SEND_ACKNOWLEDGMENT','COMMITMENT_COMMITMENT_ID'),
 (740,0x00,0x00,'COMMITMENT_ACKNOWLEDGMENT_DATE','Acknowledgment Date',0x00,0x00,0x00,0x00,0x00,0x00,0x00,4,'COMMITMENT_ACKNOWLEDGMENT_DATE','COMMITMENT_COMMITMENT_ID'),
 (741,0x00,0x00,'COMMITMENT_ACKNOWLEDGEMENT_EMAIL_EMAIL_ADDRESS','Receipt Email',0x00,0x00,0x00,0x00,0x00,0x00,0x00,1,'COMMITMENT_ACKNOWLEDGEMENT_EMAIL_EMAIL_ADDRESS','COMMITMENT_COMMITMENT_ID'),
 (742,0x00,0x00,'COMMITMENT_SEND_ACKNOWLEDGMENT','Send Acknowledgment',0x00,0x00,0x00,0x00,0x00,0x00,0x00,6,'COMMITMENT_SEND_ACKNOWLEDGMENT','COMMITMENT_COMMITMENT_ID'),
 (743,0x00,0x00,'COMMITMENT_ACKNOWLEDGMENT_DATE','Acknowledgment Date',0x00,0x00,0x00,0x00,0x00,0x00,0x00,4,'COMMITMENT_ACKNOWLEDGMENT_DATE','COMMITMENT_COMMITMENT_ID'),
 (744,0x00,0x00,'COMMITMENT_COMMITMENT_ID','Pledge ID',0x01,0x00,0x00,0x00,0x00,0x00,0x00,2,'COMMITMENT_COMMITMENT_ID','COMMITMENT_COMMITMENT_ID'),
 (745,0x00,0x00,'GETCONSTITUENTACCOUNTNUMBER(COMMITMENT_CONSTITUENT_ID)','Account Number',0x01,0x00,0x00,0x00,0x00,0x00,0x00,2,'COMMITMENT_ACCOUNT_NUMBER','COMMITMENT_COMMITMENT_ID'),
 (746,0x00,0x00,'COMMITMENT_AMOUNT_PER_GIFT','Amount Per Gift',0x00,0x00,0x00,0x00,0x00,0x00,0x00,5,'COMMITMENT_AMOUNT_PER_GIFT','COMMITMENT_COMMITMENT_ID'),
 (747,0x00,0x00,'COMMITMENT_AMOUNT_TOTAL','Amount Total',0x00,0x00,0x00,0x00,0x00,0x00,0x00,5,'COMMITMENT_AMOUNT_TOTAL','COMMITMENT_COMMITMENT_ID'),
 (748,0x00,0x00,'COMMITMENT_CURRENCY_CODE','Currency Code',0x00,0x00,0x00,0x00,0x00,0x00,0x00,1,'COMMITMENT_CURRENCY_CODE','COMMITMENT_COMMITMENT_ID'),
 (749,0x00,0x00,'COMMITMENT_STATUS','Status',0x00,0x00,0x00,0x00,0x00,0x00,0x00,1,'COMMITMENT_STATUS','COMMITMENT_COMMITMENT_ID'),
 (750,0x00,0x00,'COMMITMENT_FREQUENCY','Frequency',0x00,0x00,0x00,0x00,0x00,0x00,0x00,1,'COMMITMENT_FREQUENCY','COMMITMENT_COMMITMENT_ID'),
 (751,0x00,0x00,'COMMITMENT_PLEDGE_DATE','Pledge Date',0x00,0x00,0x00,0x00,0x00,0x00,0x00,4,'COMMITMENT_PLEDGE_DATE','COMMITMENT_COMMITMENT_ID'),
 (752,0x00,0x00,'COMMITMENT_PROJECTED_DATE','Projected Date',0x00,0x00,0x00,0x00,0x00,0x00,0x00,4,'COMMITMENT_PROJECTED_DATE','COMMITMENT_COMMITMENT_ID'),
 (753,0x00,0x00,'COMMITMENT_START_DATE','Start Date',0x00,0x00,0x00,0x00,0x00,0x00,0x00,4,'COMMITMENT_START_DATE','COMMITMENT_COMMITMENT_ID'),
 (754,0x00,0x00,'COMMITMENT_END_DATE','End Date',0x00,0x00,0x00,0x00,0x00,0x00,0x00,4,'COMMITMENT_END_DATE','COMMITMENT_COMMITMENT_ID'),
 (755,0x00,0x00,'COMMITMENT_COMMENTS','Comments',0x00,0x00,0x00,0x00,0x00,0x00,0x00,1,'COMMITMENT_COMMENTS','COMMITMENT_COMMITMENT_ID'),
 (756,0x00,0x00,'COMMITMENT_ACKNOWLEDGEMENT_EMAIL_EMAIL_ADDRESS','Receipt Email',0x00,0x00,0x00,0x00,0x00,0x00,0x00,1,'COMMITMENT_ACKNOWLEDGEMENT_EMAIL_EMAIL_ADDRESS','COMMITMENT_COMMITMENT_ID'),
 (757,0x00,0x00,'COMMITMENT_SEND_ACKNOWLEDGMENT','Send Acknowledgment',0x00,0x00,0x00,0x00,0x00,0x00,0x00,6,'COMMITMENT_SEND_ACKNOWLEDGMENT','COMMITMENT_COMMITMENT_ID'),
 (758,0x00,0x00,'COMMITMENT_ACKNOWLEDGMENT_DATE','Acknowledgment Date',0x00,0x00,0x00,0x00,0x00,0x00,0x00,4,'COMMITMENT_ACKNOWLEDGMENT_DATE','COMMITMENT_COMMITMENT_ID'),
 (759,0x00,0x00,'COMMITMENT_ACKNOWLEDGEMENT_EMAIL_EMAIL_ADDRESS','Receipt Email',0x00,0x00,0x00,0x00,0x00,0x00,0x00,1,'COMMITMENT_ACKNOWLEDGEMENT_EMAIL_EMAIL_ADDRESS','COMMITMENT_COMMITMENT_ID'),
 (760,0x00,0x00,'COMMITMENT_SEND_ACKNOWLEDGMENT','Send Acknowledgment',0x00,0x00,0x00,0x00,0x00,0x00,0x00,6,'COMMITMENT_SEND_ACKNOWLEDGMENT','COMMITMENT_COMMITMENT_ID'),
 (761,0x00,0x00,'COMMITMENT_ACKNOWLEDGMENT_DATE','Acknowledgment Date',0x00,0x00,0x00,0x00,0x00,0x00,0x00,4,'COMMITMENT_ACKNOWLEDGMENT_DATE','COMMITMENT_COMMITMENT_ID'),
 (762,0x00,0x00,'DISTRO_LINE_DISTRO_LINE_ID','Pledge Distribution Reference Number',0x01,0x00,0x00,0x00,0x00,0x00,0x00,2,'DISTRO_LINE_DISTRO_LINE_ID','DISTRO_LINE_DISTRO_LINE_ID'),
 (763,0x00,0x00,'DISTRO_LINE_AMOUNT','Pledge Distribution Amount',0x01,0x00,0x00,0x00,0x00,0x00,0x00,5,'DISTRO_LINE_AMOUNT','DISTRO_LINE_DISTRO_LINE_ID'),
 (764,0x00,0x00,'DISTRO_LINE_PERCENTAGE','Percentage',0x00,0x00,0x00,0x00,0x00,0x00,0x00,3,'DISTRO_LINE_PERCENTAGE','DISTRO_LINE_DISTRO_LINE_ID'),
 (765,0x00,0x00,'DISTRO_LINE_PROJECT_CODE','Designation',0x00,0x00,0x00,0x00,0x00,0x00,0x00,1,'DISTRO_LINE_PROJECT_CODE','DISTRO_LINE_DISTRO_LINE_ID'),
 (766,0x00,0x00,'GETPICKLISTDISPLAYVALUE(\'projectCode\', DISTRO_LINE_PROJECT_CODE)','Designation Description',0x00,0x00,0x00,0x00,0x00,0x00,0x00,1,'DISTRO_LINE_PROJECT_CODE_DESCRIPTION','DISTRO_LINE_DISTRO_LINE_ID'),
 (767,0x00,0x00,'GETCUSTOMFIELD(GETPICKLISTITEMIDBYDEFAULTDISPLAYVALUE(\'projectCode\', DISTRO_LINE_PROJECT_CODE), \'picklistItem\', \'01-GLPART1\')','Designation GL Part 1',0x00,0x00,0x00,0x00,0x00,0x00,0x00,1,'DISTRO_LINE_PROJECT_CODE_GLPART1','DISTRO_LINE_DISTRO_LINE_ID'),
 (768,0x00,0x00,'GETCUSTOMFIELD(GETPICKLISTITEMIDBYDEFAULTDISPLAYVALUE(\'projectCode\', DISTRO_LINE_PROJECT_CODE), \'picklistItem\', \'02-GLPART2\')','Designation GL Part 2',0x00,0x00,0x00,0x00,0x00,0x00,0x00,1,'DISTRO_LINE_PROJECT_CODE_GLPART2','DISTRO_LINE_DISTRO_LINE_ID'),
 (769,0x00,0x00,'GETCUSTOMFIELD(GETPICKLISTITEMIDBYDEFAULTDISPLAYVALUE(\'projectCode\', DISTRO_LINE_PROJECT_CODE), \'picklistItem\', \'03-GLPART3\')','Designation GL Part 3',0x00,0x00,0x00,0x00,0x00,0x00,0x00,1,'DISTRO_LINE_PROJECT_CODE_GLPART3','DISTRO_LINE_DISTRO_LINE_ID'),
 (770,0x00,0x00,'GETCUSTOMFIELD(GETPICKLISTITEMIDBYDEFAULTDISPLAYVALUE(\'projectCode\', DISTRO_LINE_PROJECT_CODE), \'picklistItem\', \'04-GLPART4\')','Designation GL Part 4',0x00,0x00,0x00,0x00,0x00,0x00,0x00,1,'DISTRO_LINE_PROJECT_CODE_GLPART4','DISTRO_LINE_DISTRO_LINE_ID'),
 (771,0x00,0x00,'GETCUSTOMFIELD(GETPICKLISTITEMIDBYDEFAULTDISPLAYVALUE(\'projectCode\', DISTRO_LINE_PROJECT_CODE), \'picklistItem\', \'GLAccountCode\')','Designation GL Account Code',0x00,0x00,0x00,0x00,0x00,0x00,0x00,1,'DISTRO_LINE_PROJECT_CODE_GLACCOUNTCODE','DISTRO_LINE_DISTRO_LINE_ID'),
 (772,0x00,0x00,'GETCUSTOMFIELD(GETPICKLISTITEMIDBYDEFAULTDISPLAYVALUE(\'projectCode\', DISTRO_LINE_PROJECT_CODE), \'picklistItem\', \'AccountString1\')','Designation GL Account String 1',0x00,0x00,0x00,0x00,0x00,0x00,0x00,1,'DISTRO_LINE_PROJECT_CODE_GLACCOUNTSTRING1','DISTRO_LINE_DISTRO_LINE_ID'),
 (773,0x00,0x00,'GETCUSTOMFIELD(GETPICKLISTITEMIDBYDEFAULTDISPLAYVALUE(\'projectCode\', DISTRO_LINE_PROJECT_CODE), \'picklistItem\', \'AccountString2\')','Designation GL Account String 2',0x00,0x00,0x00,0x00,0x00,0x00,0x00,1,'DISTRO_LINE_PROJECT_CODE_GLACCOUNTSTRING2','DISTRO_LINE_DISTRO_LINE_ID'),
 (774,0x00,0x00,'DISTRO_LINE_MOTIVATION_CODE','Motivation',0x00,0x00,0x00,0x00,0x00,0x00,0x00,1,'DISTRO_LINE_MOTIVATION_CODE','DISTRO_LINE_DISTRO_LINE_ID'),
 (775,0x00,0x00,'GETPICKLISTDISPLAYVALUE(\'motivationCode\', DISTRO_LINE_MOTIVATION_CODE)','Motivation Description',0x00,0x00,0x00,0x00,0x00,0x00,0x00,1,'DISTRO_LINE_MOTIVATION_CODE_DESCRIPTION','DISTRO_LINE_DISTRO_LINE_ID'),
 (776,0x00,0x00,'COMMITMENT_COMMITMENT_ID','Recurring Gift ID',0x01,0x00,0x00,0x00,0x00,0x00,0x00,2,'COMMITMENT_COMMITMENT_ID','COMMITMENT_COMMITMENT_ID'),
 (777,0x00,0x00,'GETCONSTITUENTACCOUNTNUMBER(COMMITMENT_CONSTITUENT_ID)','Account Number',0x01,0x00,0x00,0x00,0x00,0x00,0x00,2,'COMMITMENT_ACCOUNT_NUMBER','COMMITMENT_COMMITMENT_ID'),
 (778,0x00,0x00,'GETCONSTITUENTDISPLAYNAME(COMMITMENT_CONSTITUENT_ID)','Account Name',0x00,0x00,0x00,0x00,0x00,0x00,0x00,1,'ACCOUNT_NAME','COMMITMENT_COMMITMENT_ID'),
 (779,0x00,0x00,'COMMITMENT_AUTO_PAY','Auto Pay',0x00,0x00,0x00,0x00,0x00,0x00,0x00,6,'COMMITMENT_AUTO_PAY','COMMITMENT_COMMITMENT_ID'),
 (780,0x00,0x00,'COMMITMENT_AMOUNT_PER_GIFT','Amount Per Gift',0x01,0x00,0x00,0x00,0x00,0x00,0x00,5,'COMMITMENT_AMOUNT_PER_GIFT','COMMITMENT_COMMITMENT_ID'),
 (781,0x00,0x00,'COMMITMENT_AMOUNT_TOTAL','Amount Total',0x01,0x00,0x00,0x00,0x00,0x00,0x00,5,'COMMITMENT_AMOUNT_TOTAL','COMMITMENT_COMMITMENT_ID'),
 (782,0x00,0x00,'COMMITMENT_CURRENCY_CODE','Currency Code',0x00,0x00,0x00,0x00,0x00,0x00,0x00,1,'COMMITMENT_CURRENCY_CODE','COMMITMENT_COMMITMENT_ID'),
 (783,0x00,0x00,'COMMITMENT_FREQUENCY','Frequency',0x00,0x00,0x00,0x00,0x00,0x00,0x00,1,'COMMITMENT_FREQUENCY','COMMITMENT_COMMITMENT_ID'),
 (784,0x00,0x00,'COMMITMENT_START_DATE','Start Date',0x00,0x00,0x00,0x00,0x00,0x00,0x00,4,'COMMITMENT_START_DATE','COMMITMENT_COMMITMENT_ID'),
 (785,0x00,0x00,'COMMITMENT_END_DATE','End Date',0x00,0x00,0x00,0x00,0x00,0x00,0x00,4,'COMMITMENT_END_DATE','COMMITMENT_COMMITMENT_ID'),
 (786,0x00,0x00,'COMMITMENT_STATUS','Status',0x00,0x00,0x00,0x00,0x00,0x00,0x00,1,'COMMITMENT_STATUS','COMMITMENT_COMMITMENT_ID'),
 (787,0x00,0x00,'COMMITMENT_COMMENTS','Comments',0x00,0x00,0x00,0x00,0x00,0x00,0x00,1,'COMMITMENT_COMMENTS','COMMITMENT_COMMITMENT_ID'),
 (788,0x00,0x00,'COMMITMENT_LAST_ENTRY_DATE','Last Entry Date',0x00,0x00,0x00,0x00,0x00,0x00,0x00,4,'COMMITMENT_LAST_ENTRY_DATE','COMMITMENT_COMMITMENT_ID'),
 (789,0x00,0x00,'COMMITMENT_CREATE_DATE','Recurring Gift Create Date',0x00,0x00,0x00,0x00,0x00,0x00,0x00,4,'COMMITMENT_CREATE_DATE','COMMITMENT_COMMITMENT_ID'),
 (790,0x00,0x00,'COMMITMENT_UPDATE_DATE','Recurring Gift Update Date',0x00,0x00,0x00,0x00,0x00,0x00,0x00,4,'COMMITMENT_UPDATE_DATE','COMMITMENT_COMMITMENT_ID'),
 (791,0x00,0x00,'COMMITMENT_PAYMENT_SOURCE_PAYMENT_PROFILE_DESCRIPTION','Payment Profile Description',0x00,0x00,0x00,0x00,0x00,0x00,0x00,1,'COMMITMENT_PAYMENT_SOURCE_PAYMENT_PROFILE_DESCRIPTION','COMMITMENT_COMMITMENT_ID'),
 (792,0x00,0x00,'COMMITMENT_PAYMENT_SOURCE_INACTIVE','Payment Method Inactive',0x00,0x00,0x00,0x00,0x00,0x00,0x00,6,'COMMITMENT_PAYMENT_SOURCE_INACTIVE','COMMITMENT_COMMITMENT_ID'),
 (793,0x00,0x00,'COMMITMENT_PAYMENT_TYPE','Payment Method',0x00,0x00,0x00,0x00,0x00,0x00,0x00,1,'COMMITMENT_PAYMENT_TYPE','COMMITMENT_COMMITMENT_ID'),
 (794,0x00,0x00,'COMMITMENT_PAYMENT_SOURCE_CREDIT_CARD_TYPE','Credit Card Type',0x00,0x00,0x00,0x00,0x00,0x00,0x00,1,'COMMITMENT_PAYMENT_SOURCE_CREDIT_CARD_TYPE','COMMITMENT_COMMITMENT_ID'),
 (795,0x00,0x00,'COMMITMENT_PAYMENT_SOURCE_CREDIT_CARD_HOLDER_NAME','Credit Card Holder Name',0x00,0x00,0x00,0x00,0x00,0x00,0x00,1,'COMMITMENT_PAYMENT_SOURCE_CREDIT_CARD_HOLDER_NAME','COMMITMENT_COMMITMENT_ID'),
 (796,0x00,0x00,'COMMITMENT_PAYMENT_SOURCE_CREDIT_CARD_EXPIRATION','Credit Card Expiration',0x00,0x00,0x00,0x00,0x00,0x00,0x00,1,'COMMITMENT_PAYMENT_SOURCE_CREDIT_CARD_EXPIRATION','COMMITMENT_COMMITMENT_ID'),
 (797,0x00,0x00,'COMMITMENT_PAYMENT_SOURCE_CREDIT_CARD_EXPIRATION_DATE','Credit Card Expiration (Date / Time)',0x00,0x00,0x00,0x00,0x00,0x00,0x00,4,'COMMITMENT_PAYMENT_SOURCE_CREDIT_CARD_EXPIRATION_DATE','COMMITMENT_COMMITMENT_ID'),
 (798,0x00,0x00,'COMMITMENT_PAYMENT_SOURCE_ACH_HOLDER_NAME','ACH Holder Name',0x00,0x00,0x00,0x00,0x00,0x00,0x00,1,'COMMITMENT_PAYMENT_SOURCE_ACH_HOLDER_NAME','COMMITMENT_COMMITMENT_ID'),
 (799,0x00,0x00,'COMMITMENT_PAYMENT_SOURCE_ACH_ROUTING_NUMBER','ACH Routing Number',0x00,0x00,0x00,0x00,0x00,0x00,0x00,1,'COMMITMENT_PAYMENT_SOURCE_ACH_ROUTING_NUMBER','COMMITMENT_COMMITMENT_ID'),
 (800,0x00,0x00,'COMMITMENT_PAYMENT_SOURCE_LAST_FOUR_DIGITS','Credit Card / ACH Account Number - Last 4 Digits',0x00,0x00,0x00,0x00,0x00,0x00,0x00,1,'COMMITMENT_PAYMENT_SOURCE_LAST_FOUR_DIGITS','COMMITMENT_COMMITMENT_ID'),
 (801,0x00,0x00,'COMMITMENT_CHECK_NUMBER','Check Number',0x00,0x00,0x00,0x00,0x00,0x00,0x00,2,'COMMITMENT_CHECK_NUMBER','COMMITMENT_COMMITMENT_ID'),
 (802,0x00,0x00,'COMMITMENT_PAYMENT_ADDRESS_ADDRESS_LINE_1','Address Line 1',0x00,0x00,0x00,0x00,0x00,0x00,0x00,1,'COMMITMENT_PAYMENT_ADDRESS_ADDRESS_LINE_1','COMMITMENT_COMMITMENT_ID'),
 (803,0x00,0x00,'COMMITMENT_PAYMENT_ADDRESS_ADDRESS_LINE_2','Address Line 2',0x00,0x00,0x00,0x00,0x00,0x00,0x00,1,'COMMITMENT_PAYMENT_ADDRESS_ADDRESS_LINE_2','COMMITMENT_COMMITMENT_ID'),
 (804,0x00,0x00,'COMMITMENT_PAYMENT_ADDRESS_ADDRESS_LINE_3','Address Line 3',0x00,0x00,0x00,0x00,0x00,0x00,0x00,1,'COMMITMENT_PAYMENT_ADDRESS_ADDRESS_LINE_3','COMMITMENT_COMMITMENT_ID'),
 (805,0x00,0x00,'COMMITMENT_PAYMENT_ADDRESS_CITY','City',0x00,0x00,0x00,0x00,0x00,0x00,0x00,1,'COMMITMENT_PAYMENT_ADDRESS_CITY','COMMITMENT_COMMITMENT_ID'),
 (806,0x00,0x00,'COMMITMENT_PAYMENT_ADDRESS_STATE_PROVINCE','State/Province',0x00,0x00,0x00,0x00,0x00,0x00,0x00,1,'COMMITMENT_PAYMENT_ADDRESS_STATE_PROVINCE','COMMITMENT_COMMITMENT_ID'),
 (807,0x00,0x00,'COMMITMENT_PAYMENT_ADDRESS_POSTAL_CODE','Zip/Postal Code',0x00,0x00,0x00,0x00,0x00,0x00,0x00,1,'COMMITMENT_PAYMENT_ADDRESS_POSTAL_CODE','COMMITMENT_COMMITMENT_ID'),
 (808,0x00,0x00,'COMMITMENT_PAYMENT_ADDRESS_COUNTRY','Country',0x00,0x00,0x00,0x00,0x00,0x00,0x00,1,'COMMITMENT_PAYMENT_ADDRESS_COUNTRY','COMMITMENT_COMMITMENT_ID'),
 (809,0x00,0x00,'COMMITMENT_PAYMENT_ADDRESS_IS_PRIMARY','Primary Address',0x00,0x00,0x00,0x00,0x00,0x00,0x00,6,'COMMITMENT_PAYMENT_ADDRESS_IS_PRIMARY','COMMITMENT_COMMITMENT_ID'),
 (810,0x00,0x00,'COMMITMENT_PAYMENT_ADDRESS_UNDELIVERABLE','Address Undeliverable',0x00,0x00,0x00,0x00,0x00,0x00,0x00,6,'COMMITMENT_PAYMENT_ADDRESS_UNDELIVERABLE','COMMITMENT_COMMITMENT_ID'),
 (811,0x00,0x00,'COMMITMENT_PAYMENT_ADDRESS_INACTIVE','Address Inactive',0x00,0x00,0x00,0x00,0x00,0x00,0x00,6,'COMMITMENT_PAYMENT_ADDRESS_INACTIVE','COMMITMENT_COMMITMENT_ID'),
 (812,0x00,0x00,'COMMITMENT_PAYMENT_PHONE_NUMBER','Phone Number',0x00,0x00,0x00,0x00,0x00,0x00,0x00,1,'COMMITMENT_PAYMENT_PHONE_NUMBER','COMMITMENT_COMMITMENT_ID'),
 (813,0x00,0x00,'COMMITMENT_PAYMENT_PHONE_IS_PRIMARY','Primary Phone',0x00,0x00,0x00,0x00,0x00,0x00,0x00,6,'COMMITMENT_PAYMENT_PHONE_IS_PRIMARY','COMMITMENT_COMMITMENT_ID'),
 (814,0x00,0x00,'COMMITMENT_PAYMENT_PHONE_UNDELIVERABLE','Phone Undeliverable',0x00,0x00,0x00,0x00,0x00,0x00,0x00,6,'COMMITMENT_PAYMENT_PHONE_UNDELIVERABLE','COMMITMENT_COMMITMENT_ID'),
 (815,0x00,0x00,'COMMITMENT_PAYMENT_PHONE_INACTIVE','Phone Inactive',0x00,0x00,0x00,0x00,0x00,0x00,0x00,6,'COMMITMENT_PAYMENT_PHONE_INACTIVE','COMMITMENT_COMMITMENT_ID'),
 (816,0x00,0x00,'COMMITMENT_ACKNOWLEDGEMENT_EMAIL_EMAIL_ADDRESS','Receipt Email',0x00,0x00,0x00,0x00,0x00,0x00,0x00,1,'COMMITMENT_ACKNOWLEDGEMENT_EMAIL_EMAIL_ADDRESS','COMMITMENT_COMMITMENT_ID'),
 (817,0x00,0x00,'COMMITMENT_SEND_ACKNOWLEDGMENT','Send Acknowledgment',0x00,0x00,0x00,0x00,0x00,0x00,0x00,6,'COMMITMENT_SEND_ACKNOWLEDGMENT','COMMITMENT_COMMITMENT_ID'),
 (818,0x00,0x00,'COMMITMENT_ACKNOWLEDGMENT_DATE','Acknowledgment Date',0x00,0x00,0x00,0x00,0x00,0x00,0x00,4,'COMMITMENT_ACKNOWLEDGMENT_DATE','COMMITMENT_COMMITMENT_ID'),
 (819,0x00,0x00,'COMMITMENT_COMMITMENT_ID','Recurring Gift ID',0x01,0x00,0x00,0x00,0x00,0x00,0x00,2,'COMMITMENT_COMMITMENT_ID','COMMITMENT_COMMITMENT_ID'),
 (820,0x00,0x00,'GETCONSTITUENTACCOUNTNUMBER(COMMITMENT_CONSTITUENT_ID)','Account Number',0x01,0x00,0x00,0x00,0x00,0x00,0x00,2,'COMMITMENT_ACCOUNT_NUMBER','COMMITMENT_COMMITMENT_ID'),
 (821,0x00,0x00,'GETCONSTITUENTDISPLAYNAME(COMMITMENT_CONSTITUENT_ID)','Account Name',0x00,0x00,0x00,0x00,0x00,0x00,0x00,1,'ACCOUNT_NAME','COMMITMENT_COMMITMENT_ID'),
 (822,0x00,0x00,'COMMITMENT_AUTO_PAY','Auto Pay',0x00,0x00,0x00,0x00,0x00,0x00,0x00,6,'COMMITMENT_AUTO_PAY','COMMITMENT_COMMITMENT_ID'),
 (823,0x00,0x00,'COMMITMENT_AMOUNT_PER_GIFT','Amount Per Gift',0x01,0x00,0x00,0x00,0x00,0x00,0x00,5,'COMMITMENT_AMOUNT_PER_GIFT','COMMITMENT_COMMITMENT_ID'),
 (824,0x00,0x00,'COMMITMENT_AMOUNT_TOTAL','Amount Total',0x01,0x00,0x00,0x00,0x00,0x00,0x00,5,'COMMITMENT_AMOUNT_TOTAL','COMMITMENT_COMMITMENT_ID'),
 (825,0x00,0x00,'COMMITMENT_CURRENCY_CODE','Currency Code',0x00,0x00,0x00,0x00,0x00,0x00,0x00,1,'COMMITMENT_CURRENCY_CODE','COMMITMENT_COMMITMENT_ID'),
 (826,0x00,0x00,'COMMITMENT_FREQUENCY','Frequency',0x00,0x00,0x00,0x00,0x00,0x00,0x00,1,'COMMITMENT_FREQUENCY','COMMITMENT_COMMITMENT_ID'),
 (827,0x00,0x00,'COMMITMENT_START_DATE','Start Date',0x00,0x00,0x00,0x00,0x00,0x00,0x00,4,'COMMITMENT_START_DATE','COMMITMENT_COMMITMENT_ID'),
 (828,0x00,0x00,'COMMITMENT_END_DATE','End Date',0x00,0x00,0x00,0x00,0x00,0x00,0x00,4,'COMMITMENT_END_DATE','COMMITMENT_COMMITMENT_ID'),
 (829,0x00,0x00,'COMMITMENT_STATUS','Status',0x00,0x00,0x00,0x00,0x00,0x00,0x00,1,'COMMITMENT_STATUS','COMMITMENT_COMMITMENT_ID'),
 (830,0x00,0x00,'COMMITMENT_COMMENTS','Comments',0x00,0x00,0x00,0x00,0x00,0x00,0x00,1,'COMMITMENT_COMMENTS','COMMITMENT_COMMITMENT_ID'),
 (831,0x00,0x00,'COMMITMENT_LAST_ENTRY_DATE','Last Entry Date',0x00,0x00,0x00,0x00,0x00,0x00,0x00,4,'COMMITMENT_LAST_ENTRY_DATE','COMMITMENT_COMMITMENT_ID'),
 (832,0x00,0x00,'COMMITMENT_CREATE_DATE','Recurring Gift Create Date',0x00,0x00,0x00,0x00,0x00,0x00,0x00,4,'COMMITMENT_CREATE_DATE','COMMITMENT_COMMITMENT_ID'),
 (833,0x00,0x00,'COMMITMENT_UPDATE_DATE','Recurring Gift Update Date',0x00,0x00,0x00,0x00,0x00,0x00,0x00,4,'COMMITMENT_UPDATE_DATE','COMMITMENT_COMMITMENT_ID'),
 (834,0x00,0x00,'COMMITMENT_PAYMENT_SOURCE_PAYMENT_PROFILE_DESCRIPTION','Payment Profile Description',0x00,0x00,0x00,0x00,0x00,0x00,0x00,1,'COMMITMENT_PAYMENT_SOURCE_PAYMENT_PROFILE_DESCRIPTION','COMMITMENT_COMMITMENT_ID'),
 (835,0x00,0x00,'COMMITMENT_PAYMENT_SOURCE_INACTIVE','Payment Method Inactive',0x00,0x00,0x00,0x00,0x00,0x00,0x00,6,'COMMITMENT_PAYMENT_SOURCE_INACTIVE','COMMITMENT_COMMITMENT_ID'),
 (836,0x00,0x00,'COMMITMENT_PAYMENT_TYPE','Payment Method',0x00,0x00,0x00,0x00,0x00,0x00,0x00,1,'COMMITMENT_PAYMENT_TYPE','COMMITMENT_COMMITMENT_ID'),
 (837,0x00,0x00,'COMMITMENT_PAYMENT_SOURCE_CREDIT_CARD_TYPE','Credit Card Type',0x00,0x00,0x00,0x00,0x00,0x00,0x00,1,'COMMITMENT_PAYMENT_SOURCE_CREDIT_CARD_TYPE','COMMITMENT_COMMITMENT_ID'),
 (838,0x00,0x00,'COMMITMENT_PAYMENT_SOURCE_CREDIT_CARD_HOLDER_NAME','Credit Card Holder Name',0x00,0x00,0x00,0x00,0x00,0x00,0x00,1,'COMMITMENT_PAYMENT_SOURCE_CREDIT_CARD_HOLDER_NAME','COMMITMENT_COMMITMENT_ID'),
 (839,0x00,0x00,'COMMITMENT_PAYMENT_SOURCE_CREDIT_CARD_EXPIRATION','Credit Card Expiration',0x00,0x00,0x00,0x00,0x00,0x00,0x00,1,'COMMITMENT_PAYMENT_SOURCE_CREDIT_CARD_EXPIRATION','COMMITMENT_COMMITMENT_ID'),
 (840,0x00,0x00,'COMMITMENT_PAYMENT_SOURCE_CREDIT_CARD_EXPIRATION_DATE','Credit Card Expiration (Date / Time)',0x00,0x00,0x00,0x00,0x00,0x00,0x00,4,'COMMITMENT_PAYMENT_SOURCE_CREDIT_CARD_EXPIRATION_DATE','COMMITMENT_COMMITMENT_ID'),
 (841,0x00,0x00,'COMMITMENT_PAYMENT_SOURCE_ACH_HOLDER_NAME','ACH Holder Name',0x00,0x00,0x00,0x00,0x00,0x00,0x00,1,'COMMITMENT_PAYMENT_SOURCE_ACH_HOLDER_NAME','COMMITMENT_COMMITMENT_ID'),
 (842,0x00,0x00,'COMMITMENT_PAYMENT_SOURCE_ACH_ROUTING_NUMBER','ACH Routing Number',0x00,0x00,0x00,0x00,0x00,0x00,0x00,1,'COMMITMENT_PAYMENT_SOURCE_ACH_ROUTING_NUMBER','COMMITMENT_COMMITMENT_ID'),
 (843,0x00,0x00,'COMMITMENT_PAYMENT_SOURCE_LAST_FOUR_DIGITS','Credit Card / ACH Account Number - Last 4 Digits',0x00,0x00,0x00,0x00,0x00,0x00,0x00,1,'COMMITMENT_PAYMENT_SOURCE_LAST_FOUR_DIGITS','COMMITMENT_COMMITMENT_ID'),
 (844,0x00,0x00,'COMMITMENT_CHECK_NUMBER','Check Number',0x00,0x00,0x00,0x00,0x00,0x00,0x00,2,'COMMITMENT_CHECK_NUMBER','COMMITMENT_COMMITMENT_ID'),
 (845,0x00,0x00,'COMMITMENT_PAYMENT_ADDRESS_ADDRESS_LINE_1','Address Line 1',0x00,0x00,0x00,0x00,0x00,0x00,0x00,1,'COMMITMENT_PAYMENT_ADDRESS_ADDRESS_LINE_1','COMMITMENT_COMMITMENT_ID'),
 (846,0x00,0x00,'COMMITMENT_PAYMENT_ADDRESS_ADDRESS_LINE_2','Address Line 2',0x00,0x00,0x00,0x00,0x00,0x00,0x00,1,'COMMITMENT_PAYMENT_ADDRESS_ADDRESS_LINE_2','COMMITMENT_COMMITMENT_ID'),
 (847,0x00,0x00,'COMMITMENT_PAYMENT_ADDRESS_ADDRESS_LINE_3','Address Line 3',0x00,0x00,0x00,0x00,0x00,0x00,0x00,1,'COMMITMENT_PAYMENT_ADDRESS_ADDRESS_LINE_3','COMMITMENT_COMMITMENT_ID'),
 (848,0x00,0x00,'COMMITMENT_PAYMENT_ADDRESS_CITY','City',0x00,0x00,0x00,0x00,0x00,0x00,0x00,1,'COMMITMENT_PAYMENT_ADDRESS_CITY','COMMITMENT_COMMITMENT_ID'),
 (849,0x00,0x00,'COMMITMENT_PAYMENT_ADDRESS_STATE_PROVINCE','State/Province',0x00,0x00,0x00,0x00,0x00,0x00,0x00,1,'COMMITMENT_PAYMENT_ADDRESS_STATE_PROVINCE','COMMITMENT_COMMITMENT_ID'),
 (850,0x00,0x00,'COMMITMENT_PAYMENT_ADDRESS_POSTAL_CODE','Zip/Postal Code',0x00,0x00,0x00,0x00,0x00,0x00,0x00,1,'COMMITMENT_PAYMENT_ADDRESS_POSTAL_CODE','COMMITMENT_COMMITMENT_ID'),
 (851,0x00,0x00,'COMMITMENT_PAYMENT_ADDRESS_COUNTRY','Country',0x00,0x00,0x00,0x00,0x00,0x00,0x00,1,'COMMITMENT_PAYMENT_ADDRESS_COUNTRY','COMMITMENT_COMMITMENT_ID'),
 (852,0x00,0x00,'COMMITMENT_PAYMENT_ADDRESS_IS_PRIMARY','Primary Address',0x00,0x00,0x00,0x00,0x00,0x00,0x00,6,'COMMITMENT_PAYMENT_ADDRESS_IS_PRIMARY','COMMITMENT_COMMITMENT_ID'),
 (853,0x00,0x00,'COMMITMENT_PAYMENT_ADDRESS_UNDELIVERABLE','Address Undeliverable',0x00,0x00,0x00,0x00,0x00,0x00,0x00,6,'COMMITMENT_PAYMENT_ADDRESS_UNDELIVERABLE','COMMITMENT_COMMITMENT_ID'),
 (854,0x00,0x00,'COMMITMENT_PAYMENT_ADDRESS_INACTIVE','Address Inactive',0x00,0x00,0x00,0x00,0x00,0x00,0x00,6,'COMMITMENT_PAYMENT_ADDRESS_INACTIVE','COMMITMENT_COMMITMENT_ID'),
 (855,0x00,0x00,'COMMITMENT_PAYMENT_PHONE_NUMBER','Phone Number',0x00,0x00,0x00,0x00,0x00,0x00,0x00,1,'COMMITMENT_PAYMENT_PHONE_NUMBER','COMMITMENT_COMMITMENT_ID'),
 (856,0x00,0x00,'COMMITMENT_PAYMENT_PHONE_IS_PRIMARY','Primary Phone',0x00,0x00,0x00,0x00,0x00,0x00,0x00,6,'COMMITMENT_PAYMENT_PHONE_IS_PRIMARY','COMMITMENT_COMMITMENT_ID'),
 (857,0x00,0x00,'COMMITMENT_PAYMENT_PHONE_UNDELIVERABLE','Phone Undeliverable',0x00,0x00,0x00,0x00,0x00,0x00,0x00,6,'COMMITMENT_PAYMENT_PHONE_UNDELIVERABLE','COMMITMENT_COMMITMENT_ID'),
 (858,0x00,0x00,'COMMITMENT_PAYMENT_PHONE_INACTIVE','Phone Inactive',0x00,0x00,0x00,0x00,0x00,0x00,0x00,6,'COMMITMENT_PAYMENT_PHONE_INACTIVE','COMMITMENT_COMMITMENT_ID'),
 (859,0x00,0x00,'COMMITMENT_ACKNOWLEDGEMENT_EMAIL_EMAIL_ADDRESS','Receipt Email',0x00,0x00,0x00,0x00,0x00,0x00,0x00,1,'COMMITMENT_ACKNOWLEDGEMENT_EMAIL_EMAIL_ADDRESS','COMMITMENT_COMMITMENT_ID'),
 (860,0x00,0x00,'COMMITMENT_SEND_ACKNOWLEDGMENT','Send Acknowledgment',0x00,0x00,0x00,0x00,0x00,0x00,0x00,6,'COMMITMENT_SEND_ACKNOWLEDGMENT','COMMITMENT_COMMITMENT_ID'),
 (861,0x00,0x00,'COMMITMENT_ACKNOWLEDGMENT_DATE','Acknowledgment Date',0x00,0x00,0x00,0x00,0x00,0x00,0x00,4,'COMMITMENT_ACKNOWLEDGMENT_DATE','COMMITMENT_COMMITMENT_ID'),
 (862,0x00,0x00,'DISTRO_LINE_DISTRO_LINE_ID','Gift Distribution Reference Number',0x01,0x00,0x00,0x00,0x00,0x00,0x00,2,'DISTRO_LINE_DISTRO_LINE_ID','DISTRO_LINE_DISTRO_LINE_ID'),
 (863,0x00,0x00,'DISTRO_LINE_AMOUNT','Gift Distribution Amount',0x01,0x00,0x00,0x00,0x00,0x00,0x00,5,'DISTRO_LINE_AMOUNT','DISTRO_LINE_DISTRO_LINE_ID'),
 (864,0x00,0x00,'DISTRO_LINE_PERCENTAGE','Percentage',0x00,0x00,0x00,0x00,0x00,0x00,0x00,3,'DISTRO_LINE_PERCENTAGE','DISTRO_LINE_DISTRO_LINE_ID'),
 (865,0x00,0x00,'DISTRO_LINE_PROJECT_CODE','Designation',0x00,0x00,0x00,0x00,0x00,0x00,0x00,1,'DISTRO_LINE_PROJECT_CODE','DISTRO_LINE_DISTRO_LINE_ID'),
 (866,0x00,0x00,'GETPICKLISTDISPLAYVALUE(\'projectCode\', DISTRO_LINE_PROJECT_CODE)','Designation Description',0x00,0x00,0x00,0x00,0x00,0x00,0x00,1,'DISTRO_LINE_PROJECT_CODE_DESCRIPTION','DISTRO_LINE_DISTRO_LINE_ID'),
 (867,0x00,0x00,'GETCUSTOMFIELD(GETPICKLISTITEMIDBYDEFAULTDISPLAYVALUE(\'projectCode\', DISTRO_LINE_PROJECT_CODE), \'picklistItem\', \'01-GLPART1\')','Designation GL Part 1',0x00,0x00,0x00,0x00,0x00,0x00,0x00,1,'DISTRO_LINE_PROJECT_CODE_GLPART1','DISTRO_LINE_DISTRO_LINE_ID'),
 (868,0x00,0x00,'GETCUSTOMFIELD(GETPICKLISTITEMIDBYDEFAULTDISPLAYVALUE(\'projectCode\', DISTRO_LINE_PROJECT_CODE), \'picklistItem\', \'02-GLPART2\')','Designation GL Part 2',0x00,0x00,0x00,0x00,0x00,0x00,0x00,1,'DISTRO_LINE_PROJECT_CODE_GLPART2','DISTRO_LINE_DISTRO_LINE_ID'),
 (869,0x00,0x00,'GETCUSTOMFIELD(GETPICKLISTITEMIDBYDEFAULTDISPLAYVALUE(\'projectCode\', DISTRO_LINE_PROJECT_CODE), \'picklistItem\', \'03-GLPART3\')','Designation GL Part 3',0x00,0x00,0x00,0x00,0x00,0x00,0x00,1,'DISTRO_LINE_PROJECT_CODE_GLPART3','DISTRO_LINE_DISTRO_LINE_ID'),
 (870,0x00,0x00,'GETCUSTOMFIELD(GETPICKLISTITEMIDBYDEFAULTDISPLAYVALUE(\'projectCode\', DISTRO_LINE_PROJECT_CODE), \'picklistItem\', \'04-GLPART4\')','Designation GL Part 4',0x00,0x00,0x00,0x00,0x00,0x00,0x00,1,'DISTRO_LINE_PROJECT_CODE_GLPART4','DISTRO_LINE_DISTRO_LINE_ID'),
 (871,0x00,0x00,'GETCUSTOMFIELD(GETPICKLISTITEMIDBYDEFAULTDISPLAYVALUE(\'projectCode\', DISTRO_LINE_PROJECT_CODE), \'picklistItem\', \'GLAccountCode\')','Designation GL Account Code',0x00,0x00,0x00,0x00,0x00,0x00,0x00,1,'DISTRO_LINE_PROJECT_CODE_GLACCOUNTCODE','DISTRO_LINE_DISTRO_LINE_ID'),
 (872,0x00,0x00,'GETCUSTOMFIELD(GETPICKLISTITEMIDBYDEFAULTDISPLAYVALUE(\'projectCode\', DISTRO_LINE_PROJECT_CODE), \'picklistItem\', \'AccountString1\')','Designation GL Account String 1',0x00,0x00,0x00,0x00,0x00,0x00,0x00,1,'DISTRO_LINE_PROJECT_CODE_GLACCOUNTSTRING1','DISTRO_LINE_DISTRO_LINE_ID'),
 (873,0x00,0x00,'GETCUSTOMFIELD(GETPICKLISTITEMIDBYDEFAULTDISPLAYVALUE(\'projectCode\', DISTRO_LINE_PROJECT_CODE), \'picklistItem\', \'AccountString2\')','Designation GL Account String 2',0x00,0x00,0x00,0x00,0x00,0x00,0x00,1,'DISTRO_LINE_PROJECT_CODE_GLACCOUNTSTRING2','DISTRO_LINE_DISTRO_LINE_ID'),
 (874,0x00,0x00,'DISTRO_LINE_MOTIVATION_CODE','Motivation',0x00,0x00,0x00,0x00,0x00,0x00,0x00,1,'DISTRO_LINE_MOTIVATION_CODE','DISTRO_LINE_DISTRO_LINE_ID'),
 (875,0x00,0x00,'GETPICKLISTDISPLAYVALUE(\'motivationCode\', DISTRO_LINE_MOTIVATION_CODE)','Motivation Description',0x00,0x00,0x00,0x00,0x00,0x00,0x00,1,'DISTRO_LINE_MOTIVATION_CODE_DESCRIPTION','DISTRO_LINE_DISTRO_LINE_ID'),
 (876,0x00,0x00,'GETCONSTITUENTACCOUNTNUMBER(GETCUSTOMFIELD(DISTRO_LINE_DISTRO_LINE_ID, \'distributionline\', \'reference\'))','Reference Account Number',0x00,0x00,0x00,0x00,0x00,0x00,0x00,2,'REFERENCE_ACCOUNT_NUMBER','DISTRO_LINE_DISTRO_LINE_ID'),
 (877,0x00,0x00,'IFNULL(GETCONSTITUENTDISPLAYNAME(GETCUSTOMFIELD(DISTRO_LINE_DISTRO_LINE_ID, \'distributionline\', \'reference\')), GETCUSTOMFIELD(DISTRO_LINE_DISTRO_LINE_ID, \'distributionline\', \'other_reference\'))','Reference Account Name',0x00,0x00,0x00,0x00,0x00,0x00,0x00,1,'REFERENCE_ACCOUNT_NAME','DISTRO_LINE_DISTRO_LINE_ID'),
 (878,0x00,0x00,'CONSTITUENT_ACCOUNT_NUMBER','Account Number',0x01,0x00,0x00,0x00,0x00,0x00,0x00,2,'CONSTITUENT_ACCOUNT_NUMBER','CONSTITUENT_CONSTITUENT_ID'),
 (879,0x00,0x00,'GETCONSTITUENTDISPLAYNAME(GETCUSTOMFIELD(CONSTITUENT_CONSTITUENT_ID, \'constituent\', \'accountManager\'))','Account Manager Name',0x00,0x00,0x00,0x00,0x00,0x00,0x00,1,'ACCOUNTMANAGER','CONSTITUENT_CONSTITUENT_ID'),
 (880,0x00,0x00,'GETCONSTITUENTACCOUNTNUMBER(GETCUSTOMFIELD(CONSTITUENT_CONSTITUENT_ID, \'constituent\', \'accountManager\'))','Account Manager Account Number',0x00,0x00,0x00,0x00,0x00,0x00,0x00,2,'ACCOUNTMANAGERACCOUNTNUMBER','CONSTITUENT_CONSTITUENT_ID'),
 (881,0x00,0x00,'CONSTITUENT_CONSTITUENT_TYPE','Constituent Type',0x01,0x00,0x00,0x00,0x00,0x00,0x00,1,'CONSTITUENT_CONSTITUENT_TYPE','CONSTITUENT_CONSTITUENT_ID'),
 (882,0x00,0x00,'CONSTITUENT_CONSTITUENT_ROLE','Profile Type',0x00,0x00,0x00,0x00,0x00,0x00,0x00,1,'CONSTITUENT_CONSTITUENT_ROLE','CONSTITUENT_CONSTITUENT_ID'),
 (883,0x00,0x00,'CONSTITUENT_DONOR_PROFILE','Donor Profile',0x00,0x00,0x00,0x00,0x00,0x00,0x00,1,'CONSTITUENT_DONOR_PROFILE','CONSTITUENT_CONSTITUENT_ID'),
 (884,0x00,0x00,'CONSTITUENT_TITLE','Title',0x00,0x00,0x00,0x00,0x00,0x00,0x00,1,'CONSTITUENT_TITLE','CONSTITUENT_CONSTITUENT_ID'),
 (885,0x00,0x00,'CONSTITUENT_FIRST_NAME','First Name',0x01,0x00,0x00,0x00,0x00,0x00,0x00,1,'CONSTITUENT_FIRST_NAME','CONSTITUENT_CONSTITUENT_ID'),
 (886,0x00,0x00,'CONSTITUENT_MIDDLE_NAME','Middle Name',0x00,0x00,0x00,0x00,0x00,0x00,0x00,1,'CONSTITUENT_MIDDLE_NAME','CONSTITUENT_CONSTITUENT_ID'),
 (887,0x00,0x00,'CONSTITUENT_LAST_NAME','Last Name',0x01,0x00,0x00,0x00,0x00,0x00,0x00,1,'CONSTITUENT_LAST_NAME','CONSTITUENT_CONSTITUENT_ID'),
 (888,0x00,0x00,'CONSTITUENT_SUFFIX','Suffix',0x00,0x00,0x00,0x00,0x00,0x00,0x00,1,'CONSTITUENT_SUFFIX','CONSTITUENT_CONSTITUENT_ID'),
 (889,0x00,0x00,'CONSTITUENT_RECOGNITION_NAME','Recognition Name',0x00,0x00,0x00,0x00,0x00,0x00,0x00,1,'CONSTITUENT_RECOGNITION_NAME','CONSTITUENT_CONSTITUENT_ID'),
 (890,0x00,0x00,'CONSTITUENT_ORGANIZATION_NAME','Organization Name',0x00,0x00,0x00,0x00,0x00,0x00,0x00,1,'CONSTITUENT_ORGANIZATION_NAME','CONSTITUENT_CONSTITUENT_ID'),
 (891,0x00,0x00,'CONSTITUENT_LEGAL_NAME','Legal Name',0x00,0x00,0x00,0x00,0x00,0x00,0x00,1,'CONSTITUENT_LEGAL_NAME','CONSTITUENT_CONSTITUENT_ID'),
 (892,0x00,0x00,'GETCUSTOMFIELD(CONSTITUENT_CONSTITUENT_ID, \'constituent\', \'organization.website\')','Website',0x00,0x00,0x00,0x00,0x00,0x00,0x00,1,'ORGANIZATION_WEBSITE','CONSTITUENT_CONSTITUENT_ID'),
 (893,0x00,0x00,'GETCUSTOMFIELD(CONSTITUENT_CONSTITUENT_ID, \'constituent\', \'organization.taxid\')','Tax ID',0x00,0x00,0x00,0x00,0x00,0x00,0x00,1,'ORGANIZATION_TAXID','CONSTITUENT_CONSTITUENT_ID'),
 (894,0x00,0x00,'CONSTITUENT_NAICS_CODE','NAICS Code',0x00,0x00,0x00,0x00,0x00,0x00,0x00,1,'CONSTITUENT_NAICS_CODE','CONSTITUENT_CONSTITUENT_ID'),
 (895,0x00,0x00,'GETCUSTOMFIELD(CONSTITUENT_CONSTITUENT_ID, \'constituent\', \'communicationPreferences\')','Communication Preferences',0x00,0x00,0x00,0x00,0x00,0x00,0x00,1,'COMMUNICATIONPREFERENCES','CONSTITUENT_CONSTITUENT_ID'),
 (896,0x00,0x00,'GETCUSTOMFIELD(CONSTITUENT_CONSTITUENT_ID, \'constituent\', \'emailFormat\')','Email Format',0x00,0x00,0x00,0x00,0x00,0x00,0x00,1,'EMAILFORMAT','CONSTITUENT_CONSTITUENT_ID'),
 (897,0x00,0x00,'CONSTITUENT_CREATE_DATE','Create Date',0x00,0x00,0x00,0x00,0x00,0x00,0x00,4,'CONSTITUENT_CREATE_DATE','CONSTITUENT_CONSTITUENT_ID'),
 (898,0x00,0x00,'CONSTITUENT_UPDATE_DATE','Update Date',0x00,0x00,0x00,0x00,0x00,0x00,0x00,4,'CONSTITUENT_UPDATE_DATE','CONSTITUENT_CONSTITUENT_ID'),
 (899,0x00,0x00,'CONSTITUENT_MARITAL_STATUS','Marital Status',0x00,0x00,0x00,0x00,0x00,0x00,0x00,1,'CONSTITUENT_MARITAL_STATUS','CONSTITUENT_CONSTITUENT_ID'),
 (900,0x00,0x00,'GETCUSTOMFIELD(CONSTITUENT_CONSTITUENT_ID, \'constituent\', \'individual.birthDate\')','Birth Date',0x00,0x00,0x00,0x00,0x00,0x00,0x00,4,'INDIVIDUAL_BIRTHDATE','CONSTITUENT_CONSTITUENT_ID'),
 (901,0x00,0x00,'GETCUSTOMFIELD(CONSTITUENT_CONSTITUENT_ID, \'constituent\', \'individual.deceased\')','Deceased',0x00,0x00,0x00,0x00,0x00,0x00,0x00,6,'INDIVIDUAL_DECEASED','CONSTITUENT_CONSTITUENT_ID'),
 (902,0x00,0x00,'GETCUSTOMFIELD(CONSTITUENT_CONSTITUENT_ID, \'constituent\', \'individual.gender\')','Gender',0x00,0x00,0x00,0x00,0x00,0x00,0x00,1,'INDIVIDUAL_GENDER','CONSTITUENT_CONSTITUENT_ID'),
 (903,0x00,0x00,'GETCUSTOMFIELD(CONSTITUENT_CONSTITUENT_ID, \'constituent\', \'individual.race\')','Race',0x00,0x00,0x00,0x00,0x00,0x00,0x00,1,'INDIVIDUAL_RACE','CONSTITUENT_CONSTITUENT_ID'),
 (904,0x00,0x00,'GETCUSTOMFIELD(CONSTITUENT_CONSTITUENT_ID, \'constituent\', \'individual.military\')','Military',0x00,0x00,0x00,0x00,0x00,0x00,0x00,1,'INDIVIDUAL_MILITARY','CONSTITUENT_CONSTITUENT_ID'),
 (905,0x00,0x00,'GETCUSTOMFIELD(CONSTITUENT_CONSTITUENT_ID, \'constituent\', \'organization.matching\')','Matching',0x00,0x00,0x00,0x00,0x00,0x00,0x00,1,'ORGANIZATION_MATCHING','CONSTITUENT_CONSTITUENT_ID'),
 (906,0x00,0x00,'GETCUSTOMFIELD(CONSTITUENT_CONSTITUENT_ID, \'constituent\', \'organization.percentMatch\')','Percent Matching',0x00,0x00,0x00,0x00,0x00,0x00,0x00,3,'ORGANIZATION_PERCENTMATCH','CONSTITUENT_CONSTITUENT_ID'),
 (907,0x00,0x00,'GETCUSTOMFIELD(CONSTITUENT_CONSTITUENT_ID, \'constituent\', \'organization.maximumAnnualLimit\')','Maximum Annual Limit',0x00,0x00,0x00,0x00,0x00,0x00,0x00,5,'ORGANIZATION_MAXIMUMMATCH','CONSTITUENT_CONSTITUENT_ID'),
 (908,0x00,0x00,'GETCUSTOMFIELD(CONSTITUENT_CONSTITUENT_ID, \'constituent\', \'organization.minimumGiftMatch\')','Mimimum Gift Match',0x00,0x00,0x00,0x00,0x00,0x00,0x00,5,'ORGANIZATION_MINIMUMGIFTMATCH','CONSTITUENT_CONSTITUENT_ID'),
 (909,0x00,0x00,'GETCUSTOMFIELD(CONSTITUENT_CONSTITUENT_ID, \'constituent\', \'organization.totalPerEmployeePerYear\')','Total Per Employee Per Year',0x00,0x00,0x00,0x00,0x00,0x00,0x00,5,'ORGANIZATION_TOTALPEREMPLOYEEPERYEAR','CONSTITUENT_CONSTITUENT_ID'),
 (910,0x00,0x00,'GETCUSTOMFIELDDISPLAYVALUECONCATENATED(CONSTITUENT_CONSTITUENT_ID, \'constituent\', \'organization.eligibility\', \'customFieldMap[organization.eligibility]\')','Eligibility',0x00,0x00,0x00,0x00,0x00,0x00,0x00,1,'ORGANIZATION_MINIMUMGIFTMATCH','CONSTITUENT_CONSTITUENT_ID'),
 (911,0x00,0x00,'GETCUSTOMFIELDCONCATENATED(CONSTITUENT_CONSTITUENT_ID, \'constituent\', \'organization.eligibleFunds\')','Eligible Funds',0x00,0x00,0x00,0x00,0x00,0x00,0x00,1,'ORGANIZATION_ELIGIBLEFUNDS','CONSTITUENT_CONSTITUENT_ID'),
 (912,0x00,0x00,'GETCUSTOMFIELDCONCATENATED(CONSTITUENT_CONSTITUENT_ID, \'constituent\', \'organization.additional_eligibleFunds\')','Eligible Funds - Additional',0x00,0x00,0x00,0x00,0x00,0x00,0x00,1,'ORGANIZATION_ELIGIBLEFUNDSADDITIONAL','CONSTITUENT_CONSTITUENT_ID'),
 (913,0x00,0x00,'GETCUSTOMFIELDCONCATENATED(CONSTITUENT_CONSTITUENT_ID, \'constituent\', \'organization.eligibleOrganizations\')','Eligible Organizations',0x00,0x00,0x00,0x00,0x00,0x00,0x00,1,'ORGANIZATION_ELIGIBLEORGANIZATIONS','CONSTITUENT_CONSTITUENT_ID'),
 (914,0x00,0x00,'GETCUSTOMFIELDCONCATENATED(CONSTITUENT_CONSTITUENT_ID, \'constituent\', \'organization.additional_eligibleOrganizations\')','Eligible Organizations - Additional',0x00,0x00,0x00,0x00,0x00,0x00,0x00,1,'ORGANIZATION_ELIGIBLEORGANIZATIONSADDITIONAL','CONSTITUENT_CONSTITUENT_ID'),
 (915,0x00,0x00,'GETCUSTOMFIELDCONCATENATED(CONSTITUENT_CONSTITUENT_ID, \'constituent\', \'organization.ineligibleOrganizations\')','Ineligible Organizations',0x00,0x00,0x00,0x00,0x00,0x00,0x00,1,'ORGANIZATION_INELIGIBLEORGANIZATIONS','CONSTITUENT_CONSTITUENT_ID'),
 (916,0x00,0x00,'GETCUSTOMFIELDCONCATENATED(CONSTITUENT_CONSTITUENT_ID, \'constituent\', \'organization.additional_ineligibleOrganizations\')','Ineligible Organizations - Additional',0x00,0x00,0x00,0x00,0x00,0x00,0x00,1,'ORGANIZATION_INELIGIBLEORGANIZATIONSADDITIONAL','CONSTITUENT_CONSTITUENT_ID'),
 (917,0x00,0x00,'GETCUSTOMFIELD(CONSTITUENT_CONSTITUENT_ID, \'constituent\', \'organization.onlineMatchingGiftForm\')','Matching Gift Form',0x00,0x00,0x00,0x00,0x00,0x00,0x00,1,'ORGANIZATION_MATCHINGGIFTFORM','CONSTITUENT_CONSTITUENT_ID'),
 (918,0x00,0x00,'GETPICKLISTDISPLAYVALUE(\'customFieldMap[organization.programStartMonth]\', GETCUSTOMFIELD(CONSTITUENT_CONSTITUENT_ID, \'constituent\', \'organization.programStartMonth\'))','Program Start Month',0x00,0x00,0x00,0x00,0x00,0x00,0x00,1,'ORGANIZATION_PROGRAMSTARTMONTH','CONSTITUENT_CONSTITUENT_ID'),
 (919,0x00,0x00,'GETCONSTITUENTACCOUNTNUMBER(GETCUSTOMFIELD(CONSTITUENT_CONSTITUENT_ID, \'constituent\', \'organization.programContact\'))','Program Contact Account Number',0x00,0x00,0x00,0x00,0x00,0x00,0x00,2,'ORGANIZATION_PROGRAMCONTACTACCOUNTNUMBER','CONSTITUENT_CONSTITUENT_ID'),
 (920,0x00,0x00,'GETCONSTITUENTDISPLAYNAME(GETCUSTOMFIELD(CONSTITUENT_CONSTITUENT_ID, \'constituent\', \'organization.programContact\'))','Program Contact Account Name',0x00,0x00,0x00,0x00,0x00,0x00,0x00,1,'ORGANIZATION_PROGRAMCONTACTACCOUNTNAME','CONSTITUENT_CONSTITUENT_ID'),
 (921,0x00,0x00,'GETCUSTOMFIELD(CONSTITUENT_CONSTITUENT_ID, \'constituent\', \'organization.procedureForRequestingMatch\')','Procedure For Requesting Match',0x00,0x00,0x00,0x00,0x00,0x00,0x00,1,'ORGANIZATION_PROCEDUREFORREQUESTINGMATCH','CONSTITUENT_CONSTITUENT_ID'),
 (922,0x00,0x00,'CONSTITUENT_SITE_NAME','Site Name',0x00,0x00,0x00,0x00,0x00,0x00,0x00,1,'CONSTITUENT_SITE_NAME','CONSTITUENT_CONSTITUENT_ID'),
 (923,0x00,0x00,'GIFT_GIFT_ID','Gift Reference Number',0x01,0x00,0x00,0x00,0x00,0x00,0x00,2,'GIFT_GIFT_ID','GIFT_GIFT_ID'),
 (924,0x00,0x00,'GIFT_AMOUNT','Gift Amount',0x01,0x00,0x00,0x00,0x00,0x00,0x00,5,'GIFT_AMOUNT','GIFT_GIFT_ID'),
 (925,0x00,0x00,'GIFT_CURRENCY_CODE','Currency Code',0x00,0x00,0x00,0x00,0x00,0x00,0x00,1,'GIFT_CURRENCY_CODE','GIFT_GIFT_ID'),
 (926,0x00,0x00,'GIFT_DONATION_DATE','Donation Date',0x01,0x00,0x00,0x00,0x00,0x00,0x00,4,'GIFT_DONATION_DATE','GIFT_GIFT_ID'),
 (927,0x00,0x00,'GIFT_POSTMARK_DATE','Postmark Date',0x00,0x00,0x00,0x00,0x00,0x00,0x00,4,'GIFT_POSTMARK_DATE','GIFT_GIFT_ID'),
 (928,0x00,0x00,'GIFT_COMMENTS','Comments',0x00,0x00,0x00,0x00,0x00,0x00,0x00,1,'GIFT_COMMENTS','GIFT_GIFT_ID'),
 (929,0x00,0x00,'GIFT_TRANSACTIONDATE','Transaction Date',0x00,0x00,0x00,0x00,0x00,0x00,0x00,4,'GIFT_TRANSACTIONDATE','GIFT_GIFT_ID'),
 (930,0x00,0x00,'GIFT_PAYMENT_SOURCE_PAYMENT_PROFILE_DESCRIPTION','Payment Profile Description',0x00,0x00,0x00,0x00,0x00,0x00,0x00,1,'GIFT_PAYMENT_SOURCE_PAYMENT_PROFILE_DESCRIPTION','GIFT_GIFT_ID'),
 (931,0x00,0x00,'GIFT_PAYMENT_SOURCE_INACTIVE','Payment Method Inactive',0x00,0x00,0x00,0x00,0x00,0x00,0x00,6,'GIFT_PAYMENT_SOURCE_INACTIVE','GIFT_GIFT_ID'),
 (932,0x00,0x00,'GIFT_PAYMENT_TYPE','Payment Method',0x00,0x00,0x00,0x00,0x00,0x00,0x00,1,'GIFT_PAYMENT_TYPE','GIFT_GIFT_ID'),
 (933,0x00,0x00,'GIFT_PAYMENT_SOURCE_CREDIT_CARD_TYPE','Credit Card Type',0x00,0x00,0x00,0x00,0x00,0x00,0x00,1,'GIFT_PAYMENT_SOURCE_CREDIT_CARD_TYPE','GIFT_GIFT_ID'),
 (934,0x00,0x00,'GIFT_PAYMENT_SOURCE_CREDIT_CARD_HOLDER_NAME','Credit Card Holder Name',0x00,0x00,0x00,0x00,0x00,0x00,0x00,1,'GIFT_PAYMENT_SOURCE_CREDIT_CARD_HOLDER_NAME','GIFT_GIFT_ID'),
 (935,0x00,0x00,'GIFT_PAYMENT_SOURCE_CREDIT_CARD_EXPIRATION','Credit Card Expiration',0x00,0x00,0x00,0x00,0x00,0x00,0x00,1,'GIFT_PAYMENT_SOURCE_CREDIT_CARD_EXPIRATION','GIFT_GIFT_ID'),
 (936,0x00,0x00,'GIFT_PAYMENT_SOURCE_CREDIT_CARD_EXPIRATION_DATE','Credit Card Expiration (Date / Time)',0x00,0x00,0x00,0x00,0x00,0x00,0x00,4,'GIFT_PAYMENT_SOURCE_CREDIT_CARD_EXPIRATION_DATE','GIFT_GIFT_ID'),
 (937,0x00,0x00,'GIFT_PAYMENT_SOURCE_ACH_HOLDER_NAME','ACH Holder Name',0x00,0x00,0x00,0x00,0x00,0x00,0x00,1,'GIFT_PAYMENT_SOURCE_ACH_HOLDER_NAME','GIFT_GIFT_ID'),
 (938,0x00,0x00,'GIFT_PAYMENT_SOURCE_ACH_ROUTING_NUMBER','ACH Routing Number',0x00,0x00,0x00,0x00,0x00,0x00,0x00,1,'GIFT_PAYMENT_SOURCE_ACH_ROUTING_NUMBER','GIFT_GIFT_ID'),
 (939,0x00,0x00,'GIFT_PAYMENT_SOURCE_LAST_FOUR_DIGITS','Credit Card / ACH Account Number - Last 4 Digits',0x00,0x00,0x00,0x00,0x00,0x00,0x00,1,'GIFT_PAYMENT_SOURCE_LAST_FOUR_DIGITS','GIFT_GIFT_ID'),
 (940,0x00,0x00,'GIFT_CHECK_NUMBER','Check Number',0x00,0x00,0x00,0x00,0x00,0x00,0x00,2,'GIFT_CHECK_NUMBER','GIFT_GIFT_ID'),
 (941,0x00,0x00,'GIFT_AUTH_CODE','Authorization Code',0x00,0x00,0x00,0x00,0x00,0x00,0x00,1,'GIFT_AUTH_CODE','GIFT_GIFT_ID'),
 (942,0x00,0x00,'GIFT_PAYMENT_ADDRESS_ADDRESS_LINE_1','Address Line 1',0x00,0x00,0x00,0x00,0x00,0x00,0x00,1,'GIFT_PAYMENT_ADDRESS_ADDRESS_LINE_1','GIFT_GIFT_ID'),
 (943,0x00,0x00,'GIFT_PAYMENT_ADDRESS_ADDRESS_LINE_2','Address Line 2',0x00,0x00,0x00,0x00,0x00,0x00,0x00,1,'GIFT_PAYMENT_ADDRESS_ADDRESS_LINE_2','GIFT_GIFT_ID'),
 (944,0x00,0x00,'GIFT_PAYMENT_ADDRESS_ADDRESS_LINE_3','Address Line 3',0x00,0x00,0x00,0x00,0x00,0x00,0x00,1,'GIFT_PAYMENT_ADDRESS_ADDRESS_LINE_3','GIFT_GIFT_ID'),
 (945,0x00,0x00,'GIFT_PAYMENT_ADDRESS_CITY','City',0x00,0x00,0x00,0x00,0x00,0x00,0x00,1,'GIFT_PAYMENT_ADDRESS_CITY','GIFT_GIFT_ID'),
 (946,0x00,0x00,'GIFT_PAYMENT_ADDRESS_STATE_PROVINCE','State/Province',0x00,0x00,0x00,0x00,0x00,0x00,0x00,1,'GIFT_PAYMENT_ADDRESS_STATE_PROVINCE','GIFT_GIFT_ID'),
 (947,0x00,0x00,'GIFT_PAYMENT_ADDRESS_POSTAL_CODE','Zip/Postal Code',0x00,0x00,0x00,0x00,0x00,0x00,0x00,1,'GIFT_PAYMENT_ADDRESS_POSTAL_CODE','GIFT_GIFT_ID'),
 (948,0x00,0x00,'GIFT_PAYMENT_ADDRESS_COUNTRY','Country',0x00,0x00,0x00,0x00,0x00,0x00,0x00,1,'GIFT_PAYMENT_ADDRESS_COUNTRY','GIFT_GIFT_ID'),
 (949,0x00,0x00,'GIFT_PAYMENT_ADDRESS_IS_PRIMARY','Primary Address',0x00,0x00,0x00,0x00,0x00,0x00,0x00,6,'GIFT_PAYMENT_ADDRESS_IS_PRIMARY','GIFT_GIFT_ID'),
 (950,0x00,0x00,'GIFT_PAYMENT_ADDRESS_UNDELIVERABLE','Address Undeliverable',0x00,0x00,0x00,0x00,0x00,0x00,0x00,6,'GIFT_PAYMENT_ADDRESS_UNDELIVERABLE','GIFT_GIFT_ID'),
 (951,0x00,0x00,'GIFT_PAYMENT_ADDRESS_INACTIVE','Address Inactive',0x00,0x00,0x00,0x00,0x00,0x00,0x00,6,'GIFT_PAYMENT_ADDRESS_INACTIVE','GIFT_GIFT_ID'),
 (952,0x00,0x00,'GIFT_PAYMENT_PHONE_NUMBER','Phone Number',0x00,0x00,0x00,0x00,0x00,0x00,0x00,1,'GIFT_PAYMENT_PHONE_NUMBER','GIFT_GIFT_ID'),
 (953,0x00,0x00,'GIFT_PAYMENT_PHONE_IS_PRIMARY','Primary Phone',0x00,0x00,0x00,0x00,0x00,0x00,0x00,6,'GIFT_PAYMENT_PHONE_IS_PRIMARY','GIFT_GIFT_ID'),
 (954,0x00,0x00,'GIFT_PAYMENT_PHONE_UNDELIVERABLE','Phone Undeliverable',0x00,0x00,0x00,0x00,0x00,0x00,0x00,6,'GIFT_PAYMENT_PHONE_UNDELIVERABLE','GIFT_GIFT_ID'),
 (955,0x00,0x00,'GIFT_PAYMENT_PHONE_INACTIVE','Phone Inactive',0x00,0x00,0x00,0x00,0x00,0x00,0x00,6,'GIFT_PAYMENT_PHONE_INACTIVE','GIFT_GIFT_ID'),
 (956,0x00,0x00,'GIFT_ACKNOWLEDGEMENT_EMAIL_EMAIL_ADDRESS','Receipt Email',0x00,0x00,0x00,0x00,0x00,0x00,0x00,1,'GIFT_ACKNOWLEDGEMENT_EMAIL_EMAIL_ADDRESS','GIFT_GIFT_ID'),
 (957,0x00,0x00,'GIFT_SEND_ACKNOWLEDGMENT','Send Acknowledgment',0x00,0x00,0x00,0x00,0x00,0x00,0x00,6,'GIFT_SEND_ACKNOWLEDGMENT','GIFT_GIFT_ID'),
 (958,0x00,0x00,'GIFT_ACKNOWLEDGMENT_DATE','Acknowledgment Date',0x00,0x00,0x00,0x00,0x00,0x00,0x00,4,'GIFT_ACKNOWLEDGMENT_DATE','GIFT_GIFT_ID'),
 (959,0x00,0x00,'CONSTITUENT_ACCOUNT_NUMBER','Account Number',0x01,0x00,0x00,0x00,0x00,0x00,0x00,2,'CONSTITUENT_ACCOUNT_NUMBER','CONSTITUENT_CONSTITUENT_ID'),
 (960,0x00,0x00,'GETCONSTITUENTDISPLAYNAME(GETCUSTOMFIELD(CONSTITUENT_CONSTITUENT_ID, \'constituent\', \'accountManager\'))','Account Manager Name',0x00,0x00,0x00,0x00,0x00,0x00,0x00,1,'ACCOUNTMANAGER','CONSTITUENT_CONSTITUENT_ID'),
 (961,0x00,0x00,'GETCONSTITUENTACCOUNTNUMBER(GETCUSTOMFIELD(CONSTITUENT_CONSTITUENT_ID, \'constituent\', \'accountManager\'))','Account Manager Account Number',0x00,0x00,0x00,0x00,0x00,0x00,0x00,2,'ACCOUNTMANAGERACCOUNTNUMBER','CONSTITUENT_CONSTITUENT_ID'),
 (962,0x00,0x00,'CONSTITUENT_CONSTITUENT_TYPE','Constituent Type',0x01,0x00,0x00,0x00,0x00,0x00,0x00,1,'CONSTITUENT_CONSTITUENT_TYPE','CONSTITUENT_CONSTITUENT_ID'),
 (963,0x00,0x00,'CONSTITUENT_CONSTITUENT_ROLE','Profile Type',0x00,0x00,0x00,0x00,0x00,0x00,0x00,1,'CONSTITUENT_CONSTITUENT_ROLE','CONSTITUENT_CONSTITUENT_ID'),
 (964,0x00,0x00,'CONSTITUENT_DONOR_PROFILE','Donor Profile',0x00,0x00,0x00,0x00,0x00,0x00,0x00,1,'CONSTITUENT_DONOR_PROFILE','CONSTITUENT_CONSTITUENT_ID'),
 (965,0x00,0x00,'CONSTITUENT_TITLE','Title',0x00,0x00,0x00,0x00,0x00,0x00,0x00,1,'CONSTITUENT_TITLE','CONSTITUENT_CONSTITUENT_ID'),
 (966,0x00,0x00,'CONSTITUENT_FIRST_NAME','First Name',0x01,0x00,0x00,0x00,0x00,0x00,0x00,1,'CONSTITUENT_FIRST_NAME','CONSTITUENT_CONSTITUENT_ID'),
 (967,0x00,0x00,'CONSTITUENT_MIDDLE_NAME','Middle Name',0x00,0x00,0x00,0x00,0x00,0x00,0x00,1,'CONSTITUENT_MIDDLE_NAME','CONSTITUENT_CONSTITUENT_ID'),
 (968,0x00,0x00,'CONSTITUENT_LAST_NAME','Last Name',0x01,0x00,0x00,0x00,0x00,0x00,0x00,1,'CONSTITUENT_LAST_NAME','CONSTITUENT_CONSTITUENT_ID'),
 (969,0x00,0x00,'CONSTITUENT_SUFFIX','Suffix',0x00,0x00,0x00,0x00,0x00,0x00,0x00,1,'CONSTITUENT_SUFFIX','CONSTITUENT_CONSTITUENT_ID'),
 (970,0x00,0x00,'CONSTITUENT_RECOGNITION_NAME','Recognition Name',0x00,0x00,0x00,0x00,0x00,0x00,0x00,1,'CONSTITUENT_RECOGNITION_NAME','CONSTITUENT_CONSTITUENT_ID'),
 (971,0x00,0x00,'CONSTITUENT_ORGANIZATION_NAME','Organization Name',0x00,0x00,0x00,0x00,0x00,0x00,0x00,1,'CONSTITUENT_ORGANIZATION_NAME','CONSTITUENT_CONSTITUENT_ID'),
 (972,0x00,0x00,'CONSTITUENT_LEGAL_NAME','Legal Name',0x00,0x00,0x00,0x00,0x00,0x00,0x00,1,'CONSTITUENT_LEGAL_NAME','CONSTITUENT_CONSTITUENT_ID'),
 (973,0x00,0x00,'GETCUSTOMFIELD(CONSTITUENT_CONSTITUENT_ID, \'constituent\', \'organization.website\')','Website',0x00,0x00,0x00,0x00,0x00,0x00,0x00,1,'ORGANIZATION_WEBSITE','CONSTITUENT_CONSTITUENT_ID'),
 (974,0x00,0x00,'GETCUSTOMFIELD(CONSTITUENT_CONSTITUENT_ID, \'constituent\', \'organization.taxid\')','Tax ID',0x00,0x00,0x00,0x00,0x00,0x00,0x00,1,'ORGANIZATION_TAXID','CONSTITUENT_CONSTITUENT_ID'),
 (975,0x00,0x00,'CONSTITUENT_NAICS_CODE','NAICS Code',0x00,0x00,0x00,0x00,0x00,0x00,0x00,1,'CONSTITUENT_NAICS_CODE','CONSTITUENT_CONSTITUENT_ID'),
 (976,0x00,0x00,'GETCUSTOMFIELD(CONSTITUENT_CONSTITUENT_ID, \'constituent\', \'communicationPreferences\')','Communication Preferences',0x00,0x00,0x00,0x00,0x00,0x00,0x00,1,'COMMUNICATIONPREFERENCES','CONSTITUENT_CONSTITUENT_ID'),
 (977,0x00,0x00,'GETCUSTOMFIELD(CONSTITUENT_CONSTITUENT_ID, \'constituent\', \'emailFormat\')','Email Format',0x00,0x00,0x00,0x00,0x00,0x00,0x00,1,'EMAILFORMAT','CONSTITUENT_CONSTITUENT_ID'),
 (978,0x00,0x00,'CONSTITUENT_CREATE_DATE','Create Date',0x00,0x00,0x00,0x00,0x00,0x00,0x00,4,'CONSTITUENT_CREATE_DATE','CONSTITUENT_CONSTITUENT_ID'),
 (979,0x00,0x00,'CONSTITUENT_UPDATE_DATE','Update Date',0x00,0x00,0x00,0x00,0x00,0x00,0x00,4,'CONSTITUENT_UPDATE_DATE','CONSTITUENT_CONSTITUENT_ID'),
 (980,0x00,0x00,'CONSTITUENT_MARITAL_STATUS','Marital Status',0x00,0x00,0x00,0x00,0x00,0x00,0x00,1,'CONSTITUENT_MARITAL_STATUS','CONSTITUENT_CONSTITUENT_ID'),
 (981,0x00,0x00,'GETCUSTOMFIELD(CONSTITUENT_CONSTITUENT_ID, \'constituent\', \'individual.birthDate\')','Birth Date',0x00,0x00,0x00,0x00,0x00,0x00,0x00,4,'INDIVIDUAL_BIRTHDATE','CONSTITUENT_CONSTITUENT_ID'),
 (982,0x00,0x00,'GETCUSTOMFIELD(CONSTITUENT_CONSTITUENT_ID, \'constituent\', \'individual.deceased\')','Deceased',0x00,0x00,0x00,0x00,0x00,0x00,0x00,6,'INDIVIDUAL_DECEASED','CONSTITUENT_CONSTITUENT_ID'),
 (983,0x00,0x00,'GETCUSTOMFIELD(CONSTITUENT_CONSTITUENT_ID, \'constituent\', \'individual.gender\')','Gender',0x00,0x00,0x00,0x00,0x00,0x00,0x00,1,'INDIVIDUAL_GENDER','CONSTITUENT_CONSTITUENT_ID'),
 (984,0x00,0x00,'GETCUSTOMFIELD(CONSTITUENT_CONSTITUENT_ID, \'constituent\', \'individual.race\')','Race',0x00,0x00,0x00,0x00,0x00,0x00,0x00,1,'INDIVIDUAL_RACE','CONSTITUENT_CONSTITUENT_ID'),
 (985,0x00,0x00,'GETCUSTOMFIELD(CONSTITUENT_CONSTITUENT_ID, \'constituent\', \'individual.military\')','Military',0x00,0x00,0x00,0x00,0x00,0x00,0x00,1,'INDIVIDUAL_MILITARY','CONSTITUENT_CONSTITUENT_ID'),
 (986,0x00,0x00,'GETCUSTOMFIELD(CONSTITUENT_CONSTITUENT_ID, \'constituent\', \'organization.matching\')','Matching',0x00,0x00,0x00,0x00,0x00,0x00,0x00,1,'ORGANIZATION_MATCHING','CONSTITUENT_CONSTITUENT_ID'),
 (987,0x00,0x00,'GETCUSTOMFIELD(CONSTITUENT_CONSTITUENT_ID, \'constituent\', \'organization.percentMatch\')','Percent Matching',0x00,0x00,0x00,0x00,0x00,0x00,0x00,3,'ORGANIZATION_PERCENTMATCH','CONSTITUENT_CONSTITUENT_ID'),
 (988,0x00,0x00,'GETCUSTOMFIELD(CONSTITUENT_CONSTITUENT_ID, \'constituent\', \'organization.maximumAnnualLimit\')','Maximum Annual Limit',0x00,0x00,0x00,0x00,0x00,0x00,0x00,5,'ORGANIZATION_MAXIMUMMATCH','CONSTITUENT_CONSTITUENT_ID'),
 (989,0x00,0x00,'GETCUSTOMFIELD(CONSTITUENT_CONSTITUENT_ID, \'constituent\', \'organization.minimumGiftMatch\')','Mimimum Gift Match',0x00,0x00,0x00,0x00,0x00,0x00,0x00,5,'ORGANIZATION_MINIMUMGIFTMATCH','CONSTITUENT_CONSTITUENT_ID'),
 (990,0x00,0x00,'GETCUSTOMFIELD(CONSTITUENT_CONSTITUENT_ID, \'constituent\', \'organization.totalPerEmployeePerYear\')','Total Per Employee Per Year',0x00,0x00,0x00,0x00,0x00,0x00,0x00,5,'ORGANIZATION_TOTALPEREMPLOYEEPERYEAR','CONSTITUENT_CONSTITUENT_ID'),
 (991,0x00,0x00,'GETCUSTOMFIELDDISPLAYVALUECONCATENATED(CONSTITUENT_CONSTITUENT_ID, \'constituent\', \'organization.eligibility\', \'customFieldMap[organization.eligibility]\')','Eligibility',0x00,0x00,0x00,0x00,0x00,0x00,0x00,1,'ORGANIZATION_MINIMUMGIFTMATCH','CONSTITUENT_CONSTITUENT_ID'),
 (992,0x00,0x00,'GETCUSTOMFIELDCONCATENATED(CONSTITUENT_CONSTITUENT_ID, \'constituent\', \'organization.eligibleFunds\')','Eligible Funds',0x00,0x00,0x00,0x00,0x00,0x00,0x00,1,'ORGANIZATION_ELIGIBLEFUNDS','CONSTITUENT_CONSTITUENT_ID'),
 (993,0x00,0x00,'GETCUSTOMFIELDCONCATENATED(CONSTITUENT_CONSTITUENT_ID, \'constituent\', \'organization.additional_eligibleFunds\')','Eligible Funds - Additional',0x00,0x00,0x00,0x00,0x00,0x00,0x00,1,'ORGANIZATION_ELIGIBLEFUNDSADDITIONAL','CONSTITUENT_CONSTITUENT_ID'),
 (994,0x00,0x00,'GETCUSTOMFIELDCONCATENATED(CONSTITUENT_CONSTITUENT_ID, \'constituent\', \'organization.eligibleOrganizations\')','Eligible Organizations',0x00,0x00,0x00,0x00,0x00,0x00,0x00,1,'ORGANIZATION_ELIGIBLEORGANIZATIONS','CONSTITUENT_CONSTITUENT_ID'),
 (995,0x00,0x00,'GETCUSTOMFIELDCONCATENATED(CONSTITUENT_CONSTITUENT_ID, \'constituent\', \'organization.additional_eligibleOrganizations\')','Eligible Organizations - Additional',0x00,0x00,0x00,0x00,0x00,0x00,0x00,1,'ORGANIZATION_ELIGIBLEORGANIZATIONSADDITIONAL','CONSTITUENT_CONSTITUENT_ID'),
 (996,0x00,0x00,'GETCUSTOMFIELDCONCATENATED(CONSTITUENT_CONSTITUENT_ID, \'constituent\', \'organization.ineligibleOrganizations\')','Ineligible Organizations',0x00,0x00,0x00,0x00,0x00,0x00,0x00,1,'ORGANIZATION_INELIGIBLEORGANIZATIONS','CONSTITUENT_CONSTITUENT_ID'),
 (997,0x00,0x00,'GETCUSTOMFIELDCONCATENATED(CONSTITUENT_CONSTITUENT_ID, \'constituent\', \'organization.additional_ineligibleOrganizations\')','Ineligible Organizations - Additional',0x00,0x00,0x00,0x00,0x00,0x00,0x00,1,'ORGANIZATION_INELIGIBLEORGANIZATIONSADDITIONAL','CONSTITUENT_CONSTITUENT_ID'),
 (998,0x00,0x00,'GETCUSTOMFIELD(CONSTITUENT_CONSTITUENT_ID, \'constituent\', \'organization.onlineMatchingGiftForm\')','Matching Gift Form',0x00,0x00,0x00,0x00,0x00,0x00,0x00,1,'ORGANIZATION_MATCHINGGIFTFORM','CONSTITUENT_CONSTITUENT_ID'),
 (999,0x00,0x00,'GETPICKLISTDISPLAYVALUE(\'customFieldMap[organization.programStartMonth]\', GETCUSTOMFIELD(CONSTITUENT_CONSTITUENT_ID, \'constituent\', \'organization.programStartMonth\'))','Program Start Month',0x00,0x00,0x00,0x00,0x00,0x00,0x00,1,'ORGANIZATION_PROGRAMSTARTMONTH','CONSTITUENT_CONSTITUENT_ID'),
 (1000,0x00,0x00,'GETCONSTITUENTACCOUNTNUMBER(GETCUSTOMFIELD(CONSTITUENT_CONSTITUENT_ID, \'constituent\', \'organization.programContact\'))','Program Contact Account Number',0x00,0x00,0x00,0x00,0x00,0x00,0x00,2,'ORGANIZATION_PROGRAMCONTACTACCOUNTNUMBER','CONSTITUENT_CONSTITUENT_ID'),
 (1001,0x00,0x00,'GETCONSTITUENTDISPLAYNAME(GETCUSTOMFIELD(CONSTITUENT_CONSTITUENT_ID, \'constituent\', \'organization.programContact\'))','Program Contact Account Name',0x00,0x00,0x00,0x00,0x00,0x00,0x00,1,'ORGANIZATION_PROGRAMCONTACTACCOUNTNAME','CONSTITUENT_CONSTITUENT_ID'),
 (1002,0x00,0x00,'GETCUSTOMFIELD(CONSTITUENT_CONSTITUENT_ID, \'constituent\', \'organization.procedureForRequestingMatch\')','Procedure For Requesting Match',0x00,0x00,0x00,0x00,0x00,0x00,0x00,1,'ORGANIZATION_PROCEDUREFORREQUESTINGMATCH','CONSTITUENT_CONSTITUENT_ID'),
 (1003,0x00,0x00,'CONSTITUENT_SITE_NAME','Site Name',0x00,0x00,0x00,0x00,0x00,0x00,0x00,1,'CONSTITUENT_SITE_NAME','CONSTITUENT_CONSTITUENT_ID'),
 (1004,0x00,0x00,'GIFT_GIFT_ID','Gift Reference Number',0x01,0x00,0x00,0x00,0x00,0x00,0x00,2,'GIFT_GIFT_ID','GIFT_GIFT_ID'),
 (1005,0x00,0x00,'GIFT_AMOUNT','Gift Amount',0x01,0x00,0x00,0x00,0x00,0x00,0x00,5,'GIFT_AMOUNT','GIFT_GIFT_ID'),
 (1006,0x00,0x00,'GIFT_CURRENCY_CODE','Currency Code',0x00,0x00,0x00,0x00,0x00,0x00,0x00,1,'GIFT_CURRENCY_CODE','GIFT_GIFT_ID'),
 (1007,0x00,0x00,'GIFT_DONATION_DATE','Donation Date',0x01,0x00,0x00,0x00,0x00,0x00,0x00,4,'GIFT_DONATION_DATE','GIFT_GIFT_ID'),
 (1008,0x00,0x00,'GIFT_POSTMARK_DATE','Postmark Date',0x00,0x00,0x00,0x00,0x00,0x00,0x00,4,'GIFT_POSTMARK_DATE','GIFT_GIFT_ID'),
 (1009,0x00,0x00,'GIFT_COMMENTS','Comments',0x00,0x00,0x00,0x00,0x00,0x00,0x00,1,'GIFT_COMMENTS','GIFT_GIFT_ID'),
 (1010,0x00,0x00,'GIFT_TRANSACTIONDATE','Transaction Date',0x00,0x00,0x00,0x00,0x00,0x00,0x00,4,'GIFT_TRANSACTIONDATE','GIFT_GIFT_ID'),
 (1011,0x00,0x00,'GIFT_PAYMENT_SOURCE_PAYMENT_PROFILE_DESCRIPTION','Payment Profile Description',0x00,0x00,0x00,0x00,0x00,0x00,0x00,1,'GIFT_PAYMENT_SOURCE_PAYMENT_PROFILE_DESCRIPTION','GIFT_GIFT_ID'),
 (1012,0x00,0x00,'GIFT_PAYMENT_SOURCE_INACTIVE','Payment Method Inactive',0x00,0x00,0x00,0x00,0x00,0x00,0x00,6,'GIFT_PAYMENT_SOURCE_INACTIVE','GIFT_GIFT_ID'),
 (1013,0x00,0x00,'GIFT_PAYMENT_TYPE','Payment Method',0x00,0x00,0x00,0x00,0x00,0x00,0x00,1,'GIFT_PAYMENT_TYPE','GIFT_GIFT_ID'),
 (1014,0x00,0x00,'GIFT_PAYMENT_SOURCE_CREDIT_CARD_TYPE','Credit Card Type',0x00,0x00,0x00,0x00,0x00,0x00,0x00,1,'GIFT_PAYMENT_SOURCE_CREDIT_CARD_TYPE','GIFT_GIFT_ID'),
 (1015,0x00,0x00,'GIFT_PAYMENT_SOURCE_CREDIT_CARD_HOLDER_NAME','Credit Card Holder Name',0x00,0x00,0x00,0x00,0x00,0x00,0x00,1,'GIFT_PAYMENT_SOURCE_CREDIT_CARD_HOLDER_NAME','GIFT_GIFT_ID'),
 (1016,0x00,0x00,'GIFT_PAYMENT_SOURCE_CREDIT_CARD_EXPIRATION','Credit Card Expiration',0x00,0x00,0x00,0x00,0x00,0x00,0x00,1,'GIFT_PAYMENT_SOURCE_CREDIT_CARD_EXPIRATION','GIFT_GIFT_ID'),
 (1017,0x00,0x00,'GIFT_PAYMENT_SOURCE_CREDIT_CARD_EXPIRATION_DATE','Credit Card Expiration (Date / Time)',0x00,0x00,0x00,0x00,0x00,0x00,0x00,4,'GIFT_PAYMENT_SOURCE_CREDIT_CARD_EXPIRATION_DATE','GIFT_GIFT_ID'),
 (1018,0x00,0x00,'GIFT_PAYMENT_SOURCE_ACH_HOLDER_NAME','ACH Holder Name',0x00,0x00,0x00,0x00,0x00,0x00,0x00,1,'GIFT_PAYMENT_SOURCE_ACH_HOLDER_NAME','GIFT_GIFT_ID'),
 (1019,0x00,0x00,'GIFT_PAYMENT_SOURCE_ACH_ROUTING_NUMBER','ACH Routing Number',0x00,0x00,0x00,0x00,0x00,0x00,0x00,1,'GIFT_PAYMENT_SOURCE_ACH_ROUTING_NUMBER','GIFT_GIFT_ID'),
 (1020,0x00,0x00,'GIFT_PAYMENT_SOURCE_LAST_FOUR_DIGITS','Credit Card / ACH Account Number - Last 4 Digits',0x00,0x00,0x00,0x00,0x00,0x00,0x00,1,'GIFT_PAYMENT_SOURCE_LAST_FOUR_DIGITS','GIFT_GIFT_ID'),
 (1021,0x00,0x00,'GIFT_CHECK_NUMBER','Check Number',0x00,0x00,0x00,0x00,0x00,0x00,0x00,2,'GIFT_CHECK_NUMBER','GIFT_GIFT_ID'),
 (1022,0x00,0x00,'GIFT_AUTH_CODE','Authorization Code',0x00,0x00,0x00,0x00,0x00,0x00,0x00,1,'GIFT_AUTH_CODE','GIFT_GIFT_ID'),
 (1023,0x00,0x00,'GIFT_PAYMENT_ADDRESS_ADDRESS_LINE_1','Address Line 1',0x00,0x00,0x00,0x00,0x00,0x00,0x00,1,'GIFT_PAYMENT_ADDRESS_ADDRESS_LINE_1','GIFT_GIFT_ID'),
 (1024,0x00,0x00,'GIFT_PAYMENT_ADDRESS_ADDRESS_LINE_2','Address Line 2',0x00,0x00,0x00,0x00,0x00,0x00,0x00,1,'GIFT_PAYMENT_ADDRESS_ADDRESS_LINE_2','GIFT_GIFT_ID'),
 (1025,0x00,0x00,'GIFT_PAYMENT_ADDRESS_ADDRESS_LINE_3','Address Line 3',0x00,0x00,0x00,0x00,0x00,0x00,0x00,1,'GIFT_PAYMENT_ADDRESS_ADDRESS_LINE_3','GIFT_GIFT_ID'),
 (1026,0x00,0x00,'GIFT_PAYMENT_ADDRESS_CITY','City',0x00,0x00,0x00,0x00,0x00,0x00,0x00,1,'GIFT_PAYMENT_ADDRESS_CITY','GIFT_GIFT_ID'),
 (1027,0x00,0x00,'GIFT_PAYMENT_ADDRESS_STATE_PROVINCE','State/Province',0x00,0x00,0x00,0x00,0x00,0x00,0x00,1,'GIFT_PAYMENT_ADDRESS_STATE_PROVINCE','GIFT_GIFT_ID'),
 (1028,0x00,0x00,'GIFT_PAYMENT_ADDRESS_POSTAL_CODE','Zip/Postal Code',0x00,0x00,0x00,0x00,0x00,0x00,0x00,1,'GIFT_PAYMENT_ADDRESS_POSTAL_CODE','GIFT_GIFT_ID'),
 (1029,0x00,0x00,'GIFT_PAYMENT_ADDRESS_COUNTRY','Country',0x00,0x00,0x00,0x00,0x00,0x00,0x00,1,'GIFT_PAYMENT_ADDRESS_COUNTRY','GIFT_GIFT_ID'),
 (1030,0x00,0x00,'GIFT_PAYMENT_ADDRESS_IS_PRIMARY','Primary Address',0x00,0x00,0x00,0x00,0x00,0x00,0x00,6,'GIFT_PAYMENT_ADDRESS_IS_PRIMARY','GIFT_GIFT_ID'),
 (1031,0x00,0x00,'GIFT_PAYMENT_ADDRESS_UNDELIVERABLE','Address Undeliverable',0x00,0x00,0x00,0x00,0x00,0x00,0x00,6,'GIFT_PAYMENT_ADDRESS_UNDELIVERABLE','GIFT_GIFT_ID'),
 (1032,0x00,0x00,'GIFT_PAYMENT_ADDRESS_INACTIVE','Address Inactive',0x00,0x00,0x00,0x00,0x00,0x00,0x00,6,'GIFT_PAYMENT_ADDRESS_INACTIVE','GIFT_GIFT_ID'),
 (1033,0x00,0x00,'GIFT_PAYMENT_PHONE_NUMBER','Phone Number',0x00,0x00,0x00,0x00,0x00,0x00,0x00,1,'GIFT_PAYMENT_PHONE_NUMBER','GIFT_GIFT_ID'),
 (1034,0x00,0x00,'GIFT_PAYMENT_PHONE_IS_PRIMARY','Primary Phone',0x00,0x00,0x00,0x00,0x00,0x00,0x00,6,'GIFT_PAYMENT_PHONE_IS_PRIMARY','GIFT_GIFT_ID'),
 (1035,0x00,0x00,'GIFT_PAYMENT_PHONE_UNDELIVERABLE','Phone Undeliverable',0x00,0x00,0x00,0x00,0x00,0x00,0x00,6,'GIFT_PAYMENT_PHONE_UNDELIVERABLE','GIFT_GIFT_ID'),
 (1036,0x00,0x00,'GIFT_PAYMENT_PHONE_INACTIVE','Phone Inactive',0x00,0x00,0x00,0x00,0x00,0x00,0x00,6,'GIFT_PAYMENT_PHONE_INACTIVE','GIFT_GIFT_ID'),
 (1037,0x00,0x00,'GIFT_ACKNOWLEDGEMENT_EMAIL_EMAIL_ADDRESS','Receipt Email',0x00,0x00,0x00,0x00,0x00,0x00,0x00,1,'GIFT_ACKNOWLEDGEMENT_EMAIL_EMAIL_ADDRESS','GIFT_GIFT_ID'),
 (1038,0x00,0x00,'GIFT_SEND_ACKNOWLEDGMENT','Send Acknowledgment',0x00,0x00,0x00,0x00,0x00,0x00,0x00,6,'GIFT_SEND_ACKNOWLEDGMENT','GIFT_GIFT_ID'),
 (1039,0x00,0x00,'GIFT_ACKNOWLEDGMENT_DATE','Acknowledgment Date',0x00,0x00,0x00,0x00,0x00,0x00,0x00,4,'GIFT_ACKNOWLEDGMENT_DATE','GIFT_GIFT_ID'),
 (1040,0x00,0x00,'DISTRO_LINE_DISTRO_LINE_ID','Gift Distribution Reference Number',0x01,0x00,0x00,0x00,0x00,0x00,0x00,2,'DISTRO_LINE_DISTRO_LINE_ID','DISTRO_LINE_DISTRO_LINE_ID'),
 (1041,0x00,0x00,'DISTRO_LINE_AMOUNT','Gift Distribution Amount',0x01,0x00,0x00,0x00,0x00,0x00,0x00,5,'DISTRO_LINE_AMOUNT','DISTRO_LINE_DISTRO_LINE_ID'),
 (1042,0x00,0x00,'DISTRO_LINE_PERCENTAGE','Percentage',0x00,0x00,0x00,0x00,0x00,0x00,0x00,3,'DISTRO_LINE_PERCENTAGE','DISTRO_LINE_DISTRO_LINE_ID');
INSERT INTO `REPORTFIELD` (`REPORTFIELD_ID`,`AVERAGE`,`CAN_BE_SUMMARIZED`,`COLUMN_NAME`,`DISPLAY_NAME`,`IS_DEFAULT`,`IS_SUMMARIZED`,`LARGEST_VALUE`,`PERFORMSUMMARY`,`RECORD_COUNT`,`IS_SELECTED`,`SMALLEST_VALUE`,`FIELD_TYPE`,`ALIAS_NAME`,`PRIMARY_KEYS`) VALUES 
 (1043,0x00,0x00,'DISTRO_LINE_PROJECT_CODE','Designation',0x00,0x00,0x00,0x00,0x00,0x00,0x00,1,'DISTRO_LINE_PROJECT_CODE','DISTRO_LINE_DISTRO_LINE_ID'),
 (1044,0x00,0x00,'GETPICKLISTDISPLAYVALUE(\'projectCode\', DISTRO_LINE_PROJECT_CODE)','Designation Description',0x00,0x00,0x00,0x00,0x00,0x00,0x00,1,'DISTRO_LINE_PROJECT_CODE_DESCRIPTION','DISTRO_LINE_DISTRO_LINE_ID'),
 (1045,0x00,0x00,'GETCUSTOMFIELD(GETPICKLISTITEMIDBYDEFAULTDISPLAYVALUE(\'projectCode\', DISTRO_LINE_PROJECT_CODE), \'picklistItem\', \'01-GLPART1\')','Designation GL Part 1',0x00,0x00,0x00,0x00,0x00,0x00,0x00,1,'DISTRO_LINE_PROJECT_CODE_GLPART1','DISTRO_LINE_DISTRO_LINE_ID'),
 (1046,0x00,0x00,'GETCUSTOMFIELD(GETPICKLISTITEMIDBYDEFAULTDISPLAYVALUE(\'projectCode\', DISTRO_LINE_PROJECT_CODE), \'picklistItem\', \'02-GLPART2\')','Designation GL Part 2',0x00,0x00,0x00,0x00,0x00,0x00,0x00,1,'DISTRO_LINE_PROJECT_CODE_GLPART2','DISTRO_LINE_DISTRO_LINE_ID'),
 (1047,0x00,0x00,'GETCUSTOMFIELD(GETPICKLISTITEMIDBYDEFAULTDISPLAYVALUE(\'projectCode\', DISTRO_LINE_PROJECT_CODE), \'picklistItem\', \'03-GLPART3\')','Designation GL Part 3',0x00,0x00,0x00,0x00,0x00,0x00,0x00,1,'DISTRO_LINE_PROJECT_CODE_GLPART3','DISTRO_LINE_DISTRO_LINE_ID'),
 (1048,0x00,0x00,'GETCUSTOMFIELD(GETPICKLISTITEMIDBYDEFAULTDISPLAYVALUE(\'projectCode\', DISTRO_LINE_PROJECT_CODE), \'picklistItem\', \'04-GLPART4\')','Designation GL Part 4',0x00,0x00,0x00,0x00,0x00,0x00,0x00,1,'DISTRO_LINE_PROJECT_CODE_GLPART4','DISTRO_LINE_DISTRO_LINE_ID'),
 (1049,0x00,0x00,'GETCUSTOMFIELD(GETPICKLISTITEMIDBYDEFAULTDISPLAYVALUE(\'projectCode\', DISTRO_LINE_PROJECT_CODE), \'picklistItem\', \'GLAccountCode\')','Designation GL Account Code',0x00,0x00,0x00,0x00,0x00,0x00,0x00,1,'DISTRO_LINE_PROJECT_CODE_GLACCOUNTCODE','DISTRO_LINE_DISTRO_LINE_ID'),
 (1050,0x00,0x00,'GETCUSTOMFIELD(GETPICKLISTITEMIDBYDEFAULTDISPLAYVALUE(\'projectCode\', DISTRO_LINE_PROJECT_CODE), \'picklistItem\', \'AccountString1\')','Designation GL Account String 1',0x00,0x00,0x00,0x00,0x00,0x00,0x00,1,'DISTRO_LINE_PROJECT_CODE_GLACCOUNTSTRING1','DISTRO_LINE_DISTRO_LINE_ID'),
 (1051,0x00,0x00,'GETCUSTOMFIELD(GETPICKLISTITEMIDBYDEFAULTDISPLAYVALUE(\'projectCode\', DISTRO_LINE_PROJECT_CODE), \'picklistItem\', \'AccountString2\')','Designation GL Account String 2',0x00,0x00,0x00,0x00,0x00,0x00,0x00,1,'DISTRO_LINE_PROJECT_CODE_GLACCOUNTSTRING2','DISTRO_LINE_DISTRO_LINE_ID'),
 (1052,0x00,0x00,'DISTRO_LINE_MOTIVATION_CODE','Motivation',0x00,0x00,0x00,0x00,0x00,0x00,0x00,1,'DISTRO_LINE_MOTIVATION_CODE','DISTRO_LINE_DISTRO_LINE_ID'),
 (1053,0x00,0x00,'GETPICKLISTDISPLAYVALUE(\'motivationCode\', DISTRO_LINE_MOTIVATION_CODE)','Motivation Description',0x00,0x00,0x00,0x00,0x00,0x00,0x00,1,'DISTRO_LINE_MOTIVATION_CODE_DESCRIPTION','DISTRO_LINE_DISTRO_LINE_ID'),
 (1054,0x00,0x00,'GETCONSTITUENTACCOUNTNUMBER(GETCUSTOMFIELD(DISTRO_LINE_DISTRO_LINE_ID, \'distributionline\', \'reference\'))','Reference Account Number',0x00,0x00,0x00,0x00,0x00,0x00,0x00,2,'REFERENCE_ACCOUNT_NUMBER','DISTRO_LINE_DISTRO_LINE_ID'),
 (1055,0x00,0x00,'IFNULL(GETCONSTITUENTDISPLAYNAME(GETCUSTOMFIELD(DISTRO_LINE_DISTRO_LINE_ID, \'distributionline\', \'reference\')), GETCUSTOMFIELD(DISTRO_LINE_DISTRO_LINE_ID, \'distributionline\', \'other_reference\'))','Reference Account Name',0x00,0x00,0x00,0x00,0x00,0x00,0x00,1,'REFERENCE_ACCOUNT_NAME','DISTRO_LINE_DISTRO_LINE_ID'),
 (1056,0x00,0x00,'CONSTITUENT_ACCOUNT_NUMBER','Account Number',0x01,0x00,0x00,0x00,0x00,0x00,0x00,2,'CONSTITUENT_ACCOUNT_NUMBER','CONSTITUENT_CONSTITUENT_ID'),
 (1057,0x00,0x00,'GETCONSTITUENTDISPLAYNAME(GETCUSTOMFIELD(CONSTITUENT_CONSTITUENT_ID, \'constituent\', \'accountManager\'))','Account Manager Name',0x00,0x00,0x00,0x00,0x00,0x00,0x00,1,'ACCOUNTMANAGER','CONSTITUENT_CONSTITUENT_ID'),
 (1058,0x00,0x00,'GETCONSTITUENTACCOUNTNUMBER(GETCUSTOMFIELD(CONSTITUENT_CONSTITUENT_ID, \'constituent\', \'accountManager\'))','Account Manager Account Number',0x00,0x00,0x00,0x00,0x00,0x00,0x00,2,'ACCOUNTMANAGERACCOUNTNUMBER','CONSTITUENT_CONSTITUENT_ID'),
 (1059,0x00,0x00,'CONSTITUENT_CONSTITUENT_TYPE','Constituent Type',0x01,0x00,0x00,0x00,0x00,0x00,0x00,1,'CONSTITUENT_CONSTITUENT_TYPE','CONSTITUENT_CONSTITUENT_ID'),
 (1060,0x00,0x00,'CONSTITUENT_CONSTITUENT_ROLE','Profile Type',0x00,0x00,0x00,0x00,0x00,0x00,0x00,1,'CONSTITUENT_CONSTITUENT_ROLE','CONSTITUENT_CONSTITUENT_ID'),
 (1061,0x00,0x00,'CONSTITUENT_DONOR_PROFILE','Donor Profile',0x00,0x00,0x00,0x00,0x00,0x00,0x00,1,'CONSTITUENT_DONOR_PROFILE','CONSTITUENT_CONSTITUENT_ID'),
 (1062,0x00,0x00,'CONSTITUENT_TITLE','Title',0x00,0x00,0x00,0x00,0x00,0x00,0x00,1,'CONSTITUENT_TITLE','CONSTITUENT_CONSTITUENT_ID'),
 (1063,0x00,0x00,'CONSTITUENT_FIRST_NAME','First Name',0x01,0x00,0x00,0x00,0x00,0x00,0x00,1,'CONSTITUENT_FIRST_NAME','CONSTITUENT_CONSTITUENT_ID'),
 (1064,0x00,0x00,'CONSTITUENT_MIDDLE_NAME','Middle Name',0x00,0x00,0x00,0x00,0x00,0x00,0x00,1,'CONSTITUENT_MIDDLE_NAME','CONSTITUENT_CONSTITUENT_ID'),
 (1065,0x00,0x00,'CONSTITUENT_LAST_NAME','Last Name',0x01,0x00,0x00,0x00,0x00,0x00,0x00,1,'CONSTITUENT_LAST_NAME','CONSTITUENT_CONSTITUENT_ID'),
 (1066,0x00,0x00,'CONSTITUENT_SUFFIX','Suffix',0x00,0x00,0x00,0x00,0x00,0x00,0x00,1,'CONSTITUENT_SUFFIX','CONSTITUENT_CONSTITUENT_ID'),
 (1067,0x00,0x00,'CONSTITUENT_RECOGNITION_NAME','Recognition Name',0x00,0x00,0x00,0x00,0x00,0x00,0x00,1,'CONSTITUENT_RECOGNITION_NAME','CONSTITUENT_CONSTITUENT_ID'),
 (1068,0x00,0x00,'CONSTITUENT_ORGANIZATION_NAME','Organization Name',0x00,0x00,0x00,0x00,0x00,0x00,0x00,1,'CONSTITUENT_ORGANIZATION_NAME','CONSTITUENT_CONSTITUENT_ID'),
 (1069,0x00,0x00,'CONSTITUENT_LEGAL_NAME','Legal Name',0x00,0x00,0x00,0x00,0x00,0x00,0x00,1,'CONSTITUENT_LEGAL_NAME','CONSTITUENT_CONSTITUENT_ID'),
 (1070,0x00,0x00,'GETCUSTOMFIELD(CONSTITUENT_CONSTITUENT_ID, \'constituent\', \'organization.website\')','Website',0x00,0x00,0x00,0x00,0x00,0x00,0x00,1,'ORGANIZATION_WEBSITE','CONSTITUENT_CONSTITUENT_ID'),
 (1071,0x00,0x00,'GETCUSTOMFIELD(CONSTITUENT_CONSTITUENT_ID, \'constituent\', \'organization.taxid\')','Tax ID',0x00,0x00,0x00,0x00,0x00,0x00,0x00,1,'ORGANIZATION_TAXID','CONSTITUENT_CONSTITUENT_ID'),
 (1072,0x00,0x00,'CONSTITUENT_NAICS_CODE','NAICS Code',0x00,0x00,0x00,0x00,0x00,0x00,0x00,1,'CONSTITUENT_NAICS_CODE','CONSTITUENT_CONSTITUENT_ID'),
 (1073,0x00,0x00,'GETCUSTOMFIELD(CONSTITUENT_CONSTITUENT_ID, \'constituent\', \'communicationPreferences\')','Communication Preferences',0x00,0x00,0x00,0x00,0x00,0x00,0x00,1,'COMMUNICATIONPREFERENCES','CONSTITUENT_CONSTITUENT_ID'),
 (1074,0x00,0x00,'GETCUSTOMFIELD(CONSTITUENT_CONSTITUENT_ID, \'constituent\', \'emailFormat\')','Email Format',0x00,0x00,0x00,0x00,0x00,0x00,0x00,1,'EMAILFORMAT','CONSTITUENT_CONSTITUENT_ID'),
 (1075,0x00,0x00,'CONSTITUENT_CREATE_DATE','Create Date',0x00,0x00,0x00,0x00,0x00,0x00,0x00,4,'CONSTITUENT_CREATE_DATE','CONSTITUENT_CONSTITUENT_ID'),
 (1076,0x00,0x00,'CONSTITUENT_UPDATE_DATE','Update Date',0x00,0x00,0x00,0x00,0x00,0x00,0x00,4,'CONSTITUENT_UPDATE_DATE','CONSTITUENT_CONSTITUENT_ID'),
 (1077,0x00,0x00,'CONSTITUENT_MARITAL_STATUS','Marital Status',0x00,0x00,0x00,0x00,0x00,0x00,0x00,1,'CONSTITUENT_MARITAL_STATUS','CONSTITUENT_CONSTITUENT_ID'),
 (1078,0x00,0x00,'GETCUSTOMFIELD(CONSTITUENT_CONSTITUENT_ID, \'constituent\', \'individual.birthDate\')','Birth Date',0x00,0x00,0x00,0x00,0x00,0x00,0x00,4,'INDIVIDUAL_BIRTHDATE','CONSTITUENT_CONSTITUENT_ID'),
 (1079,0x00,0x00,'GETCUSTOMFIELD(CONSTITUENT_CONSTITUENT_ID, \'constituent\', \'individual.deceased\')','Deceased',0x00,0x00,0x00,0x00,0x00,0x00,0x00,6,'INDIVIDUAL_DECEASED','CONSTITUENT_CONSTITUENT_ID'),
 (1080,0x00,0x00,'GETCUSTOMFIELD(CONSTITUENT_CONSTITUENT_ID, \'constituent\', \'individual.gender\')','Gender',0x00,0x00,0x00,0x00,0x00,0x00,0x00,1,'INDIVIDUAL_GENDER','CONSTITUENT_CONSTITUENT_ID'),
 (1081,0x00,0x00,'GETCUSTOMFIELD(CONSTITUENT_CONSTITUENT_ID, \'constituent\', \'individual.race\')','Race',0x00,0x00,0x00,0x00,0x00,0x00,0x00,1,'INDIVIDUAL_RACE','CONSTITUENT_CONSTITUENT_ID'),
 (1082,0x00,0x00,'GETCUSTOMFIELD(CONSTITUENT_CONSTITUENT_ID, \'constituent\', \'individual.military\')','Military',0x00,0x00,0x00,0x00,0x00,0x00,0x00,1,'INDIVIDUAL_MILITARY','CONSTITUENT_CONSTITUENT_ID'),
 (1083,0x00,0x00,'GETCUSTOMFIELD(CONSTITUENT_CONSTITUENT_ID, \'constituent\', \'organization.matching\')','Matching',0x00,0x00,0x00,0x00,0x00,0x00,0x00,1,'ORGANIZATION_MATCHING','CONSTITUENT_CONSTITUENT_ID'),
 (1084,0x00,0x00,'GETCUSTOMFIELD(CONSTITUENT_CONSTITUENT_ID, \'constituent\', \'organization.percentMatch\')','Percent Matching',0x00,0x00,0x00,0x00,0x00,0x00,0x00,3,'ORGANIZATION_PERCENTMATCH','CONSTITUENT_CONSTITUENT_ID'),
 (1085,0x00,0x00,'GETCUSTOMFIELD(CONSTITUENT_CONSTITUENT_ID, \'constituent\', \'organization.maximumAnnualLimit\')','Maximum Annual Limit',0x00,0x00,0x00,0x00,0x00,0x00,0x00,5,'ORGANIZATION_MAXIMUMMATCH','CONSTITUENT_CONSTITUENT_ID'),
 (1086,0x00,0x00,'GETCUSTOMFIELD(CONSTITUENT_CONSTITUENT_ID, \'constituent\', \'organization.minimumGiftMatch\')','Mimimum Gift Match',0x00,0x00,0x00,0x00,0x00,0x00,0x00,5,'ORGANIZATION_MINIMUMGIFTMATCH','CONSTITUENT_CONSTITUENT_ID'),
 (1087,0x00,0x00,'GETCUSTOMFIELD(CONSTITUENT_CONSTITUENT_ID, \'constituent\', \'organization.totalPerEmployeePerYear\')','Total Per Employee Per Year',0x00,0x00,0x00,0x00,0x00,0x00,0x00,5,'ORGANIZATION_TOTALPEREMPLOYEEPERYEAR','CONSTITUENT_CONSTITUENT_ID'),
 (1088,0x00,0x00,'GETCUSTOMFIELDDISPLAYVALUECONCATENATED(CONSTITUENT_CONSTITUENT_ID, \'constituent\', \'organization.eligibility\', \'customFieldMap[organization.eligibility]\')','Eligibility',0x00,0x00,0x00,0x00,0x00,0x00,0x00,1,'ORGANIZATION_MINIMUMGIFTMATCH','CONSTITUENT_CONSTITUENT_ID'),
 (1089,0x00,0x00,'GETCUSTOMFIELDCONCATENATED(CONSTITUENT_CONSTITUENT_ID, \'constituent\', \'organization.eligibleFunds\')','Eligible Funds',0x00,0x00,0x00,0x00,0x00,0x00,0x00,1,'ORGANIZATION_ELIGIBLEFUNDS','CONSTITUENT_CONSTITUENT_ID'),
 (1090,0x00,0x00,'GETCUSTOMFIELDCONCATENATED(CONSTITUENT_CONSTITUENT_ID, \'constituent\', \'organization.additional_eligibleFunds\')','Eligible Funds - Additional',0x00,0x00,0x00,0x00,0x00,0x00,0x00,1,'ORGANIZATION_ELIGIBLEFUNDSADDITIONAL','CONSTITUENT_CONSTITUENT_ID'),
 (1091,0x00,0x00,'GETCUSTOMFIELDCONCATENATED(CONSTITUENT_CONSTITUENT_ID, \'constituent\', \'organization.eligibleOrganizations\')','Eligible Organizations',0x00,0x00,0x00,0x00,0x00,0x00,0x00,1,'ORGANIZATION_ELIGIBLEORGANIZATIONS','CONSTITUENT_CONSTITUENT_ID'),
 (1092,0x00,0x00,'GETCUSTOMFIELDCONCATENATED(CONSTITUENT_CONSTITUENT_ID, \'constituent\', \'organization.additional_eligibleOrganizations\')','Eligible Organizations - Additional',0x00,0x00,0x00,0x00,0x00,0x00,0x00,1,'ORGANIZATION_ELIGIBLEORGANIZATIONSADDITIONAL','CONSTITUENT_CONSTITUENT_ID'),
 (1093,0x00,0x00,'GETCUSTOMFIELDCONCATENATED(CONSTITUENT_CONSTITUENT_ID, \'constituent\', \'organization.ineligibleOrganizations\')','Ineligible Organizations',0x00,0x00,0x00,0x00,0x00,0x00,0x00,1,'ORGANIZATION_INELIGIBLEORGANIZATIONS','CONSTITUENT_CONSTITUENT_ID'),
 (1094,0x00,0x00,'GETCUSTOMFIELDCONCATENATED(CONSTITUENT_CONSTITUENT_ID, \'constituent\', \'organization.additional_ineligibleOrganizations\')','Ineligible Organizations - Additional',0x00,0x00,0x00,0x00,0x00,0x00,0x00,1,'ORGANIZATION_INELIGIBLEORGANIZATIONSADDITIONAL','CONSTITUENT_CONSTITUENT_ID'),
 (1095,0x00,0x00,'GETCUSTOMFIELD(CONSTITUENT_CONSTITUENT_ID, \'constituent\', \'organization.onlineMatchingGiftForm\')','Matching Gift Form',0x00,0x00,0x00,0x00,0x00,0x00,0x00,1,'ORGANIZATION_MATCHINGGIFTFORM','CONSTITUENT_CONSTITUENT_ID'),
 (1096,0x00,0x00,'GETPICKLISTDISPLAYVALUE(\'customFieldMap[organization.programStartMonth]\', GETCUSTOMFIELD(CONSTITUENT_CONSTITUENT_ID, \'constituent\', \'organization.programStartMonth\'))','Program Start Month',0x00,0x00,0x00,0x00,0x00,0x00,0x00,1,'ORGANIZATION_PROGRAMSTARTMONTH','CONSTITUENT_CONSTITUENT_ID'),
 (1097,0x00,0x00,'GETCONSTITUENTACCOUNTNUMBER(GETCUSTOMFIELD(CONSTITUENT_CONSTITUENT_ID, \'constituent\', \'organization.programContact\'))','Program Contact Account Number',0x00,0x00,0x00,0x00,0x00,0x00,0x00,2,'ORGANIZATION_PROGRAMCONTACTACCOUNTNUMBER','CONSTITUENT_CONSTITUENT_ID'),
 (1098,0x00,0x00,'GETCONSTITUENTDISPLAYNAME(GETCUSTOMFIELD(CONSTITUENT_CONSTITUENT_ID, \'constituent\', \'organization.programContact\'))','Program Contact Account Name',0x00,0x00,0x00,0x00,0x00,0x00,0x00,1,'ORGANIZATION_PROGRAMCONTACTACCOUNTNAME','CONSTITUENT_CONSTITUENT_ID'),
 (1099,0x00,0x00,'GETCUSTOMFIELD(CONSTITUENT_CONSTITUENT_ID, \'constituent\', \'organization.procedureForRequestingMatch\')','Procedure For Requesting Match',0x00,0x00,0x00,0x00,0x00,0x00,0x00,1,'ORGANIZATION_PROCEDUREFORREQUESTINGMATCH','CONSTITUENT_CONSTITUENT_ID'),
 (1100,0x00,0x00,'CONSTITUENT_SITE_NAME','Site Name',0x00,0x00,0x00,0x00,0x00,0x00,0x00,1,'CONSTITUENT_SITE_NAME','CONSTITUENT_CONSTITUENT_ID'),
 (1101,0x00,0x00,'GIFT_IN_KIND_GIFT_IN_KIND_ID','Gift In Kind Reference Number',0x01,0x00,0x00,0x00,0x00,0x00,0x00,2,'GIFT_IN_KIND_GIFT_IN_KIND_ID','GIFT_IN_KIND_GIFT_IN_KIND_ID'),
 (1102,0x00,0x00,'GETCONSTITUENTACCOUNTNUMBER(GIFT_IN_KIND_CONSTITUENT_ID)','Account Number',0x01,0x00,0x00,0x00,0x00,0x00,0x00,2,'GIFT_IN_KIND_CONSTITUENT_ID','GIFT_IN_KIND_GIFT_IN_KIND_ID'),
 (1103,0x00,0x00,'GIFT_IN_KIND_FAIR_MARKET_VALUE','Fair Market Value',0x01,0x00,0x00,0x00,0x00,0x00,0x00,5,'GIFT_IN_KIND_FAIR_MARKET_VALUE','GIFT_IN_KIND_GIFT_IN_KIND_ID'),
 (1104,0x00,0x00,'GIFT_IN_KIND_CURRENCY_CODE','Currency Code',0x01,0x00,0x00,0x00,0x00,0x00,0x00,1,'GIFT_IN_KIND_CURRENCY_CODE','GIFT_IN_KIND_GIFT_IN_KIND_ID'),
 (1105,0x00,0x00,'GIFT_IN_KIND_DONATION_DATE','Donation Date',0x01,0x00,0x00,0x00,0x00,0x00,0x00,4,'GIFT_IN_KIND_DONATION_DATE','GIFT_IN_KIND_GIFT_IN_KIND_ID'),
 (1106,0x00,0x00,'GIFT_IN_KIND_MOTIVATION_CODE','Motivation Code',0x00,0x00,0x00,0x00,0x00,0x00,0x00,1,'GIFT_IN_KIND_MOTIVATION_CODE','GIFT_IN_KIND_GIFT_IN_KIND_ID'),
 (1107,0x00,0x00,'GETPICKLISTDISPLAYVALUE(\'motivationCode\', GIFT_IN_KIND_MOTIVATION_CODE)','Motivation Code Description',0x00,0x00,0x00,0x00,0x00,0x00,0x00,1,'GIFT_IN_KIND_MOTIVATION_CODE','GIFT_IN_KIND_GIFT_IN_KIND_ID'),
 (1108,0x00,0x00,'GIFT_IN_KIND_TRANSACTION_DATE','Transaction Date',0x00,0x00,0x00,0x00,0x00,0x00,0x00,4,'GIFT_IN_KIND_TRANSACTION_DATE','GIFT_IN_KIND_GIFT_IN_KIND_ID'),
 (1109,0x00,0x00,'GIFT_IN_KIND_GIFT_ID','Gift Reference Number',0x00,0x00,0x00,0x00,0x00,0x00,0x00,2,'GIFT_IN_KIND_GIFT_ID','GIFT_IN_KIND_GIFT_IN_KIND_ID'),
 (1110,0x00,0x00,'GIFT_IN_KIND_CREATE_DATE','Create Date',0x00,0x00,0x00,0x00,0x00,0x00,0x00,4,'GIFT_IN_KIND_CREATE_DATE','GIFT_IN_KIND_GIFT_IN_KIND_ID'),
 (1111,0x00,0x00,'GIFT_IN_KIND_UPDATE_DATE','Update Date',0x00,0x00,0x00,0x00,0x00,0x00,0x00,4,'GIFT_IN_KIND_UPDATE_DATE','GIFT_IN_KIND_GIFT_IN_KIND_ID'),
 (1112,0x00,0x00,'GIFT_IN_KIND_ANONYMOUS','Anonymous',0x00,0x00,0x00,0x00,0x00,0x00,0x00,1,'GIFT_IN_KIND_ANONYMOUS','GIFT_IN_KIND_GIFT_IN_KIND_ID'),
 (1113,0x00,0x00,'GIFT_IN_KIND_RECOGNITION_NAME','Recognition Name',0x00,0x00,0x00,0x00,0x00,0x00,0x00,1,'GIFT_IN_KIND_RECOGNITION_NAME','GIFT_IN_KIND_GIFT_IN_KIND_ID'),
 (1114,0x00,0x00,'CONSTITUENT_ACCOUNT_NUMBER','Account Number',0x01,0x00,0x00,0x00,0x00,0x00,0x00,2,'CONSTITUENT_ACCOUNT_NUMBER','CONSTITUENT_CONSTITUENT_ID'),
 (1115,0x00,0x00,'GETCONSTITUENTDISPLAYNAME(GETCUSTOMFIELD(CONSTITUENT_CONSTITUENT_ID, \'constituent\', \'accountManager\'))','Account Manager Name',0x00,0x00,0x00,0x00,0x00,0x00,0x00,1,'ACCOUNTMANAGER','CONSTITUENT_CONSTITUENT_ID'),
 (1116,0x00,0x00,'GETCONSTITUENTACCOUNTNUMBER(GETCUSTOMFIELD(CONSTITUENT_CONSTITUENT_ID, \'constituent\', \'accountManager\'))','Account Manager Account Number',0x00,0x00,0x00,0x00,0x00,0x00,0x00,2,'ACCOUNTMANAGERACCOUNTNUMBER','CONSTITUENT_CONSTITUENT_ID'),
 (1117,0x00,0x00,'CONSTITUENT_CONSTITUENT_TYPE','Constituent Type',0x01,0x00,0x00,0x00,0x00,0x00,0x00,1,'CONSTITUENT_CONSTITUENT_TYPE','CONSTITUENT_CONSTITUENT_ID'),
 (1118,0x00,0x00,'CONSTITUENT_CONSTITUENT_ROLE','Profile Type',0x00,0x00,0x00,0x00,0x00,0x00,0x00,1,'CONSTITUENT_CONSTITUENT_ROLE','CONSTITUENT_CONSTITUENT_ID'),
 (1119,0x00,0x00,'CONSTITUENT_DONOR_PROFILE','Donor Profile',0x00,0x00,0x00,0x00,0x00,0x00,0x00,1,'CONSTITUENT_DONOR_PROFILE','CONSTITUENT_CONSTITUENT_ID'),
 (1120,0x00,0x00,'CONSTITUENT_TITLE','Title',0x00,0x00,0x00,0x00,0x00,0x00,0x00,1,'CONSTITUENT_TITLE','CONSTITUENT_CONSTITUENT_ID'),
 (1121,0x00,0x00,'CONSTITUENT_FIRST_NAME','First Name',0x01,0x00,0x00,0x00,0x00,0x00,0x00,1,'CONSTITUENT_FIRST_NAME','CONSTITUENT_CONSTITUENT_ID'),
 (1122,0x00,0x00,'CONSTITUENT_MIDDLE_NAME','Middle Name',0x00,0x00,0x00,0x00,0x00,0x00,0x00,1,'CONSTITUENT_MIDDLE_NAME','CONSTITUENT_CONSTITUENT_ID'),
 (1123,0x00,0x00,'CONSTITUENT_LAST_NAME','Last Name',0x01,0x00,0x00,0x00,0x00,0x00,0x00,1,'CONSTITUENT_LAST_NAME','CONSTITUENT_CONSTITUENT_ID'),
 (1124,0x00,0x00,'CONSTITUENT_SUFFIX','Suffix',0x00,0x00,0x00,0x00,0x00,0x00,0x00,1,'CONSTITUENT_SUFFIX','CONSTITUENT_CONSTITUENT_ID'),
 (1125,0x00,0x00,'CONSTITUENT_RECOGNITION_NAME','Recognition Name',0x00,0x00,0x00,0x00,0x00,0x00,0x00,1,'CONSTITUENT_RECOGNITION_NAME','CONSTITUENT_CONSTITUENT_ID'),
 (1126,0x00,0x00,'CONSTITUENT_ORGANIZATION_NAME','Organization Name',0x00,0x00,0x00,0x00,0x00,0x00,0x00,1,'CONSTITUENT_ORGANIZATION_NAME','CONSTITUENT_CONSTITUENT_ID'),
 (1127,0x00,0x00,'CONSTITUENT_LEGAL_NAME','Legal Name',0x00,0x00,0x00,0x00,0x00,0x00,0x00,1,'CONSTITUENT_LEGAL_NAME','CONSTITUENT_CONSTITUENT_ID'),
 (1128,0x00,0x00,'GETCUSTOMFIELD(CONSTITUENT_CONSTITUENT_ID, \'constituent\', \'organization.website\')','Website',0x00,0x00,0x00,0x00,0x00,0x00,0x00,1,'ORGANIZATION_WEBSITE','CONSTITUENT_CONSTITUENT_ID'),
 (1129,0x00,0x00,'GETCUSTOMFIELD(CONSTITUENT_CONSTITUENT_ID, \'constituent\', \'organization.taxid\')','Tax ID',0x00,0x00,0x00,0x00,0x00,0x00,0x00,1,'ORGANIZATION_TAXID','CONSTITUENT_CONSTITUENT_ID'),
 (1130,0x00,0x00,'CONSTITUENT_NAICS_CODE','NAICS Code',0x00,0x00,0x00,0x00,0x00,0x00,0x00,1,'CONSTITUENT_NAICS_CODE','CONSTITUENT_CONSTITUENT_ID'),
 (1131,0x00,0x00,'GETCUSTOMFIELD(CONSTITUENT_CONSTITUENT_ID, \'constituent\', \'communicationPreferences\')','Communication Preferences',0x00,0x00,0x00,0x00,0x00,0x00,0x00,1,'COMMUNICATIONPREFERENCES','CONSTITUENT_CONSTITUENT_ID'),
 (1132,0x00,0x00,'GETCUSTOMFIELD(CONSTITUENT_CONSTITUENT_ID, \'constituent\', \'emailFormat\')','Email Format',0x00,0x00,0x00,0x00,0x00,0x00,0x00,1,'EMAILFORMAT','CONSTITUENT_CONSTITUENT_ID'),
 (1133,0x00,0x00,'CONSTITUENT_CREATE_DATE','Create Date',0x00,0x00,0x00,0x00,0x00,0x00,0x00,4,'CONSTITUENT_CREATE_DATE','CONSTITUENT_CONSTITUENT_ID'),
 (1134,0x00,0x00,'CONSTITUENT_UPDATE_DATE','Update Date',0x00,0x00,0x00,0x00,0x00,0x00,0x00,4,'CONSTITUENT_UPDATE_DATE','CONSTITUENT_CONSTITUENT_ID'),
 (1135,0x00,0x00,'CONSTITUENT_MARITAL_STATUS','Marital Status',0x00,0x00,0x00,0x00,0x00,0x00,0x00,1,'CONSTITUENT_MARITAL_STATUS','CONSTITUENT_CONSTITUENT_ID'),
 (1136,0x00,0x00,'GETCUSTOMFIELD(CONSTITUENT_CONSTITUENT_ID, \'constituent\', \'individual.birthDate\')','Birth Date',0x00,0x00,0x00,0x00,0x00,0x00,0x00,4,'INDIVIDUAL_BIRTHDATE','CONSTITUENT_CONSTITUENT_ID'),
 (1137,0x00,0x00,'GETCUSTOMFIELD(CONSTITUENT_CONSTITUENT_ID, \'constituent\', \'individual.deceased\')','Deceased',0x00,0x00,0x00,0x00,0x00,0x00,0x00,6,'INDIVIDUAL_DECEASED','CONSTITUENT_CONSTITUENT_ID'),
 (1138,0x00,0x00,'GETCUSTOMFIELD(CONSTITUENT_CONSTITUENT_ID, \'constituent\', \'individual.gender\')','Gender',0x00,0x00,0x00,0x00,0x00,0x00,0x00,1,'INDIVIDUAL_GENDER','CONSTITUENT_CONSTITUENT_ID'),
 (1139,0x00,0x00,'GETCUSTOMFIELD(CONSTITUENT_CONSTITUENT_ID, \'constituent\', \'individual.race\')','Race',0x00,0x00,0x00,0x00,0x00,0x00,0x00,1,'INDIVIDUAL_RACE','CONSTITUENT_CONSTITUENT_ID'),
 (1140,0x00,0x00,'GETCUSTOMFIELD(CONSTITUENT_CONSTITUENT_ID, \'constituent\', \'individual.military\')','Military',0x00,0x00,0x00,0x00,0x00,0x00,0x00,1,'INDIVIDUAL_MILITARY','CONSTITUENT_CONSTITUENT_ID'),
 (1141,0x00,0x00,'GETCUSTOMFIELD(CONSTITUENT_CONSTITUENT_ID, \'constituent\', \'organization.matching\')','Matching',0x00,0x00,0x00,0x00,0x00,0x00,0x00,1,'ORGANIZATION_MATCHING','CONSTITUENT_CONSTITUENT_ID'),
 (1142,0x00,0x00,'GETCUSTOMFIELD(CONSTITUENT_CONSTITUENT_ID, \'constituent\', \'organization.percentMatch\')','Percent Matching',0x00,0x00,0x00,0x00,0x00,0x00,0x00,3,'ORGANIZATION_PERCENTMATCH','CONSTITUENT_CONSTITUENT_ID'),
 (1143,0x00,0x00,'GETCUSTOMFIELD(CONSTITUENT_CONSTITUENT_ID, \'constituent\', \'organization.maximumAnnualLimit\')','Maximum Annual Limit',0x00,0x00,0x00,0x00,0x00,0x00,0x00,5,'ORGANIZATION_MAXIMUMMATCH','CONSTITUENT_CONSTITUENT_ID'),
 (1144,0x00,0x00,'GETCUSTOMFIELD(CONSTITUENT_CONSTITUENT_ID, \'constituent\', \'organization.minimumGiftMatch\')','Mimimum Gift Match',0x00,0x00,0x00,0x00,0x00,0x00,0x00,5,'ORGANIZATION_MINIMUMGIFTMATCH','CONSTITUENT_CONSTITUENT_ID'),
 (1145,0x00,0x00,'GETCUSTOMFIELD(CONSTITUENT_CONSTITUENT_ID, \'constituent\', \'organization.totalPerEmployeePerYear\')','Total Per Employee Per Year',0x00,0x00,0x00,0x00,0x00,0x00,0x00,5,'ORGANIZATION_TOTALPEREMPLOYEEPERYEAR','CONSTITUENT_CONSTITUENT_ID'),
 (1146,0x00,0x00,'GETCUSTOMFIELDDISPLAYVALUECONCATENATED(CONSTITUENT_CONSTITUENT_ID, \'constituent\', \'organization.eligibility\', \'customFieldMap[organization.eligibility]\')','Eligibility',0x00,0x00,0x00,0x00,0x00,0x00,0x00,1,'ORGANIZATION_MINIMUMGIFTMATCH','CONSTITUENT_CONSTITUENT_ID'),
 (1147,0x00,0x00,'GETCUSTOMFIELDCONCATENATED(CONSTITUENT_CONSTITUENT_ID, \'constituent\', \'organization.eligibleFunds\')','Eligible Funds',0x00,0x00,0x00,0x00,0x00,0x00,0x00,1,'ORGANIZATION_ELIGIBLEFUNDS','CONSTITUENT_CONSTITUENT_ID'),
 (1148,0x00,0x00,'GETCUSTOMFIELDCONCATENATED(CONSTITUENT_CONSTITUENT_ID, \'constituent\', \'organization.additional_eligibleFunds\')','Eligible Funds - Additional',0x00,0x00,0x00,0x00,0x00,0x00,0x00,1,'ORGANIZATION_ELIGIBLEFUNDSADDITIONAL','CONSTITUENT_CONSTITUENT_ID'),
 (1149,0x00,0x00,'GETCUSTOMFIELDCONCATENATED(CONSTITUENT_CONSTITUENT_ID, \'constituent\', \'organization.eligibleOrganizations\')','Eligible Organizations',0x00,0x00,0x00,0x00,0x00,0x00,0x00,1,'ORGANIZATION_ELIGIBLEORGANIZATIONS','CONSTITUENT_CONSTITUENT_ID'),
 (1150,0x00,0x00,'GETCUSTOMFIELDCONCATENATED(CONSTITUENT_CONSTITUENT_ID, \'constituent\', \'organization.additional_eligibleOrganizations\')','Eligible Organizations - Additional',0x00,0x00,0x00,0x00,0x00,0x00,0x00,1,'ORGANIZATION_ELIGIBLEORGANIZATIONSADDITIONAL','CONSTITUENT_CONSTITUENT_ID'),
 (1151,0x00,0x00,'GETCUSTOMFIELDCONCATENATED(CONSTITUENT_CONSTITUENT_ID, \'constituent\', \'organization.ineligibleOrganizations\')','Ineligible Organizations',0x00,0x00,0x00,0x00,0x00,0x00,0x00,1,'ORGANIZATION_INELIGIBLEORGANIZATIONS','CONSTITUENT_CONSTITUENT_ID'),
 (1152,0x00,0x00,'GETCUSTOMFIELDCONCATENATED(CONSTITUENT_CONSTITUENT_ID, \'constituent\', \'organization.additional_ineligibleOrganizations\')','Ineligible Organizations - Additional',0x00,0x00,0x00,0x00,0x00,0x00,0x00,1,'ORGANIZATION_INELIGIBLEORGANIZATIONSADDITIONAL','CONSTITUENT_CONSTITUENT_ID'),
 (1153,0x00,0x00,'GETCUSTOMFIELD(CONSTITUENT_CONSTITUENT_ID, \'constituent\', \'organization.onlineMatchingGiftForm\')','Matching Gift Form',0x00,0x00,0x00,0x00,0x00,0x00,0x00,1,'ORGANIZATION_MATCHINGGIFTFORM','CONSTITUENT_CONSTITUENT_ID'),
 (1154,0x00,0x00,'GETPICKLISTDISPLAYVALUE(\'customFieldMap[organization.programStartMonth]\', GETCUSTOMFIELD(CONSTITUENT_CONSTITUENT_ID, \'constituent\', \'organization.programStartMonth\'))','Program Start Month',0x00,0x00,0x00,0x00,0x00,0x00,0x00,1,'ORGANIZATION_PROGRAMSTARTMONTH','CONSTITUENT_CONSTITUENT_ID'),
 (1155,0x00,0x00,'GETCONSTITUENTACCOUNTNUMBER(GETCUSTOMFIELD(CONSTITUENT_CONSTITUENT_ID, \'constituent\', \'organization.programContact\'))','Program Contact Account Number',0x00,0x00,0x00,0x00,0x00,0x00,0x00,2,'ORGANIZATION_PROGRAMCONTACTACCOUNTNUMBER','CONSTITUENT_CONSTITUENT_ID'),
 (1156,0x00,0x00,'GETCONSTITUENTDISPLAYNAME(GETCUSTOMFIELD(CONSTITUENT_CONSTITUENT_ID, \'constituent\', \'organization.programContact\'))','Program Contact Account Name',0x00,0x00,0x00,0x00,0x00,0x00,0x00,1,'ORGANIZATION_PROGRAMCONTACTACCOUNTNAME','CONSTITUENT_CONSTITUENT_ID'),
 (1157,0x00,0x00,'GETCUSTOMFIELD(CONSTITUENT_CONSTITUENT_ID, \'constituent\', \'organization.procedureForRequestingMatch\')','Procedure For Requesting Match',0x00,0x00,0x00,0x00,0x00,0x00,0x00,1,'ORGANIZATION_PROCEDUREFORREQUESTINGMATCH','CONSTITUENT_CONSTITUENT_ID'),
 (1158,0x00,0x00,'CONSTITUENT_SITE_NAME','Site Name',0x00,0x00,0x00,0x00,0x00,0x00,0x00,1,'CONSTITUENT_SITE_NAME','CONSTITUENT_CONSTITUENT_ID'),
 (1159,0x00,0x00,'GIFT_IN_KIND_GIFT_IN_KIND_ID','Gift In Kind Reference Number',0x01,0x00,0x00,0x00,0x00,0x00,0x00,2,'GIFT_IN_KIND_GIFT_IN_KIND_ID','GIFT_IN_KIND_GIFT_IN_KIND_ID'),
 (1160,0x00,0x00,'GETCONSTITUENTACCOUNTNUMBER(GIFT_IN_KIND_CONSTITUENT_ID)','Account Number',0x01,0x00,0x00,0x00,0x00,0x00,0x00,2,'GIFT_IN_KIND_CONSTITUENT_ID','GIFT_IN_KIND_GIFT_IN_KIND_ID'),
 (1161,0x00,0x00,'GIFT_IN_KIND_FAIR_MARKET_VALUE','Fair Market Value',0x01,0x00,0x00,0x00,0x00,0x00,0x00,5,'GIFT_IN_KIND_FAIR_MARKET_VALUE','GIFT_IN_KIND_GIFT_IN_KIND_ID'),
 (1162,0x00,0x00,'GIFT_IN_KIND_CURRENCY_CODE','Currency Code',0x01,0x00,0x00,0x00,0x00,0x00,0x00,1,'GIFT_IN_KIND_CURRENCY_CODE','GIFT_IN_KIND_GIFT_IN_KIND_ID'),
 (1163,0x00,0x00,'GIFT_IN_KIND_DONATION_DATE','Donation Date',0x01,0x00,0x00,0x00,0x00,0x00,0x00,4,'GIFT_IN_KIND_DONATION_DATE','GIFT_IN_KIND_GIFT_IN_KIND_ID'),
 (1164,0x00,0x00,'GIFT_IN_KIND_MOTIVATION_CODE','Motivation Code',0x00,0x00,0x00,0x00,0x00,0x00,0x00,1,'GIFT_IN_KIND_MOTIVATION_CODE','GIFT_IN_KIND_GIFT_IN_KIND_ID'),
 (1165,0x00,0x00,'GETPICKLISTDISPLAYVALUE(\'motivationCode\', GIFT_IN_KIND_MOTIVATION_CODE)','Motivation Code Description',0x00,0x00,0x00,0x00,0x00,0x00,0x00,1,'GIFT_IN_KIND_MOTIVATION_CODE','GIFT_IN_KIND_GIFT_IN_KIND_ID'),
 (1166,0x00,0x00,'GIFT_IN_KIND_TRANSACTION_DATE','Transaction Date',0x00,0x00,0x00,0x00,0x00,0x00,0x00,4,'GIFT_IN_KIND_TRANSACTION_DATE','GIFT_IN_KIND_GIFT_IN_KIND_ID'),
 (1167,0x00,0x00,'GIFT_IN_KIND_GIFT_ID','Gift Reference Number',0x00,0x00,0x00,0x00,0x00,0x00,0x00,2,'GIFT_IN_KIND_GIFT_ID','GIFT_IN_KIND_GIFT_IN_KIND_ID'),
 (1168,0x00,0x00,'GIFT_IN_KIND_CREATE_DATE','Create Date',0x00,0x00,0x00,0x00,0x00,0x00,0x00,4,'GIFT_IN_KIND_CREATE_DATE','GIFT_IN_KIND_GIFT_IN_KIND_ID'),
 (1169,0x00,0x00,'GIFT_IN_KIND_UPDATE_DATE','Update Date',0x00,0x00,0x00,0x00,0x00,0x00,0x00,4,'GIFT_IN_KIND_UPDATE_DATE','GIFT_IN_KIND_GIFT_IN_KIND_ID'),
 (1170,0x00,0x00,'GIFT_IN_KIND_ANONYMOUS','Anonymous',0x00,0x00,0x00,0x00,0x00,0x00,0x00,1,'GIFT_IN_KIND_ANONYMOUS','GIFT_IN_KIND_GIFT_IN_KIND_ID'),
 (1171,0x00,0x00,'GIFT_IN_KIND_RECOGNITION_NAME','Recognition Name',0x00,0x00,0x00,0x00,0x00,0x00,0x00,1,'GIFT_IN_KIND_RECOGNITION_NAME','GIFT_IN_KIND_GIFT_IN_KIND_ID'),
 (1172,0x00,0x00,'GIFT_IN_KIND_DETAIL_GIK_DETAIL_ID','Gift In Kind Detail Reference Number',0x01,0x00,0x00,0x00,0x00,0x00,0x00,2,'GIFT_IN_KIND_DETAIL_GIK_DETAIL_ID','GIFT_IN_KIND_DETAIL_GIK_DETAIL_ID'),
 (1173,0x00,0x00,'GIFT_IN_KIND_DETAIL_FAIR_MARKET_VALUE','Fair Market Value',0x01,0x00,0x00,0x00,0x00,0x00,0x00,5,'GIFT_IN_KIND_DETAIL_FAIR_MARKET_VALUE','GIFT_IN_KIND_DETAIL_GIK_DETAIL_ID'),
 (1174,0x00,0x00,'GIFT_IN_KIND_DETAIL_DESCRIPTION','Description',0x01,0x00,0x00,0x00,0x00,0x00,0x00,1,'GIFT_IN_KIND_DETAIL_DESCRIPTION','GIFT_IN_KIND_DETAIL_GIK_DETAIL_ID'),
 (1175,0x00,0x00,'GIFT_IN_KIND_DETAIL_PROJECT_CODE','Designation',0x01,0x00,0x00,0x00,0x00,0x00,0x00,1,'GIFT_IN_KIND_DETAIL_PROJECT_CODE','GIFT_IN_KIND_DETAIL_GIK_DETAIL_ID'),
 (1176,0x00,0x00,'GETPICKLISTDISPLAYVALUE(\'projectCode\', GIFT_IN_KIND_DETAIL_PROJECT_CODE)','Designation Description',0x00,0x00,0x00,0x00,0x00,0x00,0x00,1,'GIFT_IN_KIND_DETAIL_PROJECT_CODE','GIFT_IN_KIND_DETAIL_GIK_DETAIL_ID'),
 (1177,0x00,0x00,'GETCUSTOMFIELD(GETPICKLISTITEMIDBYDEFAULTDISPLAYVALUE(\'projectCode\', GIFT_IN_KIND_DETAIL_PROJECT_CODE), \'picklistItem\', \'01-GLPART1\')','Designation GL Part 1',0x00,0x00,0x00,0x00,0x00,0x00,0x00,1,'GIFT_IN_KIND_DETAIL_PROJECT_CODE_GLPART1','GIFT_IN_KIND_DETAIL_GIK_DETAIL_ID'),
 (1178,0x00,0x00,'GETCUSTOMFIELD(GETPICKLISTITEMIDBYDEFAULTDISPLAYVALUE(\'projectCode\', GIFT_IN_KIND_DETAIL_PROJECT_CODE), \'picklistItem\', \'02-GLPART2\')','Designation GL Part 2',0x00,0x00,0x00,0x00,0x00,0x00,0x00,1,'GIFT_IN_KIND_DETAIL_PROJECT_CODE_GLPART2','GIFT_IN_KIND_DETAIL_GIK_DETAIL_ID'),
 (1179,0x00,0x00,'GETCUSTOMFIELD(GETPICKLISTITEMIDBYDEFAULTDISPLAYVALUE(\'projectCode\', GIFT_IN_KIND_DETAIL_PROJECT_CODE), \'picklistItem\', \'03-GLPART3\')','Designation GL Part 3',0x00,0x00,0x00,0x00,0x00,0x00,0x00,1,'GIFT_IN_KIND_DETAIL_PROJECT_CODE_GLPART3','GIFT_IN_KIND_DETAIL_GIK_DETAIL_ID'),
 (1180,0x00,0x00,'GETCUSTOMFIELD(GETPICKLISTITEMIDBYDEFAULTDISPLAYVALUE(\'projectCode\', GIFT_IN_KIND_DETAIL_PROJECT_CODE), \'picklistItem\', \'04-GLPART4\')','Designation GL Part 4',0x00,0x00,0x00,0x00,0x00,0x00,0x00,1,'GIFT_IN_KIND_DETAIL_PROJECT_CODE_GLPART4','GIFT_IN_KIND_DETAIL_GIK_DETAIL_ID'),
 (1181,0x00,0x00,'GETCUSTOMFIELD(GETPICKLISTITEMIDBYDEFAULTDISPLAYVALUE(\'projectCode\', GIFT_IN_KIND_DETAIL_PROJECT_CODE), \'picklistItem\', \'GLAccountCode\')','Designation GL Account Code',0x00,0x00,0x00,0x00,0x00,0x00,0x00,1,'GIFT_IN_KIND_DETAIL_PROJECT_CODE_GLACCOUNTCODE','GIFT_IN_KIND_DETAIL_GIK_DETAIL_ID'),
 (1182,0x00,0x00,'GETCUSTOMFIELD(GETPICKLISTITEMIDBYDEFAULTDISPLAYVALUE(\'projectCode\', GIFT_IN_KIND_DETAIL_PROJECT_CODE), \'picklistItem\', \'AccountString1\')','Designation GL Account String 1',0x00,0x00,0x00,0x00,0x00,0x00,0x00,1,'GIFT_IN_KIND_DETAIL_PROJECT_CODE_GLACCOUNTSTRING1','GIFT_IN_KIND_DETAIL_GIK_DETAIL_ID'),
 (1183,0x00,0x00,'GETCUSTOMFIELD(GETPICKLISTITEMIDBYDEFAULTDISPLAYVALUE(\'projectCode\', GIFT_IN_KIND_DETAIL_PROJECT_CODE), \'picklistItem\', \'AccountString2\')','Designation GL Account String 2',0x00,0x00,0x00,0x00,0x00,0x00,0x00,1,'GIFT_IN_KIND_DETAIL_PROJECT_CODE_GLACCOUNTSTRING2','GIFT_IN_KIND_DETAIL_GIK_DETAIL_ID'),
 (1184,0x00,0x00,'GIFT_IN_KIND_DETAIL_TAX_DEDUCTIBLE','Tax Deductible',0x00,0x00,0x00,0x00,0x00,0x00,0x00,1,'GIFT_IN_KIND_DETAIL_TAX_DEDUCTIBLE','GIFT_IN_KIND_DETAIL_GIK_DETAIL_ID'),
 (1185,0x00,0x00,'GIFT_IN_KIND_DETAIL_FMV_METHOD','Fair Market Value Method',0x00,0x00,0x00,0x00,0x00,0x00,0x00,1,'GIFT_IN_KIND_DETAIL_FMV_METHOD','GIFT_IN_KIND_DETAIL_GIK_DETAIL_ID'),
 (1186,0x00,0x00,'GETPICKLISTDISPLAYVALUE(\'gikCategory\', GIFT_IN_KIND_DETAIL_CATEGORY)','Category',0x00,0x00,0x00,0x00,0x00,0x00,0x00,1,'GIFT_IN_KIND_DETAIL_CATEGORY','GIFT_IN_KIND_DETAIL_GIK_DETAIL_ID'),
 (1187,0x00,0x00,'GIFT_IN_KIND_DETAIL_QUANTITY','Quantity',0x00,0x00,0x00,0x00,0x00,0x00,0x00,2,'GIFT_IN_KIND_DETAIL_QUANTITY','GIFT_IN_KIND_DETAIL_GIK_DETAIL_ID'),
 (1188,0x00,0x00,'CONSTITUENT_ACCOUNT_NUMBER','Account Number',0x01,0x00,0x00,0x00,0x00,0x00,0x00,2,'CONSTITUENT_ACCOUNT_NUMBER','CONSTITUENT_CONSTITUENT_ID'),
 (1189,0x00,0x00,'GETCONSTITUENTDISPLAYNAME(GETCUSTOMFIELD(CONSTITUENT_CONSTITUENT_ID, \'constituent\', \'accountManager\'))','Account Manager Name',0x00,0x00,0x00,0x00,0x00,0x00,0x00,1,'ACCOUNTMANAGER','CONSTITUENT_CONSTITUENT_ID'),
 (1190,0x00,0x00,'GETCONSTITUENTACCOUNTNUMBER(GETCUSTOMFIELD(CONSTITUENT_CONSTITUENT_ID, \'constituent\', \'accountManager\'))','Account Manager Account Number',0x00,0x00,0x00,0x00,0x00,0x00,0x00,2,'ACCOUNTMANAGERACCOUNTNUMBER','CONSTITUENT_CONSTITUENT_ID'),
 (1191,0x00,0x00,'CONSTITUENT_CONSTITUENT_TYPE','Constituent Type',0x01,0x00,0x00,0x00,0x00,0x00,0x00,1,'CONSTITUENT_CONSTITUENT_TYPE','CONSTITUENT_CONSTITUENT_ID'),
 (1192,0x00,0x00,'CONSTITUENT_CONSTITUENT_ROLE','Profile Type',0x00,0x00,0x00,0x00,0x00,0x00,0x00,1,'CONSTITUENT_CONSTITUENT_ROLE','CONSTITUENT_CONSTITUENT_ID'),
 (1193,0x00,0x00,'CONSTITUENT_DONOR_PROFILE','Donor Profile',0x00,0x00,0x00,0x00,0x00,0x00,0x00,1,'CONSTITUENT_DONOR_PROFILE','CONSTITUENT_CONSTITUENT_ID'),
 (1194,0x00,0x00,'CONSTITUENT_TITLE','Title',0x00,0x00,0x00,0x00,0x00,0x00,0x00,1,'CONSTITUENT_TITLE','CONSTITUENT_CONSTITUENT_ID'),
 (1195,0x00,0x00,'CONSTITUENT_FIRST_NAME','First Name',0x01,0x00,0x00,0x00,0x00,0x00,0x00,1,'CONSTITUENT_FIRST_NAME','CONSTITUENT_CONSTITUENT_ID'),
 (1196,0x00,0x00,'CONSTITUENT_MIDDLE_NAME','Middle Name',0x00,0x00,0x00,0x00,0x00,0x00,0x00,1,'CONSTITUENT_MIDDLE_NAME','CONSTITUENT_CONSTITUENT_ID'),
 (1197,0x00,0x00,'CONSTITUENT_LAST_NAME','Last Name',0x01,0x00,0x00,0x00,0x00,0x00,0x00,1,'CONSTITUENT_LAST_NAME','CONSTITUENT_CONSTITUENT_ID'),
 (1198,0x00,0x00,'CONSTITUENT_SUFFIX','Suffix',0x00,0x00,0x00,0x00,0x00,0x00,0x00,1,'CONSTITUENT_SUFFIX','CONSTITUENT_CONSTITUENT_ID'),
 (1199,0x00,0x00,'CONSTITUENT_RECOGNITION_NAME','Recognition Name',0x00,0x00,0x00,0x00,0x00,0x00,0x00,1,'CONSTITUENT_RECOGNITION_NAME','CONSTITUENT_CONSTITUENT_ID'),
 (1200,0x00,0x00,'CONSTITUENT_ORGANIZATION_NAME','Organization Name',0x00,0x00,0x00,0x00,0x00,0x00,0x00,1,'CONSTITUENT_ORGANIZATION_NAME','CONSTITUENT_CONSTITUENT_ID'),
 (1201,0x00,0x00,'CONSTITUENT_LEGAL_NAME','Legal Name',0x00,0x00,0x00,0x00,0x00,0x00,0x00,1,'CONSTITUENT_LEGAL_NAME','CONSTITUENT_CONSTITUENT_ID'),
 (1202,0x00,0x00,'GETCUSTOMFIELD(CONSTITUENT_CONSTITUENT_ID, \'constituent\', \'organization.website\')','Website',0x00,0x00,0x00,0x00,0x00,0x00,0x00,1,'ORGANIZATION_WEBSITE','CONSTITUENT_CONSTITUENT_ID'),
 (1203,0x00,0x00,'GETCUSTOMFIELD(CONSTITUENT_CONSTITUENT_ID, \'constituent\', \'organization.taxid\')','Tax ID',0x00,0x00,0x00,0x00,0x00,0x00,0x00,1,'ORGANIZATION_TAXID','CONSTITUENT_CONSTITUENT_ID'),
 (1204,0x00,0x00,'CONSTITUENT_NAICS_CODE','NAICS Code',0x00,0x00,0x00,0x00,0x00,0x00,0x00,1,'CONSTITUENT_NAICS_CODE','CONSTITUENT_CONSTITUENT_ID'),
 (1205,0x00,0x00,'GETCUSTOMFIELD(CONSTITUENT_CONSTITUENT_ID, \'constituent\', \'communicationPreferences\')','Communication Preferences',0x00,0x00,0x00,0x00,0x00,0x00,0x00,1,'COMMUNICATIONPREFERENCES','CONSTITUENT_CONSTITUENT_ID'),
 (1206,0x00,0x00,'GETCUSTOMFIELD(CONSTITUENT_CONSTITUENT_ID, \'constituent\', \'emailFormat\')','Email Format',0x00,0x00,0x00,0x00,0x00,0x00,0x00,1,'EMAILFORMAT','CONSTITUENT_CONSTITUENT_ID'),
 (1207,0x00,0x00,'CONSTITUENT_CREATE_DATE','Create Date',0x00,0x00,0x00,0x00,0x00,0x00,0x00,4,'CONSTITUENT_CREATE_DATE','CONSTITUENT_CONSTITUENT_ID'),
 (1208,0x00,0x00,'CONSTITUENT_UPDATE_DATE','Update Date',0x00,0x00,0x00,0x00,0x00,0x00,0x00,4,'CONSTITUENT_UPDATE_DATE','CONSTITUENT_CONSTITUENT_ID'),
 (1209,0x00,0x00,'CONSTITUENT_MARITAL_STATUS','Marital Status',0x00,0x00,0x00,0x00,0x00,0x00,0x00,1,'CONSTITUENT_MARITAL_STATUS','CONSTITUENT_CONSTITUENT_ID'),
 (1210,0x00,0x00,'GETCUSTOMFIELD(CONSTITUENT_CONSTITUENT_ID, \'constituent\', \'individual.birthDate\')','Birth Date',0x00,0x00,0x00,0x00,0x00,0x00,0x00,4,'INDIVIDUAL_BIRTHDATE','CONSTITUENT_CONSTITUENT_ID'),
 (1211,0x00,0x00,'GETCUSTOMFIELD(CONSTITUENT_CONSTITUENT_ID, \'constituent\', \'individual.deceased\')','Deceased',0x00,0x00,0x00,0x00,0x00,0x00,0x00,6,'INDIVIDUAL_DECEASED','CONSTITUENT_CONSTITUENT_ID'),
 (1212,0x00,0x00,'GETCUSTOMFIELD(CONSTITUENT_CONSTITUENT_ID, \'constituent\', \'individual.gender\')','Gender',0x00,0x00,0x00,0x00,0x00,0x00,0x00,1,'INDIVIDUAL_GENDER','CONSTITUENT_CONSTITUENT_ID'),
 (1213,0x00,0x00,'GETCUSTOMFIELD(CONSTITUENT_CONSTITUENT_ID, \'constituent\', \'individual.race\')','Race',0x00,0x00,0x00,0x00,0x00,0x00,0x00,1,'INDIVIDUAL_RACE','CONSTITUENT_CONSTITUENT_ID'),
 (1214,0x00,0x00,'GETCUSTOMFIELD(CONSTITUENT_CONSTITUENT_ID, \'constituent\', \'individual.military\')','Military',0x00,0x00,0x00,0x00,0x00,0x00,0x00,1,'INDIVIDUAL_MILITARY','CONSTITUENT_CONSTITUENT_ID'),
 (1215,0x00,0x00,'GETCUSTOMFIELD(CONSTITUENT_CONSTITUENT_ID, \'constituent\', \'organization.matching\')','Matching',0x00,0x00,0x00,0x00,0x00,0x00,0x00,1,'ORGANIZATION_MATCHING','CONSTITUENT_CONSTITUENT_ID'),
 (1216,0x00,0x00,'GETCUSTOMFIELD(CONSTITUENT_CONSTITUENT_ID, \'constituent\', \'organization.percentMatch\')','Percent Matching',0x00,0x00,0x00,0x00,0x00,0x00,0x00,3,'ORGANIZATION_PERCENTMATCH','CONSTITUENT_CONSTITUENT_ID'),
 (1217,0x00,0x00,'GETCUSTOMFIELD(CONSTITUENT_CONSTITUENT_ID, \'constituent\', \'organization.maximumAnnualLimit\')','Maximum Annual Limit',0x00,0x00,0x00,0x00,0x00,0x00,0x00,5,'ORGANIZATION_MAXIMUMMATCH','CONSTITUENT_CONSTITUENT_ID'),
 (1218,0x00,0x00,'GETCUSTOMFIELD(CONSTITUENT_CONSTITUENT_ID, \'constituent\', \'organization.minimumGiftMatch\')','Mimimum Gift Match',0x00,0x00,0x00,0x00,0x00,0x00,0x00,5,'ORGANIZATION_MINIMUMGIFTMATCH','CONSTITUENT_CONSTITUENT_ID'),
 (1219,0x00,0x00,'GETCUSTOMFIELD(CONSTITUENT_CONSTITUENT_ID, \'constituent\', \'organization.totalPerEmployeePerYear\')','Total Per Employee Per Year',0x00,0x00,0x00,0x00,0x00,0x00,0x00,5,'ORGANIZATION_TOTALPEREMPLOYEEPERYEAR','CONSTITUENT_CONSTITUENT_ID'),
 (1220,0x00,0x00,'GETCUSTOMFIELDDISPLAYVALUECONCATENATED(CONSTITUENT_CONSTITUENT_ID, \'constituent\', \'organization.eligibility\', \'customFieldMap[organization.eligibility]\')','Eligibility',0x00,0x00,0x00,0x00,0x00,0x00,0x00,1,'ORGANIZATION_MINIMUMGIFTMATCH','CONSTITUENT_CONSTITUENT_ID'),
 (1221,0x00,0x00,'GETCUSTOMFIELDCONCATENATED(CONSTITUENT_CONSTITUENT_ID, \'constituent\', \'organization.eligibleFunds\')','Eligible Funds',0x00,0x00,0x00,0x00,0x00,0x00,0x00,1,'ORGANIZATION_ELIGIBLEFUNDS','CONSTITUENT_CONSTITUENT_ID'),
 (1222,0x00,0x00,'GETCUSTOMFIELDCONCATENATED(CONSTITUENT_CONSTITUENT_ID, \'constituent\', \'organization.additional_eligibleFunds\')','Eligible Funds - Additional',0x00,0x00,0x00,0x00,0x00,0x00,0x00,1,'ORGANIZATION_ELIGIBLEFUNDSADDITIONAL','CONSTITUENT_CONSTITUENT_ID'),
 (1223,0x00,0x00,'GETCUSTOMFIELDCONCATENATED(CONSTITUENT_CONSTITUENT_ID, \'constituent\', \'organization.eligibleOrganizations\')','Eligible Organizations',0x00,0x00,0x00,0x00,0x00,0x00,0x00,1,'ORGANIZATION_ELIGIBLEORGANIZATIONS','CONSTITUENT_CONSTITUENT_ID'),
 (1224,0x00,0x00,'GETCUSTOMFIELDCONCATENATED(CONSTITUENT_CONSTITUENT_ID, \'constituent\', \'organization.additional_eligibleOrganizations\')','Eligible Organizations - Additional',0x00,0x00,0x00,0x00,0x00,0x00,0x00,1,'ORGANIZATION_ELIGIBLEORGANIZATIONSADDITIONAL','CONSTITUENT_CONSTITUENT_ID'),
 (1225,0x00,0x00,'GETCUSTOMFIELDCONCATENATED(CONSTITUENT_CONSTITUENT_ID, \'constituent\', \'organization.ineligibleOrganizations\')','Ineligible Organizations',0x00,0x00,0x00,0x00,0x00,0x00,0x00,1,'ORGANIZATION_INELIGIBLEORGANIZATIONS','CONSTITUENT_CONSTITUENT_ID'),
 (1226,0x00,0x00,'GETCUSTOMFIELDCONCATENATED(CONSTITUENT_CONSTITUENT_ID, \'constituent\', \'organization.additional_ineligibleOrganizations\')','Ineligible Organizations - Additional',0x00,0x00,0x00,0x00,0x00,0x00,0x00,1,'ORGANIZATION_INELIGIBLEORGANIZATIONSADDITIONAL','CONSTITUENT_CONSTITUENT_ID'),
 (1227,0x00,0x00,'GETCUSTOMFIELD(CONSTITUENT_CONSTITUENT_ID, \'constituent\', \'organization.onlineMatchingGiftForm\')','Matching Gift Form',0x00,0x00,0x00,0x00,0x00,0x00,0x00,1,'ORGANIZATION_MATCHINGGIFTFORM','CONSTITUENT_CONSTITUENT_ID'),
 (1228,0x00,0x00,'GETPICKLISTDISPLAYVALUE(\'customFieldMap[organization.programStartMonth]\', GETCUSTOMFIELD(CONSTITUENT_CONSTITUENT_ID, \'constituent\', \'organization.programStartMonth\'))','Program Start Month',0x00,0x00,0x00,0x00,0x00,0x00,0x00,1,'ORGANIZATION_PROGRAMSTARTMONTH','CONSTITUENT_CONSTITUENT_ID'),
 (1229,0x00,0x00,'GETCONSTITUENTACCOUNTNUMBER(GETCUSTOMFIELD(CONSTITUENT_CONSTITUENT_ID, \'constituent\', \'organization.programContact\'))','Program Contact Account Number',0x00,0x00,0x00,0x00,0x00,0x00,0x00,2,'ORGANIZATION_PROGRAMCONTACTACCOUNTNUMBER','CONSTITUENT_CONSTITUENT_ID'),
 (1230,0x00,0x00,'GETCONSTITUENTDISPLAYNAME(GETCUSTOMFIELD(CONSTITUENT_CONSTITUENT_ID, \'constituent\', \'organization.programContact\'))','Program Contact Account Name',0x00,0x00,0x00,0x00,0x00,0x00,0x00,1,'ORGANIZATION_PROGRAMCONTACTACCOUNTNAME','CONSTITUENT_CONSTITUENT_ID'),
 (1231,0x00,0x00,'GETCUSTOMFIELD(CONSTITUENT_CONSTITUENT_ID, \'constituent\', \'organization.procedureForRequestingMatch\')','Procedure For Requesting Match',0x00,0x00,0x00,0x00,0x00,0x00,0x00,1,'ORGANIZATION_PROCEDUREFORREQUESTINGMATCH','CONSTITUENT_CONSTITUENT_ID'),
 (1232,0x00,0x00,'CONSTITUENT_SITE_NAME','Site Name',0x00,0x00,0x00,0x00,0x00,0x00,0x00,1,'CONSTITUENT_SITE_NAME','CONSTITUENT_CONSTITUENT_ID'),
 (1233,0x00,0x00,'PAYMENT_HISTORY_PAYMENT_HISTORY_ID','Payment History ID',0x00,0x00,0x00,0x00,0x00,0x00,0x00,2,'PAYMENT_HISTORY_PAYMENT_HISTORY_ID','PAYMENT_HISTORY_PAYMENT_HISTORY_ID'),
 (1234,0x00,0x00,'PAYMENT_HISTORY_PAYMENT_HISTORY_TYPE','Payment History Type',0x00,0x00,0x00,0x00,0x00,0x00,0x00,1,'PAYMENT_HISTORY_PAYMENT_HISTORY_TYPE','PAYMENT_HISTORY_PAYMENT_HISTORY_ID'),
 (1235,0x00,0x00,'PAYMENT_HISTORY_GIFT_ID','Gift ID',0x00,0x00,0x00,0x00,0x00,0x00,0x00,2,'PAYMENT_HISTORY_GIFT_ID','PAYMENT_HISTORY_PAYMENT_HISTORY_ID'),
 (1236,0x00,0x00,'PAYMENT_HISTORY_TRANSACTION_DATE','Transaction Date',0x00,0x00,0x00,0x00,0x00,0x00,0x00,4,'PAYMENT_HISTORY_TRANSACTION_DATE','PAYMENT_HISTORY_PAYMENT_HISTORY_ID'),
 (1237,0x00,0x00,'PAYMENT_HISTORY_PAYMENT_TYPE','Payment Method',0x00,0x00,0x00,0x00,0x00,0x00,0x00,1,'PAYMENT_HISTORY_PAYMENT_TYPE','PAYMENT_HISTORY_PAYMENT_HISTORY_ID'),
 (1238,0x00,0x00,'PAYMENT_HISTORY_AMOUNT','Amount',0x00,0x00,0x00,0x00,0x00,0x00,0x00,5,'PAYMENT_HISTORY_AMOUNT','PAYMENT_HISTORY_PAYMENT_HISTORY_ID'),
 (1239,0x00,0x00,'PAYMENT_HISTORY_CURRENCY_CODE','Currency Code',0x00,0x00,0x00,0x00,0x00,0x00,0x00,1,'PAYMENT_HISTORY_CURRENCY_CODE','PAYMENT_HISTORY_PAYMENT_HISTORY_ID'),
 (1240,0x00,0x00,'PAYMENT_HISTORY_PAYMENT_DESC','Description',0x00,0x00,0x00,0x00,0x00,0x00,0x00,1,'PAYMENT_HISTORY_PAYMENT_DESC','PAYMENT_HISTORY_PAYMENT_HISTORY_ID'),
 (1241,0x00,0x00,'CONSTITUENT_ACCOUNT_NUMBER','Account Number',0x01,0x00,0x00,0x00,0x00,0x00,0x00,2,'CONSTITUENT_ACCOUNT_NUMBER','CONSTITUENT_CONSTITUENT_ID'),
 (1242,0x00,0x00,'GETCONSTITUENTDISPLAYNAME(GETCUSTOMFIELD(CONSTITUENT_CONSTITUENT_ID, \'constituent\', \'accountManager\'))','Account Manager Name',0x00,0x00,0x00,0x00,0x00,0x00,0x00,1,'ACCOUNTMANAGER','CONSTITUENT_CONSTITUENT_ID'),
 (1243,0x00,0x00,'GETCONSTITUENTACCOUNTNUMBER(GETCUSTOMFIELD(CONSTITUENT_CONSTITUENT_ID, \'constituent\', \'accountManager\'))','Account Manager Account Number',0x00,0x00,0x00,0x00,0x00,0x00,0x00,2,'ACCOUNTMANAGERACCOUNTNUMBER','CONSTITUENT_CONSTITUENT_ID'),
 (1244,0x00,0x00,'CONSTITUENT_CONSTITUENT_TYPE','Constituent Type',0x01,0x00,0x00,0x00,0x00,0x00,0x00,1,'CONSTITUENT_CONSTITUENT_TYPE','CONSTITUENT_CONSTITUENT_ID'),
 (1245,0x00,0x00,'CONSTITUENT_CONSTITUENT_ROLE','Profile Type',0x00,0x00,0x00,0x00,0x00,0x00,0x00,1,'CONSTITUENT_CONSTITUENT_ROLE','CONSTITUENT_CONSTITUENT_ID'),
 (1246,0x00,0x00,'CONSTITUENT_DONOR_PROFILE','Donor Profile',0x00,0x00,0x00,0x00,0x00,0x00,0x00,1,'CONSTITUENT_DONOR_PROFILE','CONSTITUENT_CONSTITUENT_ID'),
 (1247,0x00,0x00,'CONSTITUENT_TITLE','Title',0x00,0x00,0x00,0x00,0x00,0x00,0x00,1,'CONSTITUENT_TITLE','CONSTITUENT_CONSTITUENT_ID'),
 (1248,0x00,0x00,'CONSTITUENT_FIRST_NAME','First Name',0x01,0x00,0x00,0x00,0x00,0x00,0x00,1,'CONSTITUENT_FIRST_NAME','CONSTITUENT_CONSTITUENT_ID'),
 (1249,0x00,0x00,'CONSTITUENT_MIDDLE_NAME','Middle Name',0x00,0x00,0x00,0x00,0x00,0x00,0x00,1,'CONSTITUENT_MIDDLE_NAME','CONSTITUENT_CONSTITUENT_ID'),
 (1250,0x00,0x00,'CONSTITUENT_LAST_NAME','Last Name',0x01,0x00,0x00,0x00,0x00,0x00,0x00,1,'CONSTITUENT_LAST_NAME','CONSTITUENT_CONSTITUENT_ID'),
 (1251,0x00,0x00,'CONSTITUENT_SUFFIX','Suffix',0x00,0x00,0x00,0x00,0x00,0x00,0x00,1,'CONSTITUENT_SUFFIX','CONSTITUENT_CONSTITUENT_ID'),
 (1252,0x00,0x00,'CONSTITUENT_RECOGNITION_NAME','Recognition Name',0x00,0x00,0x00,0x00,0x00,0x00,0x00,1,'CONSTITUENT_RECOGNITION_NAME','CONSTITUENT_CONSTITUENT_ID'),
 (1253,0x00,0x00,'CONSTITUENT_ORGANIZATION_NAME','Organization Name',0x00,0x00,0x00,0x00,0x00,0x00,0x00,1,'CONSTITUENT_ORGANIZATION_NAME','CONSTITUENT_CONSTITUENT_ID'),
 (1254,0x00,0x00,'CONSTITUENT_LEGAL_NAME','Legal Name',0x00,0x00,0x00,0x00,0x00,0x00,0x00,1,'CONSTITUENT_LEGAL_NAME','CONSTITUENT_CONSTITUENT_ID'),
 (1255,0x00,0x00,'GETCUSTOMFIELD(CONSTITUENT_CONSTITUENT_ID, \'constituent\', \'organization.website\')','Website',0x00,0x00,0x00,0x00,0x00,0x00,0x00,1,'ORGANIZATION_WEBSITE','CONSTITUENT_CONSTITUENT_ID'),
 (1256,0x00,0x00,'GETCUSTOMFIELD(CONSTITUENT_CONSTITUENT_ID, \'constituent\', \'organization.taxid\')','Tax ID',0x00,0x00,0x00,0x00,0x00,0x00,0x00,1,'ORGANIZATION_TAXID','CONSTITUENT_CONSTITUENT_ID'),
 (1257,0x00,0x00,'CONSTITUENT_NAICS_CODE','NAICS Code',0x00,0x00,0x00,0x00,0x00,0x00,0x00,1,'CONSTITUENT_NAICS_CODE','CONSTITUENT_CONSTITUENT_ID'),
 (1258,0x00,0x00,'GETCUSTOMFIELD(CONSTITUENT_CONSTITUENT_ID, \'constituent\', \'communicationPreferences\')','Communication Preferences',0x00,0x00,0x00,0x00,0x00,0x00,0x00,1,'COMMUNICATIONPREFERENCES','CONSTITUENT_CONSTITUENT_ID'),
 (1259,0x00,0x00,'GETCUSTOMFIELD(CONSTITUENT_CONSTITUENT_ID, \'constituent\', \'emailFormat\')','Email Format',0x00,0x00,0x00,0x00,0x00,0x00,0x00,1,'EMAILFORMAT','CONSTITUENT_CONSTITUENT_ID'),
 (1260,0x00,0x00,'CONSTITUENT_CREATE_DATE','Create Date',0x00,0x00,0x00,0x00,0x00,0x00,0x00,4,'CONSTITUENT_CREATE_DATE','CONSTITUENT_CONSTITUENT_ID'),
 (1261,0x00,0x00,'CONSTITUENT_UPDATE_DATE','Update Date',0x00,0x00,0x00,0x00,0x00,0x00,0x00,4,'CONSTITUENT_UPDATE_DATE','CONSTITUENT_CONSTITUENT_ID'),
 (1262,0x00,0x00,'CONSTITUENT_MARITAL_STATUS','Marital Status',0x00,0x00,0x00,0x00,0x00,0x00,0x00,1,'CONSTITUENT_MARITAL_STATUS','CONSTITUENT_CONSTITUENT_ID'),
 (1263,0x00,0x00,'GETCUSTOMFIELD(CONSTITUENT_CONSTITUENT_ID, \'constituent\', \'individual.birthDate\')','Birth Date',0x00,0x00,0x00,0x00,0x00,0x00,0x00,4,'INDIVIDUAL_BIRTHDATE','CONSTITUENT_CONSTITUENT_ID'),
 (1264,0x00,0x00,'GETCUSTOMFIELD(CONSTITUENT_CONSTITUENT_ID, \'constituent\', \'individual.deceased\')','Deceased',0x00,0x00,0x00,0x00,0x00,0x00,0x00,6,'INDIVIDUAL_DECEASED','CONSTITUENT_CONSTITUENT_ID'),
 (1265,0x00,0x00,'GETCUSTOMFIELD(CONSTITUENT_CONSTITUENT_ID, \'constituent\', \'individual.gender\')','Gender',0x00,0x00,0x00,0x00,0x00,0x00,0x00,1,'INDIVIDUAL_GENDER','CONSTITUENT_CONSTITUENT_ID'),
 (1266,0x00,0x00,'GETCUSTOMFIELD(CONSTITUENT_CONSTITUENT_ID, \'constituent\', \'individual.race\')','Race',0x00,0x00,0x00,0x00,0x00,0x00,0x00,1,'INDIVIDUAL_RACE','CONSTITUENT_CONSTITUENT_ID'),
 (1267,0x00,0x00,'GETCUSTOMFIELD(CONSTITUENT_CONSTITUENT_ID, \'constituent\', \'individual.military\')','Military',0x00,0x00,0x00,0x00,0x00,0x00,0x00,1,'INDIVIDUAL_MILITARY','CONSTITUENT_CONSTITUENT_ID'),
 (1268,0x00,0x00,'GETCUSTOMFIELD(CONSTITUENT_CONSTITUENT_ID, \'constituent\', \'organization.matching\')','Matching',0x00,0x00,0x00,0x00,0x00,0x00,0x00,1,'ORGANIZATION_MATCHING','CONSTITUENT_CONSTITUENT_ID'),
 (1269,0x00,0x00,'GETCUSTOMFIELD(CONSTITUENT_CONSTITUENT_ID, \'constituent\', \'organization.percentMatch\')','Percent Matching',0x00,0x00,0x00,0x00,0x00,0x00,0x00,3,'ORGANIZATION_PERCENTMATCH','CONSTITUENT_CONSTITUENT_ID'),
 (1270,0x00,0x00,'GETCUSTOMFIELD(CONSTITUENT_CONSTITUENT_ID, \'constituent\', \'organization.maximumAnnualLimit\')','Maximum Annual Limit',0x00,0x00,0x00,0x00,0x00,0x00,0x00,5,'ORGANIZATION_MAXIMUMMATCH','CONSTITUENT_CONSTITUENT_ID'),
 (1271,0x00,0x00,'GETCUSTOMFIELD(CONSTITUENT_CONSTITUENT_ID, \'constituent\', \'organization.minimumGiftMatch\')','Mimimum Gift Match',0x00,0x00,0x00,0x00,0x00,0x00,0x00,5,'ORGANIZATION_MINIMUMGIFTMATCH','CONSTITUENT_CONSTITUENT_ID'),
 (1272,0x00,0x00,'GETCUSTOMFIELD(CONSTITUENT_CONSTITUENT_ID, \'constituent\', \'organization.totalPerEmployeePerYear\')','Total Per Employee Per Year',0x00,0x00,0x00,0x00,0x00,0x00,0x00,5,'ORGANIZATION_TOTALPEREMPLOYEEPERYEAR','CONSTITUENT_CONSTITUENT_ID'),
 (1273,0x00,0x00,'GETCUSTOMFIELDDISPLAYVALUECONCATENATED(CONSTITUENT_CONSTITUENT_ID, \'constituent\', \'organization.eligibility\', \'customFieldMap[organization.eligibility]\')','Eligibility',0x00,0x00,0x00,0x00,0x00,0x00,0x00,1,'ORGANIZATION_MINIMUMGIFTMATCH','CONSTITUENT_CONSTITUENT_ID'),
 (1274,0x00,0x00,'GETCUSTOMFIELDCONCATENATED(CONSTITUENT_CONSTITUENT_ID, \'constituent\', \'organization.eligibleFunds\')','Eligible Funds',0x00,0x00,0x00,0x00,0x00,0x00,0x00,1,'ORGANIZATION_ELIGIBLEFUNDS','CONSTITUENT_CONSTITUENT_ID'),
 (1275,0x00,0x00,'GETCUSTOMFIELDCONCATENATED(CONSTITUENT_CONSTITUENT_ID, \'constituent\', \'organization.additional_eligibleFunds\')','Eligible Funds - Additional',0x00,0x00,0x00,0x00,0x00,0x00,0x00,1,'ORGANIZATION_ELIGIBLEFUNDSADDITIONAL','CONSTITUENT_CONSTITUENT_ID'),
 (1276,0x00,0x00,'GETCUSTOMFIELDCONCATENATED(CONSTITUENT_CONSTITUENT_ID, \'constituent\', \'organization.eligibleOrganizations\')','Eligible Organizations',0x00,0x00,0x00,0x00,0x00,0x00,0x00,1,'ORGANIZATION_ELIGIBLEORGANIZATIONS','CONSTITUENT_CONSTITUENT_ID'),
 (1277,0x00,0x00,'GETCUSTOMFIELDCONCATENATED(CONSTITUENT_CONSTITUENT_ID, \'constituent\', \'organization.additional_eligibleOrganizations\')','Eligible Organizations - Additional',0x00,0x00,0x00,0x00,0x00,0x00,0x00,1,'ORGANIZATION_ELIGIBLEORGANIZATIONSADDITIONAL','CONSTITUENT_CONSTITUENT_ID'),
 (1278,0x00,0x00,'GETCUSTOMFIELDCONCATENATED(CONSTITUENT_CONSTITUENT_ID, \'constituent\', \'organization.ineligibleOrganizations\')','Ineligible Organizations',0x00,0x00,0x00,0x00,0x00,0x00,0x00,1,'ORGANIZATION_INELIGIBLEORGANIZATIONS','CONSTITUENT_CONSTITUENT_ID'),
 (1279,0x00,0x00,'GETCUSTOMFIELDCONCATENATED(CONSTITUENT_CONSTITUENT_ID, \'constituent\', \'organization.additional_ineligibleOrganizations\')','Ineligible Organizations - Additional',0x00,0x00,0x00,0x00,0x00,0x00,0x00,1,'ORGANIZATION_INELIGIBLEORGANIZATIONSADDITIONAL','CONSTITUENT_CONSTITUENT_ID'),
 (1280,0x00,0x00,'GETCUSTOMFIELD(CONSTITUENT_CONSTITUENT_ID, \'constituent\', \'organization.onlineMatchingGiftForm\')','Matching Gift Form',0x00,0x00,0x00,0x00,0x00,0x00,0x00,1,'ORGANIZATION_MATCHINGGIFTFORM','CONSTITUENT_CONSTITUENT_ID'),
 (1281,0x00,0x00,'GETPICKLISTDISPLAYVALUE(\'customFieldMap[organization.programStartMonth]\', GETCUSTOMFIELD(CONSTITUENT_CONSTITUENT_ID, \'constituent\', \'organization.programStartMonth\'))','Program Start Month',0x00,0x00,0x00,0x00,0x00,0x00,0x00,1,'ORGANIZATION_PROGRAMSTARTMONTH','CONSTITUENT_CONSTITUENT_ID'),
 (1282,0x00,0x00,'GETCONSTITUENTACCOUNTNUMBER(GETCUSTOMFIELD(CONSTITUENT_CONSTITUENT_ID, \'constituent\', \'organization.programContact\'))','Program Contact Account Number',0x00,0x00,0x00,0x00,0x00,0x00,0x00,2,'ORGANIZATION_PROGRAMCONTACTACCOUNTNUMBER','CONSTITUENT_CONSTITUENT_ID'),
 (1283,0x00,0x00,'GETCONSTITUENTDISPLAYNAME(GETCUSTOMFIELD(CONSTITUENT_CONSTITUENT_ID, \'constituent\', \'organization.programContact\'))','Program Contact Account Name',0x00,0x00,0x00,0x00,0x00,0x00,0x00,1,'ORGANIZATION_PROGRAMCONTACTACCOUNTNAME','CONSTITUENT_CONSTITUENT_ID'),
 (1284,0x00,0x00,'GETCUSTOMFIELD(CONSTITUENT_CONSTITUENT_ID, \'constituent\', \'organization.procedureForRequestingMatch\')','Procedure For Requesting Match',0x00,0x00,0x00,0x00,0x00,0x00,0x00,1,'ORGANIZATION_PROCEDUREFORREQUESTINGMATCH','CONSTITUENT_CONSTITUENT_ID'),
 (1285,0x00,0x00,'CONSTITUENT_SITE_NAME','Site Name',0x00,0x00,0x00,0x00,0x00,0x00,0x00,1,'CONSTITUENT_SITE_NAME','CONSTITUENT_CONSTITUENT_ID'),
 (1286,0x00,0x00,'PAYMENT_SOURCE_PAYMENT_SOURCE_ID','Payment Method ID',0x01,0x00,0x00,0x00,0x00,0x00,0x00,2,'PAYMENT_SOURCE_PAYMENT_SOURCE_ID','PAYMENT_SOURCE_PAYMENT_SOURCE_ID'),
 (1287,0x00,0x00,'GIFT_PAYMENT_SOURCE_PAYMENT_PROFILE_DESCRIPTION','Payment Profile Description',0x01,0x00,0x00,0x00,0x00,0x00,0x00,1,'GIFT_PAYMENT_SOURCE_PAYMENT_PROFILE_DESCRIPTION','PAYMENT_SOURCE_PAYMENT_SOURCE_ID'),
 (1288,0x00,0x00,'GIFT_PAYMENT_SOURCE_INACTIVE','Payment Method Inactive',0x00,0x00,0x00,0x00,0x00,0x00,0x00,6,'GIFT_PAYMENT_SOURCE_INACTIVE','PAYMENT_SOURCE_PAYMENT_SOURCE_ID'),
 (1289,0x00,0x00,'GIFT_PAYMENT_SOURCE_PAYMENT_TYPE','Payment Method',0x01,0x00,0x00,0x00,0x00,0x00,0x00,1,'GIFT_PAYMENT_SOURCE_PAYMENT_TYPE','PAYMENT_SOURCE_PAYMENT_SOURCE_ID'),
 (1290,0x00,0x00,'GIFT_PAYMENT_SOURCE_CREDIT_CARD_HOLDER_NAME','Credit Card Holder Name',0x00,0x00,0x00,0x00,0x00,0x00,0x00,1,'GIFT_PAYMENT_SOURCE_CREDIT_CARD_HOLDER_NAME','PAYMENT_SOURCE_PAYMENT_SOURCE_ID'),
 (1291,0x00,0x00,'GIFT_PAYMENT_SOURCE_CREDIT_CARD_TYPE','Credit Card Type',0x00,0x00,0x00,0x00,0x00,0x00,0x00,1,'GIFT_PAYMENT_SOURCE_CREDIT_CARD_TYPE','PAYMENT_SOURCE_PAYMENT_SOURCE_ID'),
 (1292,0x00,0x00,'GIFT_PAYMENT_SOURCE_CREDIT_CARD_EXPIRATION','Credit Card Expiration',0x00,0x00,0x00,0x00,0x00,0x00,0x00,1,'GIFT_PAYMENT_SOURCE_CREDIT_CARD_EXPIRATION','PAYMENT_SOURCE_PAYMENT_SOURCE_ID'),
 (1293,0x00,0x00,'GIFT_PAYMENT_SOURCE_CREDIT_CARD_EXPIRATION_DATE','Credit Card Expiration (Date / Time)',0x00,0x00,0x00,0x00,0x00,0x00,0x00,4,'GIFT_PAYMENT_SOURCE_CREDIT_CARD_EXPIRATION_DATE','PAYMENT_SOURCE_PAYMENT_SOURCE_ID'),
 (1294,0x00,0x00,'GIFT_PAYMENT_SOURCE_ACH_HOLDER_NAME','ACH Holder Name',0x00,0x00,0x00,0x00,0x00,0x00,0x00,1,'GIFT_PAYMENT_SOURCE_ACH_HOLDER_NAME','PAYMENT_SOURCE_PAYMENT_SOURCE_ID'),
 (1295,0x00,0x00,'GIFT_PAYMENT_SOURCE_ACH_ROUTING_NUMBER','ACH Routing Number',0x00,0x00,0x00,0x00,0x00,0x00,0x00,1,'GIFT_PAYMENT_SOURCE_ACH_ROUTING_NUMBER','PAYMENT_SOURCE_PAYMENT_SOURCE_ID'),
 (1296,0x00,0x00,'GIFT_PAYMENT_SOURCE_LAST_FOUR_DIGITS','Credit Card / ACH Account Number - Last 4 Digits',0x00,0x00,0x00,0x00,0x00,0x00,0x00,1,'GIFT_PAYMENT_SOURCE_LAST_FOUR_DIGITS','PAYMENT_SOURCE_PAYMENT_SOURCE_ID'),
 (1297,0x00,0x00,'GIFT_PAYMENT_ADDRESS_ADDRESS_LINE_1','Address Line 1',0x00,0x00,0x00,0x00,0x00,0x00,0x00,1,'GIFT_PAYMENT_ADDRESS_ADDRESS_LINE_1','PAYMENT_SOURCE_PAYMENT_SOURCE_ID'),
 (1298,0x00,0x00,'GIFT_PAYMENT_ADDRESS_ADDRESS_LINE_2','Address Line 2',0x00,0x00,0x00,0x00,0x00,0x00,0x00,1,'GIFT_PAYMENT_ADDRESS_ADDRESS_LINE_2','PAYMENT_SOURCE_PAYMENT_SOURCE_ID'),
 (1299,0x00,0x00,'GIFT_PAYMENT_ADDRESS_ADDRESS_LINE_3','Address Line 3',0x00,0x00,0x00,0x00,0x00,0x00,0x00,1,'GIFT_PAYMENT_ADDRESS_ADDRESS_LINE_3','PAYMENT_SOURCE_PAYMENT_SOURCE_ID'),
 (1300,0x00,0x00,'GIFT_PAYMENT_ADDRESS_CITY','City',0x00,0x00,0x00,0x00,0x00,0x00,0x00,1,'GIFT_PAYMENT_ADDRESS_CITY','PAYMENT_SOURCE_PAYMENT_SOURCE_ID'),
 (1301,0x00,0x00,'GIFT_PAYMENT_ADDRESS_STATE_PROVINCE','State/Province',0x00,0x00,0x00,0x00,0x00,0x00,0x00,1,'GIFT_PAYMENT_ADDRESS_STATE_PROVINCE','PAYMENT_SOURCE_PAYMENT_SOURCE_ID'),
 (1302,0x00,0x00,'GIFT_PAYMENT_ADDRESS_POSTAL_CODE','Zip/Postal Code',0x00,0x00,0x00,0x00,0x00,0x00,0x00,1,'GIFT_PAYMENT_ADDRESS_POSTAL_CODE','PAYMENT_SOURCE_PAYMENT_SOURCE_ID'),
 (1303,0x00,0x00,'GIFT_PAYMENT_ADDRESS_COUNTRY','Country',0x00,0x00,0x00,0x00,0x00,0x00,0x00,1,'GIFT_PAYMENT_ADDRESS_COUNTRY','PAYMENT_SOURCE_PAYMENT_SOURCE_ID'),
 (1304,0x00,0x00,'GIFT_PAYMENT_ADDRESS_IS_PRIMARY','Primary Address',0x00,0x00,0x00,0x00,0x00,0x00,0x00,6,'GIFT_PAYMENT_ADDRESS_IS_PRIMARY','PAYMENT_SOURCE_PAYMENT_SOURCE_ID'),
 (1305,0x00,0x00,'GIFT_PAYMENT_ADDRESS_UNDELIVERABLE','Address Undeliverable',0x00,0x00,0x00,0x00,0x00,0x00,0x00,6,'GIFT_PAYMENT_ADDRESS_UNDELIVERABLE','PAYMENT_SOURCE_PAYMENT_SOURCE_ID'),
 (1306,0x00,0x00,'GIFT_PAYMENT_ADDRESS_INACTIVE','Address Inactive',0x00,0x00,0x00,0x00,0x00,0x00,0x00,6,'GIFT_PAYMENT_ADDRESS_INACTIVE','PAYMENT_SOURCE_PAYMENT_SOURCE_ID'),
 (1307,0x00,0x00,'GIFT_PAYMENT_PHONE_NUMBER','Phone Number',0x00,0x00,0x00,0x00,0x00,0x00,0x00,1,'GIFT_PAYMENT_PHONE_NUMBER','PAYMENT_SOURCE_PAYMENT_SOURCE_ID'),
 (1308,0x00,0x00,'CONSTITUENT_ACCOUNT_NUMBER','Account Number',0x01,0x00,0x00,0x00,0x00,0x00,0x00,2,'CONSTITUENT_ACCOUNT_NUMBER','CONSTITUENT_CONSTITUENT_ID'),
 (1309,0x00,0x00,'GETCONSTITUENTDISPLAYNAME(GETCUSTOMFIELD(CONSTITUENT_CONSTITUENT_ID, \'constituent\', \'accountManager\'))','Account Manager Name',0x00,0x00,0x00,0x00,0x00,0x00,0x00,1,'ACCOUNTMANAGER','CONSTITUENT_CONSTITUENT_ID'),
 (1310,0x00,0x00,'GETCONSTITUENTACCOUNTNUMBER(GETCUSTOMFIELD(CONSTITUENT_CONSTITUENT_ID, \'constituent\', \'accountManager\'))','Account Manager Account Number',0x00,0x00,0x00,0x00,0x00,0x00,0x00,2,'ACCOUNTMANAGERACCOUNTNUMBER','CONSTITUENT_CONSTITUENT_ID'),
 (1311,0x00,0x00,'CONSTITUENT_CONSTITUENT_TYPE','Constituent Type',0x01,0x00,0x00,0x00,0x00,0x00,0x00,1,'CONSTITUENT_CONSTITUENT_TYPE','CONSTITUENT_CONSTITUENT_ID'),
 (1312,0x00,0x00,'CONSTITUENT_CONSTITUENT_ROLE','Profile Type',0x00,0x00,0x00,0x00,0x00,0x00,0x00,1,'CONSTITUENT_CONSTITUENT_ROLE','CONSTITUENT_CONSTITUENT_ID'),
 (1313,0x00,0x00,'CONSTITUENT_DONOR_PROFILE','Donor Profile',0x00,0x00,0x00,0x00,0x00,0x00,0x00,1,'CONSTITUENT_DONOR_PROFILE','CONSTITUENT_CONSTITUENT_ID'),
 (1314,0x00,0x00,'CONSTITUENT_TITLE','Title',0x00,0x00,0x00,0x00,0x00,0x00,0x00,1,'CONSTITUENT_TITLE','CONSTITUENT_CONSTITUENT_ID'),
 (1315,0x00,0x00,'CONSTITUENT_FIRST_NAME','First Name',0x01,0x00,0x00,0x00,0x00,0x00,0x00,1,'CONSTITUENT_FIRST_NAME','CONSTITUENT_CONSTITUENT_ID'),
 (1316,0x00,0x00,'CONSTITUENT_MIDDLE_NAME','Middle Name',0x00,0x00,0x00,0x00,0x00,0x00,0x00,1,'CONSTITUENT_MIDDLE_NAME','CONSTITUENT_CONSTITUENT_ID'),
 (1317,0x00,0x00,'CONSTITUENT_LAST_NAME','Last Name',0x01,0x00,0x00,0x00,0x00,0x00,0x00,1,'CONSTITUENT_LAST_NAME','CONSTITUENT_CONSTITUENT_ID'),
 (1318,0x00,0x00,'CONSTITUENT_SUFFIX','Suffix',0x00,0x00,0x00,0x00,0x00,0x00,0x00,1,'CONSTITUENT_SUFFIX','CONSTITUENT_CONSTITUENT_ID'),
 (1319,0x00,0x00,'CONSTITUENT_RECOGNITION_NAME','Recognition Name',0x00,0x00,0x00,0x00,0x00,0x00,0x00,1,'CONSTITUENT_RECOGNITION_NAME','CONSTITUENT_CONSTITUENT_ID'),
 (1320,0x00,0x00,'CONSTITUENT_ORGANIZATION_NAME','Organization Name',0x00,0x00,0x00,0x00,0x00,0x00,0x00,1,'CONSTITUENT_ORGANIZATION_NAME','CONSTITUENT_CONSTITUENT_ID'),
 (1321,0x00,0x00,'CONSTITUENT_LEGAL_NAME','Legal Name',0x00,0x00,0x00,0x00,0x00,0x00,0x00,1,'CONSTITUENT_LEGAL_NAME','CONSTITUENT_CONSTITUENT_ID'),
 (1322,0x00,0x00,'GETCUSTOMFIELD(CONSTITUENT_CONSTITUENT_ID, \'constituent\', \'organization.website\')','Website',0x00,0x00,0x00,0x00,0x00,0x00,0x00,1,'ORGANIZATION_WEBSITE','CONSTITUENT_CONSTITUENT_ID'),
 (1323,0x00,0x00,'GETCUSTOMFIELD(CONSTITUENT_CONSTITUENT_ID, \'constituent\', \'organization.taxid\')','Tax ID',0x00,0x00,0x00,0x00,0x00,0x00,0x00,1,'ORGANIZATION_TAXID','CONSTITUENT_CONSTITUENT_ID'),
 (1324,0x00,0x00,'CONSTITUENT_NAICS_CODE','NAICS Code',0x00,0x00,0x00,0x00,0x00,0x00,0x00,1,'CONSTITUENT_NAICS_CODE','CONSTITUENT_CONSTITUENT_ID'),
 (1325,0x00,0x00,'GETCUSTOMFIELD(CONSTITUENT_CONSTITUENT_ID, \'constituent\', \'communicationPreferences\')','Communication Preferences',0x00,0x00,0x00,0x00,0x00,0x00,0x00,1,'COMMUNICATIONPREFERENCES','CONSTITUENT_CONSTITUENT_ID'),
 (1326,0x00,0x00,'GETCUSTOMFIELD(CONSTITUENT_CONSTITUENT_ID, \'constituent\', \'emailFormat\')','Email Format',0x00,0x00,0x00,0x00,0x00,0x00,0x00,1,'EMAILFORMAT','CONSTITUENT_CONSTITUENT_ID'),
 (1327,0x00,0x00,'CONSTITUENT_CREATE_DATE','Create Date',0x00,0x00,0x00,0x00,0x00,0x00,0x00,4,'CONSTITUENT_CREATE_DATE','CONSTITUENT_CONSTITUENT_ID'),
 (1328,0x00,0x00,'CONSTITUENT_UPDATE_DATE','Update Date',0x00,0x00,0x00,0x00,0x00,0x00,0x00,4,'CONSTITUENT_UPDATE_DATE','CONSTITUENT_CONSTITUENT_ID'),
 (1329,0x00,0x00,'CONSTITUENT_MARITAL_STATUS','Marital Status',0x00,0x00,0x00,0x00,0x00,0x00,0x00,1,'CONSTITUENT_MARITAL_STATUS','CONSTITUENT_CONSTITUENT_ID'),
 (1330,0x00,0x00,'GETCUSTOMFIELD(CONSTITUENT_CONSTITUENT_ID, \'constituent\', \'individual.birthDate\')','Birth Date',0x00,0x00,0x00,0x00,0x00,0x00,0x00,4,'INDIVIDUAL_BIRTHDATE','CONSTITUENT_CONSTITUENT_ID'),
 (1331,0x00,0x00,'GETCUSTOMFIELD(CONSTITUENT_CONSTITUENT_ID, \'constituent\', \'individual.deceased\')','Deceased',0x00,0x00,0x00,0x00,0x00,0x00,0x00,6,'INDIVIDUAL_DECEASED','CONSTITUENT_CONSTITUENT_ID'),
 (1332,0x00,0x00,'GETCUSTOMFIELD(CONSTITUENT_CONSTITUENT_ID, \'constituent\', \'individual.gender\')','Gender',0x00,0x00,0x00,0x00,0x00,0x00,0x00,1,'INDIVIDUAL_GENDER','CONSTITUENT_CONSTITUENT_ID'),
 (1333,0x00,0x00,'GETCUSTOMFIELD(CONSTITUENT_CONSTITUENT_ID, \'constituent\', \'individual.race\')','Race',0x00,0x00,0x00,0x00,0x00,0x00,0x00,1,'INDIVIDUAL_RACE','CONSTITUENT_CONSTITUENT_ID'),
 (1334,0x00,0x00,'GETCUSTOMFIELD(CONSTITUENT_CONSTITUENT_ID, \'constituent\', \'individual.military\')','Military',0x00,0x00,0x00,0x00,0x00,0x00,0x00,1,'INDIVIDUAL_MILITARY','CONSTITUENT_CONSTITUENT_ID'),
 (1335,0x00,0x00,'GETCUSTOMFIELD(CONSTITUENT_CONSTITUENT_ID, \'constituent\', \'organization.matching\')','Matching',0x00,0x00,0x00,0x00,0x00,0x00,0x00,1,'ORGANIZATION_MATCHING','CONSTITUENT_CONSTITUENT_ID'),
 (1336,0x00,0x00,'GETCUSTOMFIELD(CONSTITUENT_CONSTITUENT_ID, \'constituent\', \'organization.percentMatch\')','Percent Matching',0x00,0x00,0x00,0x00,0x00,0x00,0x00,3,'ORGANIZATION_PERCENTMATCH','CONSTITUENT_CONSTITUENT_ID'),
 (1337,0x00,0x00,'GETCUSTOMFIELD(CONSTITUENT_CONSTITUENT_ID, \'constituent\', \'organization.maximumAnnualLimit\')','Maximum Annual Limit',0x00,0x00,0x00,0x00,0x00,0x00,0x00,5,'ORGANIZATION_MAXIMUMMATCH','CONSTITUENT_CONSTITUENT_ID'),
 (1338,0x00,0x00,'GETCUSTOMFIELD(CONSTITUENT_CONSTITUENT_ID, \'constituent\', \'organization.minimumGiftMatch\')','Mimimum Gift Match',0x00,0x00,0x00,0x00,0x00,0x00,0x00,5,'ORGANIZATION_MINIMUMGIFTMATCH','CONSTITUENT_CONSTITUENT_ID'),
 (1339,0x00,0x00,'GETCUSTOMFIELD(CONSTITUENT_CONSTITUENT_ID, \'constituent\', \'organization.totalPerEmployeePerYear\')','Total Per Employee Per Year',0x00,0x00,0x00,0x00,0x00,0x00,0x00,5,'ORGANIZATION_TOTALPEREMPLOYEEPERYEAR','CONSTITUENT_CONSTITUENT_ID'),
 (1340,0x00,0x00,'GETCUSTOMFIELDDISPLAYVALUECONCATENATED(CONSTITUENT_CONSTITUENT_ID, \'constituent\', \'organization.eligibility\', \'customFieldMap[organization.eligibility]\')','Eligibility',0x00,0x00,0x00,0x00,0x00,0x00,0x00,1,'ORGANIZATION_MINIMUMGIFTMATCH','CONSTITUENT_CONSTITUENT_ID'),
 (1341,0x00,0x00,'GETCUSTOMFIELDCONCATENATED(CONSTITUENT_CONSTITUENT_ID, \'constituent\', \'organization.eligibleFunds\')','Eligible Funds',0x00,0x00,0x00,0x00,0x00,0x00,0x00,1,'ORGANIZATION_ELIGIBLEFUNDS','CONSTITUENT_CONSTITUENT_ID'),
 (1342,0x00,0x00,'GETCUSTOMFIELDCONCATENATED(CONSTITUENT_CONSTITUENT_ID, \'constituent\', \'organization.additional_eligibleFunds\')','Eligible Funds - Additional',0x00,0x00,0x00,0x00,0x00,0x00,0x00,1,'ORGANIZATION_ELIGIBLEFUNDSADDITIONAL','CONSTITUENT_CONSTITUENT_ID'),
 (1343,0x00,0x00,'GETCUSTOMFIELDCONCATENATED(CONSTITUENT_CONSTITUENT_ID, \'constituent\', \'organization.eligibleOrganizations\')','Eligible Organizations',0x00,0x00,0x00,0x00,0x00,0x00,0x00,1,'ORGANIZATION_ELIGIBLEORGANIZATIONS','CONSTITUENT_CONSTITUENT_ID'),
 (1344,0x00,0x00,'GETCUSTOMFIELDCONCATENATED(CONSTITUENT_CONSTITUENT_ID, \'constituent\', \'organization.additional_eligibleOrganizations\')','Eligible Organizations - Additional',0x00,0x00,0x00,0x00,0x00,0x00,0x00,1,'ORGANIZATION_ELIGIBLEORGANIZATIONSADDITIONAL','CONSTITUENT_CONSTITUENT_ID'),
 (1345,0x00,0x00,'GETCUSTOMFIELDCONCATENATED(CONSTITUENT_CONSTITUENT_ID, \'constituent\', \'organization.ineligibleOrganizations\')','Ineligible Organizations',0x00,0x00,0x00,0x00,0x00,0x00,0x00,1,'ORGANIZATION_INELIGIBLEORGANIZATIONS','CONSTITUENT_CONSTITUENT_ID'),
 (1346,0x00,0x00,'GETCUSTOMFIELDCONCATENATED(CONSTITUENT_CONSTITUENT_ID, \'constituent\', \'organization.additional_ineligibleOrganizations\')','Ineligible Organizations - Additional',0x00,0x00,0x00,0x00,0x00,0x00,0x00,1,'ORGANIZATION_INELIGIBLEORGANIZATIONSADDITIONAL','CONSTITUENT_CONSTITUENT_ID'),
 (1347,0x00,0x00,'GETCUSTOMFIELD(CONSTITUENT_CONSTITUENT_ID, \'constituent\', \'organization.onlineMatchingGiftForm\')','Matching Gift Form',0x00,0x00,0x00,0x00,0x00,0x00,0x00,1,'ORGANIZATION_MATCHINGGIFTFORM','CONSTITUENT_CONSTITUENT_ID'),
 (1348,0x00,0x00,'GETPICKLISTDISPLAYVALUE(\'customFieldMap[organization.programStartMonth]\', GETCUSTOMFIELD(CONSTITUENT_CONSTITUENT_ID, \'constituent\', \'organization.programStartMonth\'))','Program Start Month',0x00,0x00,0x00,0x00,0x00,0x00,0x00,1,'ORGANIZATION_PROGRAMSTARTMONTH','CONSTITUENT_CONSTITUENT_ID'),
 (1349,0x00,0x00,'GETCONSTITUENTACCOUNTNUMBER(GETCUSTOMFIELD(CONSTITUENT_CONSTITUENT_ID, \'constituent\', \'organization.programContact\'))','Program Contact Account Number',0x00,0x00,0x00,0x00,0x00,0x00,0x00,2,'ORGANIZATION_PROGRAMCONTACTACCOUNTNUMBER','CONSTITUENT_CONSTITUENT_ID'),
 (1350,0x00,0x00,'GETCONSTITUENTDISPLAYNAME(GETCUSTOMFIELD(CONSTITUENT_CONSTITUENT_ID, \'constituent\', \'organization.programContact\'))','Program Contact Account Name',0x00,0x00,0x00,0x00,0x00,0x00,0x00,1,'ORGANIZATION_PROGRAMCONTACTACCOUNTNAME','CONSTITUENT_CONSTITUENT_ID'),
 (1351,0x00,0x00,'GETCUSTOMFIELD(CONSTITUENT_CONSTITUENT_ID, \'constituent\', \'organization.procedureForRequestingMatch\')','Procedure For Requesting Match',0x00,0x00,0x00,0x00,0x00,0x00,0x00,1,'ORGANIZATION_PROCEDUREFORREQUESTINGMATCH','CONSTITUENT_CONSTITUENT_ID');
INSERT INTO `REPORTFIELD` (`REPORTFIELD_ID`,`AVERAGE`,`CAN_BE_SUMMARIZED`,`COLUMN_NAME`,`DISPLAY_NAME`,`IS_DEFAULT`,`IS_SUMMARIZED`,`LARGEST_VALUE`,`PERFORMSUMMARY`,`RECORD_COUNT`,`IS_SELECTED`,`SMALLEST_VALUE`,`FIELD_TYPE`,`ALIAS_NAME`,`PRIMARY_KEYS`) VALUES 
 (1352,0x00,0x00,'CONSTITUENT_SITE_NAME','Site Name',0x00,0x00,0x00,0x00,0x00,0x00,0x00,1,'CONSTITUENT_SITE_NAME','CONSTITUENT_CONSTITUENT_ID'),
 (1353,0x00,0x00,'COMMITMENT_COMMITMENT_ID','Pledge ID',0x01,0x00,0x00,0x00,0x00,0x00,0x00,2,'COMMITMENT_COMMITMENT_ID','COMMITMENT_COMMITMENT_ID'),
 (1354,0x00,0x00,'COMMITMENT_AMOUNT_PER_GIFT','Amount Per Gift',0x00,0x00,0x00,0x00,0x00,0x00,0x00,5,'COMMITMENT_AMOUNT_PER_GIFT','COMMITMENT_COMMITMENT_ID'),
 (1355,0x00,0x00,'COMMITMENT_AMOUNT_TOTAL','Amount Total',0x00,0x00,0x00,0x00,0x00,0x00,0x00,5,'COMMITMENT_AMOUNT_TOTAL','COMMITMENT_COMMITMENT_ID'),
 (1356,0x00,0x00,'COMMITMENT_CURRENCY_CODE','Currency Code',0x00,0x00,0x00,0x00,0x00,0x00,0x00,1,'COMMITMENT_CURRENCY_CODE','COMMITMENT_COMMITMENT_ID'),
 (1357,0x00,0x00,'COMMITMENT_STATUS','Status',0x00,0x00,0x00,0x00,0x00,0x00,0x00,1,'COMMITMENT_STATUS','COMMITMENT_COMMITMENT_ID'),
 (1358,0x00,0x00,'COMMITMENT_FREQUENCY','Frequency',0x00,0x00,0x00,0x00,0x00,0x00,0x00,1,'COMMITMENT_FREQUENCY','COMMITMENT_COMMITMENT_ID'),
 (1359,0x00,0x00,'COMMITMENT_PLEDGE_DATE','Pledge Date',0x00,0x00,0x00,0x00,0x00,0x00,0x00,4,'COMMITMENT_PLEDGE_DATE','COMMITMENT_COMMITMENT_ID'),
 (1360,0x00,0x00,'COMMITMENT_PROJECTED_DATE','Projected Date',0x00,0x00,0x00,0x00,0x00,0x00,0x00,4,'COMMITMENT_PROJECTED_DATE','COMMITMENT_COMMITMENT_ID'),
 (1361,0x00,0x00,'COMMITMENT_START_DATE','Start Date',0x00,0x00,0x00,0x00,0x00,0x00,0x00,4,'COMMITMENT_START_DATE','COMMITMENT_COMMITMENT_ID'),
 (1362,0x00,0x00,'COMMITMENT_END_DATE','End Date',0x00,0x00,0x00,0x00,0x00,0x00,0x00,4,'COMMITMENT_END_DATE','COMMITMENT_COMMITMENT_ID'),
 (1363,0x00,0x00,'COMMITMENT_COMMENTS','Comments',0x00,0x00,0x00,0x00,0x00,0x00,0x00,1,'COMMITMENT_COMMENTS','COMMITMENT_COMMITMENT_ID'),
 (1364,0x00,0x00,'COMMITMENT_ACKNOWLEDGEMENT_EMAIL_EMAIL_ADDRESS','Receipt Email',0x00,0x00,0x00,0x00,0x00,0x00,0x00,1,'COMMITMENT_ACKNOWLEDGEMENT_EMAIL_EMAIL_ADDRESS','COMMITMENT_COMMITMENT_ID'),
 (1365,0x00,0x00,'COMMITMENT_SEND_ACKNOWLEDGMENT','Send Acknowledgment',0x00,0x00,0x00,0x00,0x00,0x00,0x00,6,'COMMITMENT_SEND_ACKNOWLEDGMENT','COMMITMENT_COMMITMENT_ID'),
 (1366,0x00,0x00,'COMMITMENT_ACKNOWLEDGMENT_DATE','Acknowledgment Date',0x00,0x00,0x00,0x00,0x00,0x00,0x00,4,'COMMITMENT_ACKNOWLEDGMENT_DATE','COMMITMENT_COMMITMENT_ID'),
 (1367,0x00,0x00,'COMMITMENT_ACKNOWLEDGEMENT_EMAIL_EMAIL_ADDRESS','Receipt Email',0x00,0x00,0x00,0x00,0x00,0x00,0x00,1,'COMMITMENT_ACKNOWLEDGEMENT_EMAIL_EMAIL_ADDRESS','COMMITMENT_COMMITMENT_ID'),
 (1368,0x00,0x00,'COMMITMENT_SEND_ACKNOWLEDGMENT','Send Acknowledgment',0x00,0x00,0x00,0x00,0x00,0x00,0x00,6,'COMMITMENT_SEND_ACKNOWLEDGMENT','COMMITMENT_COMMITMENT_ID'),
 (1369,0x00,0x00,'COMMITMENT_ACKNOWLEDGMENT_DATE','Acknowledgment Date',0x00,0x00,0x00,0x00,0x00,0x00,0x00,4,'COMMITMENT_ACKNOWLEDGMENT_DATE','COMMITMENT_COMMITMENT_ID'),
 (1370,0x00,0x00,'CONSTITUENT_ACCOUNT_NUMBER','Account Number',0x01,0x00,0x00,0x00,0x00,0x00,0x00,2,'CONSTITUENT_ACCOUNT_NUMBER','CONSTITUENT_CONSTITUENT_ID'),
 (1371,0x00,0x00,'GETCONSTITUENTDISPLAYNAME(GETCUSTOMFIELD(CONSTITUENT_CONSTITUENT_ID, \'constituent\', \'accountManager\'))','Account Manager Name',0x00,0x00,0x00,0x00,0x00,0x00,0x00,1,'ACCOUNTMANAGER','CONSTITUENT_CONSTITUENT_ID'),
 (1372,0x00,0x00,'GETCONSTITUENTACCOUNTNUMBER(GETCUSTOMFIELD(CONSTITUENT_CONSTITUENT_ID, \'constituent\', \'accountManager\'))','Account Manager Account Number',0x00,0x00,0x00,0x00,0x00,0x00,0x00,2,'ACCOUNTMANAGERACCOUNTNUMBER','CONSTITUENT_CONSTITUENT_ID'),
 (1373,0x00,0x00,'CONSTITUENT_CONSTITUENT_TYPE','Constituent Type',0x01,0x00,0x00,0x00,0x00,0x00,0x00,1,'CONSTITUENT_CONSTITUENT_TYPE','CONSTITUENT_CONSTITUENT_ID'),
 (1374,0x00,0x00,'CONSTITUENT_CONSTITUENT_ROLE','Profile Type',0x00,0x00,0x00,0x00,0x00,0x00,0x00,1,'CONSTITUENT_CONSTITUENT_ROLE','CONSTITUENT_CONSTITUENT_ID'),
 (1375,0x00,0x00,'CONSTITUENT_DONOR_PROFILE','Donor Profile',0x00,0x00,0x00,0x00,0x00,0x00,0x00,1,'CONSTITUENT_DONOR_PROFILE','CONSTITUENT_CONSTITUENT_ID'),
 (1376,0x00,0x00,'CONSTITUENT_TITLE','Title',0x00,0x00,0x00,0x00,0x00,0x00,0x00,1,'CONSTITUENT_TITLE','CONSTITUENT_CONSTITUENT_ID'),
 (1377,0x00,0x00,'CONSTITUENT_FIRST_NAME','First Name',0x01,0x00,0x00,0x00,0x00,0x00,0x00,1,'CONSTITUENT_FIRST_NAME','CONSTITUENT_CONSTITUENT_ID'),
 (1378,0x00,0x00,'CONSTITUENT_MIDDLE_NAME','Middle Name',0x00,0x00,0x00,0x00,0x00,0x00,0x00,1,'CONSTITUENT_MIDDLE_NAME','CONSTITUENT_CONSTITUENT_ID'),
 (1379,0x00,0x00,'CONSTITUENT_LAST_NAME','Last Name',0x01,0x00,0x00,0x00,0x00,0x00,0x00,1,'CONSTITUENT_LAST_NAME','CONSTITUENT_CONSTITUENT_ID'),
 (1380,0x00,0x00,'CONSTITUENT_SUFFIX','Suffix',0x00,0x00,0x00,0x00,0x00,0x00,0x00,1,'CONSTITUENT_SUFFIX','CONSTITUENT_CONSTITUENT_ID'),
 (1381,0x00,0x00,'CONSTITUENT_RECOGNITION_NAME','Recognition Name',0x00,0x00,0x00,0x00,0x00,0x00,0x00,1,'CONSTITUENT_RECOGNITION_NAME','CONSTITUENT_CONSTITUENT_ID'),
 (1382,0x00,0x00,'CONSTITUENT_ORGANIZATION_NAME','Organization Name',0x00,0x00,0x00,0x00,0x00,0x00,0x00,1,'CONSTITUENT_ORGANIZATION_NAME','CONSTITUENT_CONSTITUENT_ID'),
 (1383,0x00,0x00,'CONSTITUENT_LEGAL_NAME','Legal Name',0x00,0x00,0x00,0x00,0x00,0x00,0x00,1,'CONSTITUENT_LEGAL_NAME','CONSTITUENT_CONSTITUENT_ID'),
 (1384,0x00,0x00,'GETCUSTOMFIELD(CONSTITUENT_CONSTITUENT_ID, \'constituent\', \'organization.website\')','Website',0x00,0x00,0x00,0x00,0x00,0x00,0x00,1,'ORGANIZATION_WEBSITE','CONSTITUENT_CONSTITUENT_ID'),
 (1385,0x00,0x00,'GETCUSTOMFIELD(CONSTITUENT_CONSTITUENT_ID, \'constituent\', \'organization.taxid\')','Tax ID',0x00,0x00,0x00,0x00,0x00,0x00,0x00,1,'ORGANIZATION_TAXID','CONSTITUENT_CONSTITUENT_ID'),
 (1386,0x00,0x00,'CONSTITUENT_NAICS_CODE','NAICS Code',0x00,0x00,0x00,0x00,0x00,0x00,0x00,1,'CONSTITUENT_NAICS_CODE','CONSTITUENT_CONSTITUENT_ID'),
 (1387,0x00,0x00,'GETCUSTOMFIELD(CONSTITUENT_CONSTITUENT_ID, \'constituent\', \'communicationPreferences\')','Communication Preferences',0x00,0x00,0x00,0x00,0x00,0x00,0x00,1,'COMMUNICATIONPREFERENCES','CONSTITUENT_CONSTITUENT_ID'),
 (1388,0x00,0x00,'GETCUSTOMFIELD(CONSTITUENT_CONSTITUENT_ID, \'constituent\', \'emailFormat\')','Email Format',0x00,0x00,0x00,0x00,0x00,0x00,0x00,1,'EMAILFORMAT','CONSTITUENT_CONSTITUENT_ID'),
 (1389,0x00,0x00,'CONSTITUENT_CREATE_DATE','Create Date',0x00,0x00,0x00,0x00,0x00,0x00,0x00,4,'CONSTITUENT_CREATE_DATE','CONSTITUENT_CONSTITUENT_ID'),
 (1390,0x00,0x00,'CONSTITUENT_UPDATE_DATE','Update Date',0x00,0x00,0x00,0x00,0x00,0x00,0x00,4,'CONSTITUENT_UPDATE_DATE','CONSTITUENT_CONSTITUENT_ID'),
 (1391,0x00,0x00,'CONSTITUENT_MARITAL_STATUS','Marital Status',0x00,0x00,0x00,0x00,0x00,0x00,0x00,1,'CONSTITUENT_MARITAL_STATUS','CONSTITUENT_CONSTITUENT_ID'),
 (1392,0x00,0x00,'GETCUSTOMFIELD(CONSTITUENT_CONSTITUENT_ID, \'constituent\', \'individual.birthDate\')','Birth Date',0x00,0x00,0x00,0x00,0x00,0x00,0x00,4,'INDIVIDUAL_BIRTHDATE','CONSTITUENT_CONSTITUENT_ID'),
 (1393,0x00,0x00,'GETCUSTOMFIELD(CONSTITUENT_CONSTITUENT_ID, \'constituent\', \'individual.deceased\')','Deceased',0x00,0x00,0x00,0x00,0x00,0x00,0x00,6,'INDIVIDUAL_DECEASED','CONSTITUENT_CONSTITUENT_ID'),
 (1394,0x00,0x00,'GETCUSTOMFIELD(CONSTITUENT_CONSTITUENT_ID, \'constituent\', \'individual.gender\')','Gender',0x00,0x00,0x00,0x00,0x00,0x00,0x00,1,'INDIVIDUAL_GENDER','CONSTITUENT_CONSTITUENT_ID'),
 (1395,0x00,0x00,'GETCUSTOMFIELD(CONSTITUENT_CONSTITUENT_ID, \'constituent\', \'individual.race\')','Race',0x00,0x00,0x00,0x00,0x00,0x00,0x00,1,'INDIVIDUAL_RACE','CONSTITUENT_CONSTITUENT_ID'),
 (1396,0x00,0x00,'GETCUSTOMFIELD(CONSTITUENT_CONSTITUENT_ID, \'constituent\', \'individual.military\')','Military',0x00,0x00,0x00,0x00,0x00,0x00,0x00,1,'INDIVIDUAL_MILITARY','CONSTITUENT_CONSTITUENT_ID'),
 (1397,0x00,0x00,'GETCUSTOMFIELD(CONSTITUENT_CONSTITUENT_ID, \'constituent\', \'organization.matching\')','Matching',0x00,0x00,0x00,0x00,0x00,0x00,0x00,1,'ORGANIZATION_MATCHING','CONSTITUENT_CONSTITUENT_ID'),
 (1398,0x00,0x00,'GETCUSTOMFIELD(CONSTITUENT_CONSTITUENT_ID, \'constituent\', \'organization.percentMatch\')','Percent Matching',0x00,0x00,0x00,0x00,0x00,0x00,0x00,3,'ORGANIZATION_PERCENTMATCH','CONSTITUENT_CONSTITUENT_ID'),
 (1399,0x00,0x00,'GETCUSTOMFIELD(CONSTITUENT_CONSTITUENT_ID, \'constituent\', \'organization.maximumAnnualLimit\')','Maximum Annual Limit',0x00,0x00,0x00,0x00,0x00,0x00,0x00,5,'ORGANIZATION_MAXIMUMMATCH','CONSTITUENT_CONSTITUENT_ID'),
 (1400,0x00,0x00,'GETCUSTOMFIELD(CONSTITUENT_CONSTITUENT_ID, \'constituent\', \'organization.minimumGiftMatch\')','Mimimum Gift Match',0x00,0x00,0x00,0x00,0x00,0x00,0x00,5,'ORGANIZATION_MINIMUMGIFTMATCH','CONSTITUENT_CONSTITUENT_ID'),
 (1401,0x00,0x00,'GETCUSTOMFIELD(CONSTITUENT_CONSTITUENT_ID, \'constituent\', \'organization.totalPerEmployeePerYear\')','Total Per Employee Per Year',0x00,0x00,0x00,0x00,0x00,0x00,0x00,5,'ORGANIZATION_TOTALPEREMPLOYEEPERYEAR','CONSTITUENT_CONSTITUENT_ID'),
 (1402,0x00,0x00,'GETCUSTOMFIELDDISPLAYVALUECONCATENATED(CONSTITUENT_CONSTITUENT_ID, \'constituent\', \'organization.eligibility\', \'customFieldMap[organization.eligibility]\')','Eligibility',0x00,0x00,0x00,0x00,0x00,0x00,0x00,1,'ORGANIZATION_MINIMUMGIFTMATCH','CONSTITUENT_CONSTITUENT_ID'),
 (1403,0x00,0x00,'GETCUSTOMFIELDCONCATENATED(CONSTITUENT_CONSTITUENT_ID, \'constituent\', \'organization.eligibleFunds\')','Eligible Funds',0x00,0x00,0x00,0x00,0x00,0x00,0x00,1,'ORGANIZATION_ELIGIBLEFUNDS','CONSTITUENT_CONSTITUENT_ID'),
 (1404,0x00,0x00,'GETCUSTOMFIELDCONCATENATED(CONSTITUENT_CONSTITUENT_ID, \'constituent\', \'organization.additional_eligibleFunds\')','Eligible Funds - Additional',0x00,0x00,0x00,0x00,0x00,0x00,0x00,1,'ORGANIZATION_ELIGIBLEFUNDSADDITIONAL','CONSTITUENT_CONSTITUENT_ID'),
 (1405,0x00,0x00,'GETCUSTOMFIELDCONCATENATED(CONSTITUENT_CONSTITUENT_ID, \'constituent\', \'organization.eligibleOrganizations\')','Eligible Organizations',0x00,0x00,0x00,0x00,0x00,0x00,0x00,1,'ORGANIZATION_ELIGIBLEORGANIZATIONS','CONSTITUENT_CONSTITUENT_ID'),
 (1406,0x00,0x00,'GETCUSTOMFIELDCONCATENATED(CONSTITUENT_CONSTITUENT_ID, \'constituent\', \'organization.additional_eligibleOrganizations\')','Eligible Organizations - Additional',0x00,0x00,0x00,0x00,0x00,0x00,0x00,1,'ORGANIZATION_ELIGIBLEORGANIZATIONSADDITIONAL','CONSTITUENT_CONSTITUENT_ID'),
 (1407,0x00,0x00,'GETCUSTOMFIELDCONCATENATED(CONSTITUENT_CONSTITUENT_ID, \'constituent\', \'organization.ineligibleOrganizations\')','Ineligible Organizations',0x00,0x00,0x00,0x00,0x00,0x00,0x00,1,'ORGANIZATION_INELIGIBLEORGANIZATIONS','CONSTITUENT_CONSTITUENT_ID'),
 (1408,0x00,0x00,'GETCUSTOMFIELDCONCATENATED(CONSTITUENT_CONSTITUENT_ID, \'constituent\', \'organization.additional_ineligibleOrganizations\')','Ineligible Organizations - Additional',0x00,0x00,0x00,0x00,0x00,0x00,0x00,1,'ORGANIZATION_INELIGIBLEORGANIZATIONSADDITIONAL','CONSTITUENT_CONSTITUENT_ID'),
 (1409,0x00,0x00,'GETCUSTOMFIELD(CONSTITUENT_CONSTITUENT_ID, \'constituent\', \'organization.onlineMatchingGiftForm\')','Matching Gift Form',0x00,0x00,0x00,0x00,0x00,0x00,0x00,1,'ORGANIZATION_MATCHINGGIFTFORM','CONSTITUENT_CONSTITUENT_ID'),
 (1410,0x00,0x00,'GETPICKLISTDISPLAYVALUE(\'customFieldMap[organization.programStartMonth]\', GETCUSTOMFIELD(CONSTITUENT_CONSTITUENT_ID, \'constituent\', \'organization.programStartMonth\'))','Program Start Month',0x00,0x00,0x00,0x00,0x00,0x00,0x00,1,'ORGANIZATION_PROGRAMSTARTMONTH','CONSTITUENT_CONSTITUENT_ID'),
 (1411,0x00,0x00,'GETCONSTITUENTACCOUNTNUMBER(GETCUSTOMFIELD(CONSTITUENT_CONSTITUENT_ID, \'constituent\', \'organization.programContact\'))','Program Contact Account Number',0x00,0x00,0x00,0x00,0x00,0x00,0x00,2,'ORGANIZATION_PROGRAMCONTACTACCOUNTNUMBER','CONSTITUENT_CONSTITUENT_ID'),
 (1412,0x00,0x00,'GETCONSTITUENTDISPLAYNAME(GETCUSTOMFIELD(CONSTITUENT_CONSTITUENT_ID, \'constituent\', \'organization.programContact\'))','Program Contact Account Name',0x00,0x00,0x00,0x00,0x00,0x00,0x00,1,'ORGANIZATION_PROGRAMCONTACTACCOUNTNAME','CONSTITUENT_CONSTITUENT_ID'),
 (1413,0x00,0x00,'GETCUSTOMFIELD(CONSTITUENT_CONSTITUENT_ID, \'constituent\', \'organization.procedureForRequestingMatch\')','Procedure For Requesting Match',0x00,0x00,0x00,0x00,0x00,0x00,0x00,1,'ORGANIZATION_PROCEDUREFORREQUESTINGMATCH','CONSTITUENT_CONSTITUENT_ID'),
 (1414,0x00,0x00,'CONSTITUENT_SITE_NAME','Site Name',0x00,0x00,0x00,0x00,0x00,0x00,0x00,1,'CONSTITUENT_SITE_NAME','CONSTITUENT_CONSTITUENT_ID'),
 (1415,0x00,0x00,'COMMITMENT_COMMITMENT_ID','Pledge ID',0x01,0x00,0x00,0x00,0x00,0x00,0x00,2,'COMMITMENT_COMMITMENT_ID','COMMITMENT_COMMITMENT_ID'),
 (1416,0x00,0x00,'COMMITMENT_AMOUNT_PER_GIFT','Amount Per Gift',0x00,0x00,0x00,0x00,0x00,0x00,0x00,5,'COMMITMENT_AMOUNT_PER_GIFT','COMMITMENT_COMMITMENT_ID'),
 (1417,0x00,0x00,'COMMITMENT_AMOUNT_TOTAL','Amount Total',0x00,0x00,0x00,0x00,0x00,0x00,0x00,5,'COMMITMENT_AMOUNT_TOTAL','COMMITMENT_COMMITMENT_ID'),
 (1418,0x00,0x00,'COMMITMENT_CURRENCY_CODE','Currency Code',0x00,0x00,0x00,0x00,0x00,0x00,0x00,1,'COMMITMENT_CURRENCY_CODE','COMMITMENT_COMMITMENT_ID'),
 (1419,0x00,0x00,'COMMITMENT_STATUS','Status',0x00,0x00,0x00,0x00,0x00,0x00,0x00,1,'COMMITMENT_STATUS','COMMITMENT_COMMITMENT_ID'),
 (1420,0x00,0x00,'COMMITMENT_FREQUENCY','Frequency',0x00,0x00,0x00,0x00,0x00,0x00,0x00,1,'COMMITMENT_FREQUENCY','COMMITMENT_COMMITMENT_ID'),
 (1421,0x00,0x00,'COMMITMENT_PLEDGE_DATE','Pledge Date',0x00,0x00,0x00,0x00,0x00,0x00,0x00,4,'COMMITMENT_PLEDGE_DATE','COMMITMENT_COMMITMENT_ID'),
 (1422,0x00,0x00,'COMMITMENT_PROJECTED_DATE','Projected Date',0x00,0x00,0x00,0x00,0x00,0x00,0x00,4,'COMMITMENT_PROJECTED_DATE','COMMITMENT_COMMITMENT_ID'),
 (1423,0x00,0x00,'COMMITMENT_START_DATE','Start Date',0x00,0x00,0x00,0x00,0x00,0x00,0x00,4,'COMMITMENT_START_DATE','COMMITMENT_COMMITMENT_ID'),
 (1424,0x00,0x00,'COMMITMENT_END_DATE','End Date',0x00,0x00,0x00,0x00,0x00,0x00,0x00,4,'COMMITMENT_END_DATE','COMMITMENT_COMMITMENT_ID'),
 (1425,0x00,0x00,'COMMITMENT_COMMENTS','Comments',0x00,0x00,0x00,0x00,0x00,0x00,0x00,1,'COMMITMENT_COMMENTS','COMMITMENT_COMMITMENT_ID'),
 (1426,0x00,0x00,'COMMITMENT_ACKNOWLEDGEMENT_EMAIL_EMAIL_ADDRESS','Receipt Email',0x00,0x00,0x00,0x00,0x00,0x00,0x00,1,'COMMITMENT_ACKNOWLEDGEMENT_EMAIL_EMAIL_ADDRESS','COMMITMENT_COMMITMENT_ID'),
 (1427,0x00,0x00,'COMMITMENT_SEND_ACKNOWLEDGMENT','Send Acknowledgment',0x00,0x00,0x00,0x00,0x00,0x00,0x00,6,'COMMITMENT_SEND_ACKNOWLEDGMENT','COMMITMENT_COMMITMENT_ID'),
 (1428,0x00,0x00,'COMMITMENT_ACKNOWLEDGMENT_DATE','Acknowledgment Date',0x00,0x00,0x00,0x00,0x00,0x00,0x00,4,'COMMITMENT_ACKNOWLEDGMENT_DATE','COMMITMENT_COMMITMENT_ID'),
 (1429,0x00,0x00,'COMMITMENT_ACKNOWLEDGEMENT_EMAIL_EMAIL_ADDRESS','Receipt Email',0x00,0x00,0x00,0x00,0x00,0x00,0x00,1,'COMMITMENT_ACKNOWLEDGEMENT_EMAIL_EMAIL_ADDRESS','COMMITMENT_COMMITMENT_ID'),
 (1430,0x00,0x00,'COMMITMENT_SEND_ACKNOWLEDGMENT','Send Acknowledgment',0x00,0x00,0x00,0x00,0x00,0x00,0x00,6,'COMMITMENT_SEND_ACKNOWLEDGMENT','COMMITMENT_COMMITMENT_ID'),
 (1431,0x00,0x00,'COMMITMENT_ACKNOWLEDGMENT_DATE','Acknowledgment Date',0x00,0x00,0x00,0x00,0x00,0x00,0x00,4,'COMMITMENT_ACKNOWLEDGMENT_DATE','COMMITMENT_COMMITMENT_ID'),
 (1432,0x00,0x00,'DISTRO_LINE_DISTRO_LINE_ID','Pledge Distribution Reference Number',0x01,0x00,0x00,0x00,0x00,0x00,0x00,2,'DISTRO_LINE_DISTRO_LINE_ID','DISTRO_LINE_DISTRO_LINE_ID'),
 (1433,0x00,0x00,'DISTRO_LINE_AMOUNT','Pledge Distribution Amount',0x01,0x00,0x00,0x00,0x00,0x00,0x00,5,'DISTRO_LINE_AMOUNT','DISTRO_LINE_DISTRO_LINE_ID'),
 (1434,0x00,0x00,'DISTRO_LINE_PERCENTAGE','Percentage',0x00,0x00,0x00,0x00,0x00,0x00,0x00,3,'DISTRO_LINE_PERCENTAGE','DISTRO_LINE_DISTRO_LINE_ID'),
 (1435,0x00,0x00,'DISTRO_LINE_PROJECT_CODE','Designation',0x00,0x00,0x00,0x00,0x00,0x00,0x00,1,'DISTRO_LINE_PROJECT_CODE','DISTRO_LINE_DISTRO_LINE_ID'),
 (1436,0x00,0x00,'GETPICKLISTDISPLAYVALUE(\'projectCode\', DISTRO_LINE_PROJECT_CODE)','Designation Description',0x00,0x00,0x00,0x00,0x00,0x00,0x00,1,'DISTRO_LINE_PROJECT_CODE_DESCRIPTION','DISTRO_LINE_DISTRO_LINE_ID'),
 (1437,0x00,0x00,'GETCUSTOMFIELD(GETPICKLISTITEMIDBYDEFAULTDISPLAYVALUE(\'projectCode\', DISTRO_LINE_PROJECT_CODE), \'picklistItem\', \'01-GLPART1\')','Designation GL Part 1',0x00,0x00,0x00,0x00,0x00,0x00,0x00,1,'DISTRO_LINE_PROJECT_CODE_GLPART1','DISTRO_LINE_DISTRO_LINE_ID'),
 (1438,0x00,0x00,'GETCUSTOMFIELD(GETPICKLISTITEMIDBYDEFAULTDISPLAYVALUE(\'projectCode\', DISTRO_LINE_PROJECT_CODE), \'picklistItem\', \'02-GLPART2\')','Designation GL Part 2',0x00,0x00,0x00,0x00,0x00,0x00,0x00,1,'DISTRO_LINE_PROJECT_CODE_GLPART2','DISTRO_LINE_DISTRO_LINE_ID'),
 (1439,0x00,0x00,'GETCUSTOMFIELD(GETPICKLISTITEMIDBYDEFAULTDISPLAYVALUE(\'projectCode\', DISTRO_LINE_PROJECT_CODE), \'picklistItem\', \'03-GLPART3\')','Designation GL Part 3',0x00,0x00,0x00,0x00,0x00,0x00,0x00,1,'DISTRO_LINE_PROJECT_CODE_GLPART3','DISTRO_LINE_DISTRO_LINE_ID'),
 (1440,0x00,0x00,'GETCUSTOMFIELD(GETPICKLISTITEMIDBYDEFAULTDISPLAYVALUE(\'projectCode\', DISTRO_LINE_PROJECT_CODE), \'picklistItem\', \'04-GLPART4\')','Designation GL Part 4',0x00,0x00,0x00,0x00,0x00,0x00,0x00,1,'DISTRO_LINE_PROJECT_CODE_GLPART4','DISTRO_LINE_DISTRO_LINE_ID'),
 (1441,0x00,0x00,'GETCUSTOMFIELD(GETPICKLISTITEMIDBYDEFAULTDISPLAYVALUE(\'projectCode\', DISTRO_LINE_PROJECT_CODE), \'picklistItem\', \'GLAccountCode\')','Designation GL Account Code',0x00,0x00,0x00,0x00,0x00,0x00,0x00,1,'DISTRO_LINE_PROJECT_CODE_GLACCOUNTCODE','DISTRO_LINE_DISTRO_LINE_ID'),
 (1442,0x00,0x00,'GETCUSTOMFIELD(GETPICKLISTITEMIDBYDEFAULTDISPLAYVALUE(\'projectCode\', DISTRO_LINE_PROJECT_CODE), \'picklistItem\', \'AccountString1\')','Designation GL Account String 1',0x00,0x00,0x00,0x00,0x00,0x00,0x00,1,'DISTRO_LINE_PROJECT_CODE_GLACCOUNTSTRING1','DISTRO_LINE_DISTRO_LINE_ID'),
 (1443,0x00,0x00,'GETCUSTOMFIELD(GETPICKLISTITEMIDBYDEFAULTDISPLAYVALUE(\'projectCode\', DISTRO_LINE_PROJECT_CODE), \'picklistItem\', \'AccountString2\')','Designation GL Account String 2',0x00,0x00,0x00,0x00,0x00,0x00,0x00,1,'DISTRO_LINE_PROJECT_CODE_GLACCOUNTSTRING2','DISTRO_LINE_DISTRO_LINE_ID'),
 (1444,0x00,0x00,'DISTRO_LINE_MOTIVATION_CODE','Motivation',0x00,0x00,0x00,0x00,0x00,0x00,0x00,1,'DISTRO_LINE_MOTIVATION_CODE','DISTRO_LINE_DISTRO_LINE_ID'),
 (1445,0x00,0x00,'GETPICKLISTDISPLAYVALUE(\'motivationCode\', DISTRO_LINE_MOTIVATION_CODE)','Motivation Description',0x00,0x00,0x00,0x00,0x00,0x00,0x00,1,'DISTRO_LINE_MOTIVATION_CODE_DESCRIPTION','DISTRO_LINE_DISTRO_LINE_ID'),
 (1446,0x00,0x00,'CONSTITUENT_ACCOUNT_NUMBER','Account Number',0x01,0x00,0x00,0x00,0x00,0x00,0x00,2,'CONSTITUENT_ACCOUNT_NUMBER','CONSTITUENT_CONSTITUENT_ID'),
 (1447,0x00,0x00,'GETCONSTITUENTDISPLAYNAME(GETCUSTOMFIELD(CONSTITUENT_CONSTITUENT_ID, \'constituent\', \'accountManager\'))','Account Manager Name',0x00,0x00,0x00,0x00,0x00,0x00,0x00,1,'ACCOUNTMANAGER','CONSTITUENT_CONSTITUENT_ID'),
 (1448,0x00,0x00,'GETCONSTITUENTACCOUNTNUMBER(GETCUSTOMFIELD(CONSTITUENT_CONSTITUENT_ID, \'constituent\', \'accountManager\'))','Account Manager Account Number',0x00,0x00,0x00,0x00,0x00,0x00,0x00,2,'ACCOUNTMANAGERACCOUNTNUMBER','CONSTITUENT_CONSTITUENT_ID'),
 (1449,0x00,0x00,'CONSTITUENT_CONSTITUENT_TYPE','Constituent Type',0x01,0x00,0x00,0x00,0x00,0x00,0x00,1,'CONSTITUENT_CONSTITUENT_TYPE','CONSTITUENT_CONSTITUENT_ID'),
 (1450,0x00,0x00,'CONSTITUENT_CONSTITUENT_ROLE','Profile Type',0x00,0x00,0x00,0x00,0x00,0x00,0x00,1,'CONSTITUENT_CONSTITUENT_ROLE','CONSTITUENT_CONSTITUENT_ID'),
 (1451,0x00,0x00,'CONSTITUENT_DONOR_PROFILE','Donor Profile',0x00,0x00,0x00,0x00,0x00,0x00,0x00,1,'CONSTITUENT_DONOR_PROFILE','CONSTITUENT_CONSTITUENT_ID'),
 (1452,0x00,0x00,'CONSTITUENT_TITLE','Title',0x00,0x00,0x00,0x00,0x00,0x00,0x00,1,'CONSTITUENT_TITLE','CONSTITUENT_CONSTITUENT_ID'),
 (1453,0x00,0x00,'CONSTITUENT_FIRST_NAME','First Name',0x01,0x00,0x00,0x00,0x00,0x00,0x00,1,'CONSTITUENT_FIRST_NAME','CONSTITUENT_CONSTITUENT_ID'),
 (1454,0x00,0x00,'CONSTITUENT_MIDDLE_NAME','Middle Name',0x00,0x00,0x00,0x00,0x00,0x00,0x00,1,'CONSTITUENT_MIDDLE_NAME','CONSTITUENT_CONSTITUENT_ID'),
 (1455,0x00,0x00,'CONSTITUENT_LAST_NAME','Last Name',0x01,0x00,0x00,0x00,0x00,0x00,0x00,1,'CONSTITUENT_LAST_NAME','CONSTITUENT_CONSTITUENT_ID'),
 (1456,0x00,0x00,'CONSTITUENT_SUFFIX','Suffix',0x00,0x00,0x00,0x00,0x00,0x00,0x00,1,'CONSTITUENT_SUFFIX','CONSTITUENT_CONSTITUENT_ID'),
 (1457,0x00,0x00,'CONSTITUENT_RECOGNITION_NAME','Recognition Name',0x00,0x00,0x00,0x00,0x00,0x00,0x00,1,'CONSTITUENT_RECOGNITION_NAME','CONSTITUENT_CONSTITUENT_ID'),
 (1458,0x00,0x00,'CONSTITUENT_ORGANIZATION_NAME','Organization Name',0x00,0x00,0x00,0x00,0x00,0x00,0x00,1,'CONSTITUENT_ORGANIZATION_NAME','CONSTITUENT_CONSTITUENT_ID'),
 (1459,0x00,0x00,'CONSTITUENT_LEGAL_NAME','Legal Name',0x00,0x00,0x00,0x00,0x00,0x00,0x00,1,'CONSTITUENT_LEGAL_NAME','CONSTITUENT_CONSTITUENT_ID'),
 (1460,0x00,0x00,'GETCUSTOMFIELD(CONSTITUENT_CONSTITUENT_ID, \'constituent\', \'organization.website\')','Website',0x00,0x00,0x00,0x00,0x00,0x00,0x00,1,'ORGANIZATION_WEBSITE','CONSTITUENT_CONSTITUENT_ID'),
 (1461,0x00,0x00,'GETCUSTOMFIELD(CONSTITUENT_CONSTITUENT_ID, \'constituent\', \'organization.taxid\')','Tax ID',0x00,0x00,0x00,0x00,0x00,0x00,0x00,1,'ORGANIZATION_TAXID','CONSTITUENT_CONSTITUENT_ID'),
 (1462,0x00,0x00,'CONSTITUENT_NAICS_CODE','NAICS Code',0x00,0x00,0x00,0x00,0x00,0x00,0x00,1,'CONSTITUENT_NAICS_CODE','CONSTITUENT_CONSTITUENT_ID'),
 (1463,0x00,0x00,'GETCUSTOMFIELD(CONSTITUENT_CONSTITUENT_ID, \'constituent\', \'communicationPreferences\')','Communication Preferences',0x00,0x00,0x00,0x00,0x00,0x00,0x00,1,'COMMUNICATIONPREFERENCES','CONSTITUENT_CONSTITUENT_ID'),
 (1464,0x00,0x00,'GETCUSTOMFIELD(CONSTITUENT_CONSTITUENT_ID, \'constituent\', \'emailFormat\')','Email Format',0x00,0x00,0x00,0x00,0x00,0x00,0x00,1,'EMAILFORMAT','CONSTITUENT_CONSTITUENT_ID'),
 (1465,0x00,0x00,'CONSTITUENT_CREATE_DATE','Create Date',0x00,0x00,0x00,0x00,0x00,0x00,0x00,4,'CONSTITUENT_CREATE_DATE','CONSTITUENT_CONSTITUENT_ID'),
 (1466,0x00,0x00,'CONSTITUENT_UPDATE_DATE','Update Date',0x00,0x00,0x00,0x00,0x00,0x00,0x00,4,'CONSTITUENT_UPDATE_DATE','CONSTITUENT_CONSTITUENT_ID'),
 (1467,0x00,0x00,'CONSTITUENT_MARITAL_STATUS','Marital Status',0x00,0x00,0x00,0x00,0x00,0x00,0x00,1,'CONSTITUENT_MARITAL_STATUS','CONSTITUENT_CONSTITUENT_ID'),
 (1468,0x00,0x00,'GETCUSTOMFIELD(CONSTITUENT_CONSTITUENT_ID, \'constituent\', \'individual.birthDate\')','Birth Date',0x00,0x00,0x00,0x00,0x00,0x00,0x00,4,'INDIVIDUAL_BIRTHDATE','CONSTITUENT_CONSTITUENT_ID'),
 (1469,0x00,0x00,'GETCUSTOMFIELD(CONSTITUENT_CONSTITUENT_ID, \'constituent\', \'individual.deceased\')','Deceased',0x00,0x00,0x00,0x00,0x00,0x00,0x00,6,'INDIVIDUAL_DECEASED','CONSTITUENT_CONSTITUENT_ID'),
 (1470,0x00,0x00,'GETCUSTOMFIELD(CONSTITUENT_CONSTITUENT_ID, \'constituent\', \'individual.gender\')','Gender',0x00,0x00,0x00,0x00,0x00,0x00,0x00,1,'INDIVIDUAL_GENDER','CONSTITUENT_CONSTITUENT_ID'),
 (1471,0x00,0x00,'GETCUSTOMFIELD(CONSTITUENT_CONSTITUENT_ID, \'constituent\', \'individual.race\')','Race',0x00,0x00,0x00,0x00,0x00,0x00,0x00,1,'INDIVIDUAL_RACE','CONSTITUENT_CONSTITUENT_ID'),
 (1472,0x00,0x00,'GETCUSTOMFIELD(CONSTITUENT_CONSTITUENT_ID, \'constituent\', \'individual.military\')','Military',0x00,0x00,0x00,0x00,0x00,0x00,0x00,1,'INDIVIDUAL_MILITARY','CONSTITUENT_CONSTITUENT_ID'),
 (1473,0x00,0x00,'GETCUSTOMFIELD(CONSTITUENT_CONSTITUENT_ID, \'constituent\', \'organization.matching\')','Matching',0x00,0x00,0x00,0x00,0x00,0x00,0x00,1,'ORGANIZATION_MATCHING','CONSTITUENT_CONSTITUENT_ID'),
 (1474,0x00,0x00,'GETCUSTOMFIELD(CONSTITUENT_CONSTITUENT_ID, \'constituent\', \'organization.percentMatch\')','Percent Matching',0x00,0x00,0x00,0x00,0x00,0x00,0x00,3,'ORGANIZATION_PERCENTMATCH','CONSTITUENT_CONSTITUENT_ID'),
 (1475,0x00,0x00,'GETCUSTOMFIELD(CONSTITUENT_CONSTITUENT_ID, \'constituent\', \'organization.maximumAnnualLimit\')','Maximum Annual Limit',0x00,0x00,0x00,0x00,0x00,0x00,0x00,5,'ORGANIZATION_MAXIMUMMATCH','CONSTITUENT_CONSTITUENT_ID'),
 (1476,0x00,0x00,'GETCUSTOMFIELD(CONSTITUENT_CONSTITUENT_ID, \'constituent\', \'organization.minimumGiftMatch\')','Mimimum Gift Match',0x00,0x00,0x00,0x00,0x00,0x00,0x00,5,'ORGANIZATION_MINIMUMGIFTMATCH','CONSTITUENT_CONSTITUENT_ID'),
 (1477,0x00,0x00,'GETCUSTOMFIELD(CONSTITUENT_CONSTITUENT_ID, \'constituent\', \'organization.totalPerEmployeePerYear\')','Total Per Employee Per Year',0x00,0x00,0x00,0x00,0x00,0x00,0x00,5,'ORGANIZATION_TOTALPEREMPLOYEEPERYEAR','CONSTITUENT_CONSTITUENT_ID'),
 (1478,0x00,0x00,'GETCUSTOMFIELDDISPLAYVALUECONCATENATED(CONSTITUENT_CONSTITUENT_ID, \'constituent\', \'organization.eligibility\', \'customFieldMap[organization.eligibility]\')','Eligibility',0x00,0x00,0x00,0x00,0x00,0x00,0x00,1,'ORGANIZATION_MINIMUMGIFTMATCH','CONSTITUENT_CONSTITUENT_ID'),
 (1479,0x00,0x00,'GETCUSTOMFIELDCONCATENATED(CONSTITUENT_CONSTITUENT_ID, \'constituent\', \'organization.eligibleFunds\')','Eligible Funds',0x00,0x00,0x00,0x00,0x00,0x00,0x00,1,'ORGANIZATION_ELIGIBLEFUNDS','CONSTITUENT_CONSTITUENT_ID'),
 (1480,0x00,0x00,'GETCUSTOMFIELDCONCATENATED(CONSTITUENT_CONSTITUENT_ID, \'constituent\', \'organization.additional_eligibleFunds\')','Eligible Funds - Additional',0x00,0x00,0x00,0x00,0x00,0x00,0x00,1,'ORGANIZATION_ELIGIBLEFUNDSADDITIONAL','CONSTITUENT_CONSTITUENT_ID'),
 (1481,0x00,0x00,'GETCUSTOMFIELDCONCATENATED(CONSTITUENT_CONSTITUENT_ID, \'constituent\', \'organization.eligibleOrganizations\')','Eligible Organizations',0x00,0x00,0x00,0x00,0x00,0x00,0x00,1,'ORGANIZATION_ELIGIBLEORGANIZATIONS','CONSTITUENT_CONSTITUENT_ID'),
 (1482,0x00,0x00,'GETCUSTOMFIELDCONCATENATED(CONSTITUENT_CONSTITUENT_ID, \'constituent\', \'organization.additional_eligibleOrganizations\')','Eligible Organizations - Additional',0x00,0x00,0x00,0x00,0x00,0x00,0x00,1,'ORGANIZATION_ELIGIBLEORGANIZATIONSADDITIONAL','CONSTITUENT_CONSTITUENT_ID'),
 (1483,0x00,0x00,'GETCUSTOMFIELDCONCATENATED(CONSTITUENT_CONSTITUENT_ID, \'constituent\', \'organization.ineligibleOrganizations\')','Ineligible Organizations',0x00,0x00,0x00,0x00,0x00,0x00,0x00,1,'ORGANIZATION_INELIGIBLEORGANIZATIONS','CONSTITUENT_CONSTITUENT_ID'),
 (1484,0x00,0x00,'GETCUSTOMFIELDCONCATENATED(CONSTITUENT_CONSTITUENT_ID, \'constituent\', \'organization.additional_ineligibleOrganizations\')','Ineligible Organizations - Additional',0x00,0x00,0x00,0x00,0x00,0x00,0x00,1,'ORGANIZATION_INELIGIBLEORGANIZATIONSADDITIONAL','CONSTITUENT_CONSTITUENT_ID'),
 (1485,0x00,0x00,'GETCUSTOMFIELD(CONSTITUENT_CONSTITUENT_ID, \'constituent\', \'organization.onlineMatchingGiftForm\')','Matching Gift Form',0x00,0x00,0x00,0x00,0x00,0x00,0x00,1,'ORGANIZATION_MATCHINGGIFTFORM','CONSTITUENT_CONSTITUENT_ID'),
 (1486,0x00,0x00,'GETPICKLISTDISPLAYVALUE(\'customFieldMap[organization.programStartMonth]\', GETCUSTOMFIELD(CONSTITUENT_CONSTITUENT_ID, \'constituent\', \'organization.programStartMonth\'))','Program Start Month',0x00,0x00,0x00,0x00,0x00,0x00,0x00,1,'ORGANIZATION_PROGRAMSTARTMONTH','CONSTITUENT_CONSTITUENT_ID'),
 (1487,0x00,0x00,'GETCONSTITUENTACCOUNTNUMBER(GETCUSTOMFIELD(CONSTITUENT_CONSTITUENT_ID, \'constituent\', \'organization.programContact\'))','Program Contact Account Number',0x00,0x00,0x00,0x00,0x00,0x00,0x00,2,'ORGANIZATION_PROGRAMCONTACTACCOUNTNUMBER','CONSTITUENT_CONSTITUENT_ID'),
 (1488,0x00,0x00,'GETCONSTITUENTDISPLAYNAME(GETCUSTOMFIELD(CONSTITUENT_CONSTITUENT_ID, \'constituent\', \'organization.programContact\'))','Program Contact Account Name',0x00,0x00,0x00,0x00,0x00,0x00,0x00,1,'ORGANIZATION_PROGRAMCONTACTACCOUNTNAME','CONSTITUENT_CONSTITUENT_ID'),
 (1489,0x00,0x00,'GETCUSTOMFIELD(CONSTITUENT_CONSTITUENT_ID, \'constituent\', \'organization.procedureForRequestingMatch\')','Procedure For Requesting Match',0x00,0x00,0x00,0x00,0x00,0x00,0x00,1,'ORGANIZATION_PROCEDUREFORREQUESTINGMATCH','CONSTITUENT_CONSTITUENT_ID'),
 (1490,0x00,0x00,'CONSTITUENT_SITE_NAME','Site Name',0x00,0x00,0x00,0x00,0x00,0x00,0x00,1,'CONSTITUENT_SITE_NAME','CONSTITUENT_CONSTITUENT_ID'),
 (1491,0x00,0x00,'COMMITMENT_COMMITMENT_ID','Recurring Gift ID',0x01,0x00,0x00,0x00,0x00,0x00,0x00,2,'COMMITMENT_COMMITMENT_ID','COMMITMENT_COMMITMENT_ID'),
 (1492,0x00,0x00,'COMMITMENT_AUTO_PAY','Auto Pay',0x00,0x00,0x00,0x00,0x00,0x00,0x00,6,'COMMITMENT_AUTO_PAY','COMMITMENT_COMMITMENT_ID'),
 (1493,0x00,0x00,'COMMITMENT_AMOUNT_PER_GIFT','Amount Per Gift',0x01,0x00,0x00,0x00,0x00,0x00,0x00,5,'COMMITMENT_AMOUNT_PER_GIFT','COMMITMENT_COMMITMENT_ID'),
 (1494,0x00,0x00,'COMMITMENT_AMOUNT_TOTAL','Amount Total',0x01,0x00,0x00,0x00,0x00,0x00,0x00,5,'COMMITMENT_AMOUNT_TOTAL','COMMITMENT_COMMITMENT_ID'),
 (1495,0x00,0x00,'COMMITMENT_CURRENCY_CODE','Currency Code',0x00,0x00,0x00,0x00,0x00,0x00,0x00,1,'COMMITMENT_CURRENCY_CODE','COMMITMENT_COMMITMENT_ID'),
 (1496,0x00,0x00,'COMMITMENT_FREQUENCY','Frequency',0x00,0x00,0x00,0x00,0x00,0x00,0x00,1,'COMMITMENT_FREQUENCY','COMMITMENT_COMMITMENT_ID'),
 (1497,0x00,0x00,'COMMITMENT_START_DATE','Start Date',0x00,0x00,0x00,0x00,0x00,0x00,0x00,4,'COMMITMENT_START_DATE','COMMITMENT_COMMITMENT_ID'),
 (1498,0x00,0x00,'COMMITMENT_END_DATE','End Date',0x00,0x00,0x00,0x00,0x00,0x00,0x00,4,'COMMITMENT_END_DATE','COMMITMENT_COMMITMENT_ID'),
 (1499,0x00,0x00,'COMMITMENT_STATUS','Status',0x00,0x00,0x00,0x00,0x00,0x00,0x00,1,'COMMITMENT_STATUS','COMMITMENT_COMMITMENT_ID'),
 (1500,0x00,0x00,'COMMITMENT_COMMENTS','Comments',0x00,0x00,0x00,0x00,0x00,0x00,0x00,1,'COMMITMENT_COMMENTS','COMMITMENT_COMMITMENT_ID'),
 (1501,0x00,0x00,'COMMITMENT_LAST_ENTRY_DATE','Last Entry Date',0x00,0x00,0x00,0x00,0x00,0x00,0x00,4,'COMMITMENT_LAST_ENTRY_DATE','COMMITMENT_COMMITMENT_ID'),
 (1502,0x00,0x00,'COMMITMENT_CREATE_DATE','Recurring Gift Create Date',0x00,0x00,0x00,0x00,0x00,0x00,0x00,4,'COMMITMENT_CREATE_DATE','COMMITMENT_COMMITMENT_ID'),
 (1503,0x00,0x00,'COMMITMENT_UPDATE_DATE','Recurring Gift Update Date',0x00,0x00,0x00,0x00,0x00,0x00,0x00,4,'COMMITMENT_UPDATE_DATE','COMMITMENT_COMMITMENT_ID'),
 (1504,0x00,0x00,'COMMITMENT_PAYMENT_SOURCE_PAYMENT_PROFILE_DESCRIPTION','Payment Profile Description',0x00,0x00,0x00,0x00,0x00,0x00,0x00,1,'COMMITMENT_PAYMENT_SOURCE_PAYMENT_PROFILE_DESCRIPTION','COMMITMENT_COMMITMENT_ID'),
 (1505,0x00,0x00,'COMMITMENT_PAYMENT_SOURCE_INACTIVE','Payment Method Inactive',0x00,0x00,0x00,0x00,0x00,0x00,0x00,6,'COMMITMENT_PAYMENT_SOURCE_INACTIVE','COMMITMENT_COMMITMENT_ID'),
 (1506,0x00,0x00,'COMMITMENT_PAYMENT_TYPE','Payment Method',0x00,0x00,0x00,0x00,0x00,0x00,0x00,1,'COMMITMENT_PAYMENT_TYPE','COMMITMENT_COMMITMENT_ID'),
 (1507,0x00,0x00,'COMMITMENT_PAYMENT_SOURCE_CREDIT_CARD_TYPE','Credit Card Type',0x00,0x00,0x00,0x00,0x00,0x00,0x00,1,'COMMITMENT_PAYMENT_SOURCE_CREDIT_CARD_TYPE','COMMITMENT_COMMITMENT_ID'),
 (1508,0x00,0x00,'COMMITMENT_PAYMENT_SOURCE_CREDIT_CARD_HOLDER_NAME','Credit Card Holder Name',0x00,0x00,0x00,0x00,0x00,0x00,0x00,1,'COMMITMENT_PAYMENT_SOURCE_CREDIT_CARD_HOLDER_NAME','COMMITMENT_COMMITMENT_ID'),
 (1509,0x00,0x00,'COMMITMENT_PAYMENT_SOURCE_CREDIT_CARD_EXPIRATION','Credit Card Expiration',0x00,0x00,0x00,0x00,0x00,0x00,0x00,1,'COMMITMENT_PAYMENT_SOURCE_CREDIT_CARD_EXPIRATION','COMMITMENT_COMMITMENT_ID'),
 (1510,0x00,0x00,'COMMITMENT_PAYMENT_SOURCE_CREDIT_CARD_EXPIRATION_DATE','Credit Card Expiration (Date / Time)',0x00,0x00,0x00,0x00,0x00,0x00,0x00,4,'COMMITMENT_PAYMENT_SOURCE_CREDIT_CARD_EXPIRATION_DATE','COMMITMENT_COMMITMENT_ID'),
 (1511,0x00,0x00,'COMMITMENT_PAYMENT_SOURCE_ACH_HOLDER_NAME','ACH Holder Name',0x00,0x00,0x00,0x00,0x00,0x00,0x00,1,'COMMITMENT_PAYMENT_SOURCE_ACH_HOLDER_NAME','COMMITMENT_COMMITMENT_ID'),
 (1512,0x00,0x00,'COMMITMENT_PAYMENT_SOURCE_ACH_ROUTING_NUMBER','ACH Routing Number',0x00,0x00,0x00,0x00,0x00,0x00,0x00,1,'COMMITMENT_PAYMENT_SOURCE_ACH_ROUTING_NUMBER','COMMITMENT_COMMITMENT_ID'),
 (1513,0x00,0x00,'COMMITMENT_PAYMENT_SOURCE_LAST_FOUR_DIGITS','Credit Card / ACH Account Number - Last 4 Digits',0x00,0x00,0x00,0x00,0x00,0x00,0x00,1,'COMMITMENT_PAYMENT_SOURCE_LAST_FOUR_DIGITS','COMMITMENT_COMMITMENT_ID'),
 (1514,0x00,0x00,'COMMITMENT_CHECK_NUMBER','Check Number',0x00,0x00,0x00,0x00,0x00,0x00,0x00,2,'COMMITMENT_CHECK_NUMBER','COMMITMENT_COMMITMENT_ID'),
 (1515,0x00,0x00,'COMMITMENT_PAYMENT_ADDRESS_ADDRESS_LINE_1','Address Line 1',0x00,0x00,0x00,0x00,0x00,0x00,0x00,1,'COMMITMENT_PAYMENT_ADDRESS_ADDRESS_LINE_1','COMMITMENT_COMMITMENT_ID'),
 (1516,0x00,0x00,'COMMITMENT_PAYMENT_ADDRESS_ADDRESS_LINE_2','Address Line 2',0x00,0x00,0x00,0x00,0x00,0x00,0x00,1,'COMMITMENT_PAYMENT_ADDRESS_ADDRESS_LINE_2','COMMITMENT_COMMITMENT_ID'),
 (1517,0x00,0x00,'COMMITMENT_PAYMENT_ADDRESS_ADDRESS_LINE_3','Address Line 3',0x00,0x00,0x00,0x00,0x00,0x00,0x00,1,'COMMITMENT_PAYMENT_ADDRESS_ADDRESS_LINE_3','COMMITMENT_COMMITMENT_ID'),
 (1518,0x00,0x00,'COMMITMENT_PAYMENT_ADDRESS_CITY','City',0x00,0x00,0x00,0x00,0x00,0x00,0x00,1,'COMMITMENT_PAYMENT_ADDRESS_CITY','COMMITMENT_COMMITMENT_ID'),
 (1519,0x00,0x00,'COMMITMENT_PAYMENT_ADDRESS_STATE_PROVINCE','State/Province',0x00,0x00,0x00,0x00,0x00,0x00,0x00,1,'COMMITMENT_PAYMENT_ADDRESS_STATE_PROVINCE','COMMITMENT_COMMITMENT_ID'),
 (1520,0x00,0x00,'COMMITMENT_PAYMENT_ADDRESS_POSTAL_CODE','Zip/Postal Code',0x00,0x00,0x00,0x00,0x00,0x00,0x00,1,'COMMITMENT_PAYMENT_ADDRESS_POSTAL_CODE','COMMITMENT_COMMITMENT_ID'),
 (1521,0x00,0x00,'COMMITMENT_PAYMENT_ADDRESS_COUNTRY','Country',0x00,0x00,0x00,0x00,0x00,0x00,0x00,1,'COMMITMENT_PAYMENT_ADDRESS_COUNTRY','COMMITMENT_COMMITMENT_ID'),
 (1522,0x00,0x00,'PAYMENT_SOURCE_ADDRESS_IS_PRIMARY','Primary Address',0x00,0x00,0x00,0x00,0x00,0x00,0x00,6,'PAYMENT_SOURCE_ADDRESS_IS_PRIMARY','COMMITMENT_COMMITMENT_ID'),
 (1523,0x00,0x00,'PAYMENT_SOURCE_ADDRESS_UNDELIVERABLE','Address Undeliverable',0x00,0x00,0x00,0x00,0x00,0x00,0x00,6,'PAYMENT_SOURCE_ADDRESS_UNDELIVERABLE','COMMITMENT_COMMITMENT_ID'),
 (1524,0x00,0x00,'PAYMENT_SOURCE_ADDRESS_INACTIVE','Address Inactive',0x00,0x00,0x00,0x00,0x00,0x00,0x00,6,'PAYMENT_SOURCE_ADDRESS_INACTIVE','COMMITMENT_COMMITMENT_ID'),
 (1525,0x00,0x00,'COMMITMENT_PAYMENT_PHONE_NUMBER','Phone Number',0x00,0x00,0x00,0x00,0x00,0x00,0x00,1,'COMMITMENT_PAYMENT_PHONE_NUMBER','COMMITMENT_COMMITMENT_ID'),
 (1526,0x00,0x00,'COMMITMENT_PAYMENT_PHONE_IS_PRIMARY','Primary Phone',0x00,0x00,0x00,0x00,0x00,0x00,0x00,6,'COMMITMENT_PAYMENT_PHONE_IS_PRIMARY','COMMITMENT_COMMITMENT_ID'),
 (1527,0x00,0x00,'COMMITMENT_PAYMENT_PHONE_UNDELIVERABLE','Phone Undeliverable',0x00,0x00,0x00,0x00,0x00,0x00,0x00,6,'COMMITMENT_PAYMENT_PHONE_UNDELIVERABLE','COMMITMENT_COMMITMENT_ID'),
 (1528,0x00,0x00,'COMMITMENT_PAYMENT_PHONE_INACTIVE','Phone Inactive',0x00,0x00,0x00,0x00,0x00,0x00,0x00,6,'COMMITMENT_PAYMENT_PHONE_INACTIVE','COMMITMENT_COMMITMENT_ID'),
 (1529,0x00,0x00,'COMMITMENT_ACKNOWLEDGEMENT_EMAIL_EMAIL_ADDRESS','Receipt Email',0x00,0x00,0x00,0x00,0x00,0x00,0x00,1,'COMMITMENT_ACKNOWLEDGEMENT_EMAIL_EMAIL_ADDRESS','COMMITMENT_COMMITMENT_ID'),
 (1530,0x00,0x00,'COMMITMENT_SEND_ACKNOWLEDGMENT','Send Acknowledgment',0x00,0x00,0x00,0x00,0x00,0x00,0x00,6,'COMMITMENT_SEND_ACKNOWLEDGMENT','COMMITMENT_COMMITMENT_ID'),
 (1531,0x00,0x00,'COMMITMENT_ACKNOWLEDGMENT_DATE','Acknowledgment Date',0x00,0x00,0x00,0x00,0x00,0x00,0x00,4,'COMMITMENT_ACKNOWLEDGMENT_DATE','COMMITMENT_COMMITMENT_ID'),
 (1532,0x00,0x00,'CONSTITUENT_ACCOUNT_NUMBER','Account Number',0x01,0x00,0x00,0x00,0x00,0x00,0x00,2,'CONSTITUENT_ACCOUNT_NUMBER','CONSTITUENT_CONSTITUENT_ID'),
 (1533,0x00,0x00,'GETCONSTITUENTDISPLAYNAME(GETCUSTOMFIELD(CONSTITUENT_CONSTITUENT_ID, \'constituent\', \'accountManager\'))','Account Manager Name',0x00,0x00,0x00,0x00,0x00,0x00,0x00,1,'ACCOUNTMANAGER','CONSTITUENT_CONSTITUENT_ID'),
 (1534,0x00,0x00,'GETCONSTITUENTACCOUNTNUMBER(GETCUSTOMFIELD(CONSTITUENT_CONSTITUENT_ID, \'constituent\', \'accountManager\'))','Account Manager Account Number',0x00,0x00,0x00,0x00,0x00,0x00,0x00,2,'ACCOUNTMANAGERACCOUNTNUMBER','CONSTITUENT_CONSTITUENT_ID'),
 (1535,0x00,0x00,'CONSTITUENT_CONSTITUENT_TYPE','Constituent Type',0x01,0x00,0x00,0x00,0x00,0x00,0x00,1,'CONSTITUENT_CONSTITUENT_TYPE','CONSTITUENT_CONSTITUENT_ID'),
 (1536,0x00,0x00,'CONSTITUENT_CONSTITUENT_ROLE','Profile Type',0x00,0x00,0x00,0x00,0x00,0x00,0x00,1,'CONSTITUENT_CONSTITUENT_ROLE','CONSTITUENT_CONSTITUENT_ID'),
 (1537,0x00,0x00,'CONSTITUENT_DONOR_PROFILE','Donor Profile',0x00,0x00,0x00,0x00,0x00,0x00,0x00,1,'CONSTITUENT_DONOR_PROFILE','CONSTITUENT_CONSTITUENT_ID'),
 (1538,0x00,0x00,'CONSTITUENT_TITLE','Title',0x00,0x00,0x00,0x00,0x00,0x00,0x00,1,'CONSTITUENT_TITLE','CONSTITUENT_CONSTITUENT_ID'),
 (1539,0x00,0x00,'CONSTITUENT_FIRST_NAME','First Name',0x01,0x00,0x00,0x00,0x00,0x00,0x00,1,'CONSTITUENT_FIRST_NAME','CONSTITUENT_CONSTITUENT_ID'),
 (1540,0x00,0x00,'CONSTITUENT_MIDDLE_NAME','Middle Name',0x00,0x00,0x00,0x00,0x00,0x00,0x00,1,'CONSTITUENT_MIDDLE_NAME','CONSTITUENT_CONSTITUENT_ID'),
 (1541,0x00,0x00,'CONSTITUENT_LAST_NAME','Last Name',0x01,0x00,0x00,0x00,0x00,0x00,0x00,1,'CONSTITUENT_LAST_NAME','CONSTITUENT_CONSTITUENT_ID'),
 (1542,0x00,0x00,'CONSTITUENT_SUFFIX','Suffix',0x00,0x00,0x00,0x00,0x00,0x00,0x00,1,'CONSTITUENT_SUFFIX','CONSTITUENT_CONSTITUENT_ID'),
 (1543,0x00,0x00,'CONSTITUENT_RECOGNITION_NAME','Recognition Name',0x00,0x00,0x00,0x00,0x00,0x00,0x00,1,'CONSTITUENT_RECOGNITION_NAME','CONSTITUENT_CONSTITUENT_ID'),
 (1544,0x00,0x00,'CONSTITUENT_ORGANIZATION_NAME','Organization Name',0x00,0x00,0x00,0x00,0x00,0x00,0x00,1,'CONSTITUENT_ORGANIZATION_NAME','CONSTITUENT_CONSTITUENT_ID'),
 (1545,0x00,0x00,'CONSTITUENT_LEGAL_NAME','Legal Name',0x00,0x00,0x00,0x00,0x00,0x00,0x00,1,'CONSTITUENT_LEGAL_NAME','CONSTITUENT_CONSTITUENT_ID'),
 (1546,0x00,0x00,'GETCUSTOMFIELD(CONSTITUENT_CONSTITUENT_ID, \'constituent\', \'organization.website\')','Website',0x00,0x00,0x00,0x00,0x00,0x00,0x00,1,'ORGANIZATION_WEBSITE','CONSTITUENT_CONSTITUENT_ID'),
 (1547,0x00,0x00,'GETCUSTOMFIELD(CONSTITUENT_CONSTITUENT_ID, \'constituent\', \'organization.taxid\')','Tax ID',0x00,0x00,0x00,0x00,0x00,0x00,0x00,1,'ORGANIZATION_TAXID','CONSTITUENT_CONSTITUENT_ID'),
 (1548,0x00,0x00,'CONSTITUENT_NAICS_CODE','NAICS Code',0x00,0x00,0x00,0x00,0x00,0x00,0x00,1,'CONSTITUENT_NAICS_CODE','CONSTITUENT_CONSTITUENT_ID'),
 (1549,0x00,0x00,'GETCUSTOMFIELD(CONSTITUENT_CONSTITUENT_ID, \'constituent\', \'communicationPreferences\')','Communication Preferences',0x00,0x00,0x00,0x00,0x00,0x00,0x00,1,'COMMUNICATIONPREFERENCES','CONSTITUENT_CONSTITUENT_ID'),
 (1550,0x00,0x00,'GETCUSTOMFIELD(CONSTITUENT_CONSTITUENT_ID, \'constituent\', \'emailFormat\')','Email Format',0x00,0x00,0x00,0x00,0x00,0x00,0x00,1,'EMAILFORMAT','CONSTITUENT_CONSTITUENT_ID'),
 (1551,0x00,0x00,'CONSTITUENT_CREATE_DATE','Create Date',0x00,0x00,0x00,0x00,0x00,0x00,0x00,4,'CONSTITUENT_CREATE_DATE','CONSTITUENT_CONSTITUENT_ID'),
 (1552,0x00,0x00,'CONSTITUENT_UPDATE_DATE','Update Date',0x00,0x00,0x00,0x00,0x00,0x00,0x00,4,'CONSTITUENT_UPDATE_DATE','CONSTITUENT_CONSTITUENT_ID'),
 (1553,0x00,0x00,'CONSTITUENT_MARITAL_STATUS','Marital Status',0x00,0x00,0x00,0x00,0x00,0x00,0x00,1,'CONSTITUENT_MARITAL_STATUS','CONSTITUENT_CONSTITUENT_ID'),
 (1554,0x00,0x00,'GETCUSTOMFIELD(CONSTITUENT_CONSTITUENT_ID, \'constituent\', \'individual.birthDate\')','Birth Date',0x00,0x00,0x00,0x00,0x00,0x00,0x00,4,'INDIVIDUAL_BIRTHDATE','CONSTITUENT_CONSTITUENT_ID'),
 (1555,0x00,0x00,'GETCUSTOMFIELD(CONSTITUENT_CONSTITUENT_ID, \'constituent\', \'individual.deceased\')','Deceased',0x00,0x00,0x00,0x00,0x00,0x00,0x00,6,'INDIVIDUAL_DECEASED','CONSTITUENT_CONSTITUENT_ID'),
 (1556,0x00,0x00,'GETCUSTOMFIELD(CONSTITUENT_CONSTITUENT_ID, \'constituent\', \'individual.gender\')','Gender',0x00,0x00,0x00,0x00,0x00,0x00,0x00,1,'INDIVIDUAL_GENDER','CONSTITUENT_CONSTITUENT_ID'),
 (1557,0x00,0x00,'GETCUSTOMFIELD(CONSTITUENT_CONSTITUENT_ID, \'constituent\', \'individual.race\')','Race',0x00,0x00,0x00,0x00,0x00,0x00,0x00,1,'INDIVIDUAL_RACE','CONSTITUENT_CONSTITUENT_ID'),
 (1558,0x00,0x00,'GETCUSTOMFIELD(CONSTITUENT_CONSTITUENT_ID, \'constituent\', \'individual.military\')','Military',0x00,0x00,0x00,0x00,0x00,0x00,0x00,1,'INDIVIDUAL_MILITARY','CONSTITUENT_CONSTITUENT_ID'),
 (1559,0x00,0x00,'GETCUSTOMFIELD(CONSTITUENT_CONSTITUENT_ID, \'constituent\', \'organization.matching\')','Matching',0x00,0x00,0x00,0x00,0x00,0x00,0x00,1,'ORGANIZATION_MATCHING','CONSTITUENT_CONSTITUENT_ID'),
 (1560,0x00,0x00,'GETCUSTOMFIELD(CONSTITUENT_CONSTITUENT_ID, \'constituent\', \'organization.percentMatch\')','Percent Matching',0x00,0x00,0x00,0x00,0x00,0x00,0x00,3,'ORGANIZATION_PERCENTMATCH','CONSTITUENT_CONSTITUENT_ID'),
 (1561,0x00,0x00,'GETCUSTOMFIELD(CONSTITUENT_CONSTITUENT_ID, \'constituent\', \'organization.maximumAnnualLimit\')','Maximum Annual Limit',0x00,0x00,0x00,0x00,0x00,0x00,0x00,5,'ORGANIZATION_MAXIMUMMATCH','CONSTITUENT_CONSTITUENT_ID'),
 (1562,0x00,0x00,'GETCUSTOMFIELD(CONSTITUENT_CONSTITUENT_ID, \'constituent\', \'organization.minimumGiftMatch\')','Mimimum Gift Match',0x00,0x00,0x00,0x00,0x00,0x00,0x00,5,'ORGANIZATION_MINIMUMGIFTMATCH','CONSTITUENT_CONSTITUENT_ID'),
 (1563,0x00,0x00,'GETCUSTOMFIELD(CONSTITUENT_CONSTITUENT_ID, \'constituent\', \'organization.totalPerEmployeePerYear\')','Total Per Employee Per Year',0x00,0x00,0x00,0x00,0x00,0x00,0x00,5,'ORGANIZATION_TOTALPEREMPLOYEEPERYEAR','CONSTITUENT_CONSTITUENT_ID'),
 (1564,0x00,0x00,'GETCUSTOMFIELDDISPLAYVALUECONCATENATED(CONSTITUENT_CONSTITUENT_ID, \'constituent\', \'organization.eligibility\', \'customFieldMap[organization.eligibility]\')','Eligibility',0x00,0x00,0x00,0x00,0x00,0x00,0x00,1,'ORGANIZATION_MINIMUMGIFTMATCH','CONSTITUENT_CONSTITUENT_ID'),
 (1565,0x00,0x00,'GETCUSTOMFIELDCONCATENATED(CONSTITUENT_CONSTITUENT_ID, \'constituent\', \'organization.eligibleFunds\')','Eligible Funds',0x00,0x00,0x00,0x00,0x00,0x00,0x00,1,'ORGANIZATION_ELIGIBLEFUNDS','CONSTITUENT_CONSTITUENT_ID'),
 (1566,0x00,0x00,'GETCUSTOMFIELDCONCATENATED(CONSTITUENT_CONSTITUENT_ID, \'constituent\', \'organization.additional_eligibleFunds\')','Eligible Funds - Additional',0x00,0x00,0x00,0x00,0x00,0x00,0x00,1,'ORGANIZATION_ELIGIBLEFUNDSADDITIONAL','CONSTITUENT_CONSTITUENT_ID'),
 (1567,0x00,0x00,'GETCUSTOMFIELDCONCATENATED(CONSTITUENT_CONSTITUENT_ID, \'constituent\', \'organization.eligibleOrganizations\')','Eligible Organizations',0x00,0x00,0x00,0x00,0x00,0x00,0x00,1,'ORGANIZATION_ELIGIBLEORGANIZATIONS','CONSTITUENT_CONSTITUENT_ID'),
 (1568,0x00,0x00,'GETCUSTOMFIELDCONCATENATED(CONSTITUENT_CONSTITUENT_ID, \'constituent\', \'organization.additional_eligibleOrganizations\')','Eligible Organizations - Additional',0x00,0x00,0x00,0x00,0x00,0x00,0x00,1,'ORGANIZATION_ELIGIBLEORGANIZATIONSADDITIONAL','CONSTITUENT_CONSTITUENT_ID'),
 (1569,0x00,0x00,'GETCUSTOMFIELDCONCATENATED(CONSTITUENT_CONSTITUENT_ID, \'constituent\', \'organization.ineligibleOrganizations\')','Ineligible Organizations',0x00,0x00,0x00,0x00,0x00,0x00,0x00,1,'ORGANIZATION_INELIGIBLEORGANIZATIONS','CONSTITUENT_CONSTITUENT_ID'),
 (1570,0x00,0x00,'GETCUSTOMFIELDCONCATENATED(CONSTITUENT_CONSTITUENT_ID, \'constituent\', \'organization.additional_ineligibleOrganizations\')','Ineligible Organizations - Additional',0x00,0x00,0x00,0x00,0x00,0x00,0x00,1,'ORGANIZATION_INELIGIBLEORGANIZATIONSADDITIONAL','CONSTITUENT_CONSTITUENT_ID'),
 (1571,0x00,0x00,'GETCUSTOMFIELD(CONSTITUENT_CONSTITUENT_ID, \'constituent\', \'organization.onlineMatchingGiftForm\')','Matching Gift Form',0x00,0x00,0x00,0x00,0x00,0x00,0x00,1,'ORGANIZATION_MATCHINGGIFTFORM','CONSTITUENT_CONSTITUENT_ID'),
 (1572,0x00,0x00,'GETPICKLISTDISPLAYVALUE(\'customFieldMap[organization.programStartMonth]\', GETCUSTOMFIELD(CONSTITUENT_CONSTITUENT_ID, \'constituent\', \'organization.programStartMonth\'))','Program Start Month',0x00,0x00,0x00,0x00,0x00,0x00,0x00,1,'ORGANIZATION_PROGRAMSTARTMONTH','CONSTITUENT_CONSTITUENT_ID'),
 (1573,0x00,0x00,'GETCONSTITUENTACCOUNTNUMBER(GETCUSTOMFIELD(CONSTITUENT_CONSTITUENT_ID, \'constituent\', \'organization.programContact\'))','Program Contact Account Number',0x00,0x00,0x00,0x00,0x00,0x00,0x00,2,'ORGANIZATION_PROGRAMCONTACTACCOUNTNUMBER','CONSTITUENT_CONSTITUENT_ID'),
 (1574,0x00,0x00,'GETCONSTITUENTDISPLAYNAME(GETCUSTOMFIELD(CONSTITUENT_CONSTITUENT_ID, \'constituent\', \'organization.programContact\'))','Program Contact Account Name',0x00,0x00,0x00,0x00,0x00,0x00,0x00,1,'ORGANIZATION_PROGRAMCONTACTACCOUNTNAME','CONSTITUENT_CONSTITUENT_ID'),
 (1575,0x00,0x00,'GETCUSTOMFIELD(CONSTITUENT_CONSTITUENT_ID, \'constituent\', \'organization.procedureForRequestingMatch\')','Procedure For Requesting Match',0x00,0x00,0x00,0x00,0x00,0x00,0x00,1,'ORGANIZATION_PROCEDUREFORREQUESTINGMATCH','CONSTITUENT_CONSTITUENT_ID'),
 (1576,0x00,0x00,'CONSTITUENT_SITE_NAME','Site Name',0x00,0x00,0x00,0x00,0x00,0x00,0x00,1,'CONSTITUENT_SITE_NAME','CONSTITUENT_CONSTITUENT_ID'),
 (1577,0x00,0x00,'COMMITMENT_COMMITMENT_ID','Recurring Gift ID',0x01,0x00,0x00,0x00,0x00,0x00,0x00,2,'COMMITMENT_COMMITMENT_ID','COMMITMENT_COMMITMENT_ID'),
 (1578,0x00,0x00,'COMMITMENT_AUTO_PAY','Auto Pay',0x00,0x00,0x00,0x00,0x00,0x00,0x00,6,'COMMITMENT_AUTO_PAY','COMMITMENT_COMMITMENT_ID'),
 (1579,0x00,0x00,'COMMITMENT_AMOUNT_PER_GIFT','Amount Per Gift',0x01,0x00,0x00,0x00,0x00,0x00,0x00,5,'COMMITMENT_AMOUNT_PER_GIFT','COMMITMENT_COMMITMENT_ID'),
 (1580,0x00,0x00,'COMMITMENT_AMOUNT_TOTAL','Amount Total',0x01,0x00,0x00,0x00,0x00,0x00,0x00,5,'COMMITMENT_AMOUNT_TOTAL','COMMITMENT_COMMITMENT_ID'),
 (1581,0x00,0x00,'COMMITMENT_CURRENCY_CODE','Currency Code',0x00,0x00,0x00,0x00,0x00,0x00,0x00,1,'COMMITMENT_CURRENCY_CODE','COMMITMENT_COMMITMENT_ID'),
 (1582,0x00,0x00,'COMMITMENT_FREQUENCY','Frequency',0x00,0x00,0x00,0x00,0x00,0x00,0x00,1,'COMMITMENT_FREQUENCY','COMMITMENT_COMMITMENT_ID'),
 (1583,0x00,0x00,'COMMITMENT_START_DATE','Start Date',0x00,0x00,0x00,0x00,0x00,0x00,0x00,4,'COMMITMENT_START_DATE','COMMITMENT_COMMITMENT_ID'),
 (1584,0x00,0x00,'COMMITMENT_END_DATE','End Date',0x00,0x00,0x00,0x00,0x00,0x00,0x00,4,'COMMITMENT_END_DATE','COMMITMENT_COMMITMENT_ID'),
 (1585,0x00,0x00,'COMMITMENT_STATUS','Status',0x00,0x00,0x00,0x00,0x00,0x00,0x00,1,'COMMITMENT_STATUS','COMMITMENT_COMMITMENT_ID'),
 (1586,0x00,0x00,'COMMITMENT_COMMENTS','Comments',0x00,0x00,0x00,0x00,0x00,0x00,0x00,1,'COMMITMENT_COMMENTS','COMMITMENT_COMMITMENT_ID'),
 (1587,0x00,0x00,'COMMITMENT_LAST_ENTRY_DATE','Last Entry Date',0x00,0x00,0x00,0x00,0x00,0x00,0x00,4,'COMMITMENT_LAST_ENTRY_DATE','COMMITMENT_COMMITMENT_ID'),
 (1588,0x00,0x00,'COMMITMENT_CREATE_DATE','Recurring Gift Create Date',0x00,0x00,0x00,0x00,0x00,0x00,0x00,4,'COMMITMENT_CREATE_DATE','COMMITMENT_COMMITMENT_ID'),
 (1589,0x00,0x00,'COMMITMENT_UPDATE_DATE','Recurring Gift Update Date',0x00,0x00,0x00,0x00,0x00,0x00,0x00,4,'COMMITMENT_UPDATE_DATE','COMMITMENT_COMMITMENT_ID'),
 (1590,0x00,0x00,'COMMITMENT_PAYMENT_SOURCE_PAYMENT_PROFILE_DESCRIPTION','Payment Profile Description',0x00,0x00,0x00,0x00,0x00,0x00,0x00,1,'COMMITMENT_PAYMENT_SOURCE_PAYMENT_PROFILE_DESCRIPTION','COMMITMENT_COMMITMENT_ID'),
 (1591,0x00,0x00,'COMMITMENT_PAYMENT_SOURCE_INACTIVE','Payment Method Inactive',0x00,0x00,0x00,0x00,0x00,0x00,0x00,6,'COMMITMENT_PAYMENT_SOURCE_INACTIVE','COMMITMENT_COMMITMENT_ID'),
 (1592,0x00,0x00,'COMMITMENT_PAYMENT_TYPE','Payment Method',0x00,0x00,0x00,0x00,0x00,0x00,0x00,1,'COMMITMENT_PAYMENT_TYPE','COMMITMENT_COMMITMENT_ID'),
 (1593,0x00,0x00,'COMMITMENT_PAYMENT_SOURCE_CREDIT_CARD_TYPE','Credit Card Type',0x00,0x00,0x00,0x00,0x00,0x00,0x00,1,'COMMITMENT_PAYMENT_SOURCE_CREDIT_CARD_TYPE','COMMITMENT_COMMITMENT_ID'),
 (1594,0x00,0x00,'COMMITMENT_PAYMENT_SOURCE_CREDIT_CARD_HOLDER_NAME','Credit Card Holder Name',0x00,0x00,0x00,0x00,0x00,0x00,0x00,1,'COMMITMENT_PAYMENT_SOURCE_CREDIT_CARD_HOLDER_NAME','COMMITMENT_COMMITMENT_ID'),
 (1595,0x00,0x00,'COMMITMENT_PAYMENT_SOURCE_CREDIT_CARD_EXPIRATION','Credit Card Expiration',0x00,0x00,0x00,0x00,0x00,0x00,0x00,1,'COMMITMENT_PAYMENT_SOURCE_CREDIT_CARD_EXPIRATION','COMMITMENT_COMMITMENT_ID'),
 (1596,0x00,0x00,'COMMITMENT_PAYMENT_SOURCE_CREDIT_CARD_EXPIRATION_DATE','Credit Card Expiration (Date / Time)',0x00,0x00,0x00,0x00,0x00,0x00,0x00,4,'COMMITMENT_PAYMENT_SOURCE_CREDIT_CARD_EXPIRATION_DATE','COMMITMENT_COMMITMENT_ID'),
 (1597,0x00,0x00,'COMMITMENT_PAYMENT_SOURCE_ACH_HOLDER_NAME','ACH Holder Name',0x00,0x00,0x00,0x00,0x00,0x00,0x00,1,'COMMITMENT_PAYMENT_SOURCE_ACH_HOLDER_NAME','COMMITMENT_COMMITMENT_ID'),
 (1598,0x00,0x00,'COMMITMENT_PAYMENT_SOURCE_ACH_ROUTING_NUMBER','ACH Routing Number',0x00,0x00,0x00,0x00,0x00,0x00,0x00,1,'COMMITMENT_PAYMENT_SOURCE_ACH_ROUTING_NUMBER','COMMITMENT_COMMITMENT_ID'),
 (1599,0x00,0x00,'COMMITMENT_PAYMENT_SOURCE_LAST_FOUR_DIGITS','Credit Card / ACH Account Number - Last 4 Digits',0x00,0x00,0x00,0x00,0x00,0x00,0x00,1,'COMMITMENT_PAYMENT_SOURCE_LAST_FOUR_DIGITS','COMMITMENT_COMMITMENT_ID'),
 (1600,0x00,0x00,'COMMITMENT_CHECK_NUMBER','Check Number',0x00,0x00,0x00,0x00,0x00,0x00,0x00,2,'COMMITMENT_CHECK_NUMBER','COMMITMENT_COMMITMENT_ID'),
 (1601,0x00,0x00,'COMMITMENT_PAYMENT_ADDRESS_ADDRESS_LINE_1','Address Line 1',0x00,0x00,0x00,0x00,0x00,0x00,0x00,1,'COMMITMENT_PAYMENT_ADDRESS_ADDRESS_LINE_1','COMMITMENT_COMMITMENT_ID'),
 (1602,0x00,0x00,'COMMITMENT_PAYMENT_ADDRESS_ADDRESS_LINE_2','Address Line 2',0x00,0x00,0x00,0x00,0x00,0x00,0x00,1,'COMMITMENT_PAYMENT_ADDRESS_ADDRESS_LINE_2','COMMITMENT_COMMITMENT_ID'),
 (1603,0x00,0x00,'COMMITMENT_PAYMENT_ADDRESS_ADDRESS_LINE_3','Address Line 3',0x00,0x00,0x00,0x00,0x00,0x00,0x00,1,'COMMITMENT_PAYMENT_ADDRESS_ADDRESS_LINE_3','COMMITMENT_COMMITMENT_ID'),
 (1604,0x00,0x00,'COMMITMENT_PAYMENT_ADDRESS_CITY','City',0x00,0x00,0x00,0x00,0x00,0x00,0x00,1,'COMMITMENT_PAYMENT_ADDRESS_CITY','COMMITMENT_COMMITMENT_ID'),
 (1605,0x00,0x00,'COMMITMENT_PAYMENT_ADDRESS_STATE_PROVINCE','State/Province',0x00,0x00,0x00,0x00,0x00,0x00,0x00,1,'COMMITMENT_PAYMENT_ADDRESS_STATE_PROVINCE','COMMITMENT_COMMITMENT_ID'),
 (1606,0x00,0x00,'COMMITMENT_PAYMENT_ADDRESS_POSTAL_CODE','Zip/Postal Code',0x00,0x00,0x00,0x00,0x00,0x00,0x00,1,'COMMITMENT_PAYMENT_ADDRESS_POSTAL_CODE','COMMITMENT_COMMITMENT_ID'),
 (1607,0x00,0x00,'COMMITMENT_PAYMENT_ADDRESS_COUNTRY','Country',0x00,0x00,0x00,0x00,0x00,0x00,0x00,1,'COMMITMENT_PAYMENT_ADDRESS_COUNTRY','COMMITMENT_COMMITMENT_ID'),
 (1608,0x00,0x00,'COMMITMENT_PAYMENT_ADDRESS_IS_PRIMARY','Primary Address',0x00,0x00,0x00,0x00,0x00,0x00,0x00,6,'COMMITMENT_PAYMENT_ADDRESS_IS_PRIMARY','COMMITMENT_COMMITMENT_ID'),
 (1609,0x00,0x00,'COMMITMENT_PAYMENT_ADDRESS_UNDELIVERABLE','Address Undeliverable',0x00,0x00,0x00,0x00,0x00,0x00,0x00,6,'COMMITMENT_PAYMENT_ADDRESS_UNDELIVERABLE','COMMITMENT_COMMITMENT_ID'),
 (1610,0x00,0x00,'COMMITMENT_PAYMENT_ADDRESS_INACTIVE','Address Inactive',0x00,0x00,0x00,0x00,0x00,0x00,0x00,6,'COMMITMENT_PAYMENT_ADDRESS_INACTIVE','COMMITMENT_COMMITMENT_ID'),
 (1611,0x00,0x00,'COMMITMENT_PAYMENT_PHONE_NUMBER','Phone Number',0x00,0x00,0x00,0x00,0x00,0x00,0x00,1,'COMMITMENT_PAYMENT_PHONE_NUMBER','COMMITMENT_COMMITMENT_ID'),
 (1612,0x00,0x00,'COMMITMENT_PAYMENT_PHONE_IS_PRIMARY','Primary Phone',0x00,0x00,0x00,0x00,0x00,0x00,0x00,6,'COMMITMENT_PAYMENT_PHONE_IS_PRIMARY','COMMITMENT_COMMITMENT_ID'),
 (1613,0x00,0x00,'COMMITMENT_PAYMENT_PHONE_UNDELIVERABLE','Phone Undeliverable',0x00,0x00,0x00,0x00,0x00,0x00,0x00,6,'COMMITMENT_PAYMENT_PHONE_UNDELIVERABLE','COMMITMENT_COMMITMENT_ID'),
 (1614,0x00,0x00,'COMMITMENT_PAYMENT_PHONE_INACTIVE','Phone Inactive',0x00,0x00,0x00,0x00,0x00,0x00,0x00,6,'COMMITMENT_PAYMENT_PHONE_INACTIVE','COMMITMENT_COMMITMENT_ID'),
 (1615,0x00,0x00,'COMMITMENT_ACKNOWLEDGEMENT_EMAIL_EMAIL_ADDRESS','Receipt Email',0x00,0x00,0x00,0x00,0x00,0x00,0x00,1,'COMMITMENT_ACKNOWLEDGEMENT_EMAIL_EMAIL_ADDRESS','COMMITMENT_COMMITMENT_ID'),
 (1616,0x00,0x00,'COMMITMENT_SEND_ACKNOWLEDGMENT','Send Acknowledgment',0x00,0x00,0x00,0x00,0x00,0x00,0x00,6,'COMMITMENT_SEND_ACKNOWLEDGMENT','COMMITMENT_COMMITMENT_ID'),
 (1617,0x00,0x00,'COMMITMENT_ACKNOWLEDGMENT_DATE','Acknowledgment Date',0x00,0x00,0x00,0x00,0x00,0x00,0x00,4,'COMMITMENT_ACKNOWLEDGMENT_DATE','COMMITMENT_COMMITMENT_ID'),
 (1618,0x00,0x00,'DISTRO_LINE_DISTRO_LINE_ID','Gift Distribution Reference Number',0x01,0x00,0x00,0x00,0x00,0x00,0x00,2,'DISTRO_LINE_DISTRO_LINE_ID','DISTRO_LINE_DISTRO_LINE_ID'),
 (1619,0x00,0x00,'DISTRO_LINE_AMOUNT','Gift Distribution Amount',0x01,0x00,0x00,0x00,0x00,0x00,0x00,5,'DISTRO_LINE_AMOUNT','DISTRO_LINE_DISTRO_LINE_ID'),
 (1620,0x00,0x00,'DISTRO_LINE_PERCENTAGE','Percentage',0x00,0x00,0x00,0x00,0x00,0x00,0x00,3,'DISTRO_LINE_PERCENTAGE','DISTRO_LINE_DISTRO_LINE_ID'),
 (1621,0x00,0x00,'DISTRO_LINE_PROJECT_CODE','Designation',0x00,0x00,0x00,0x00,0x00,0x00,0x00,1,'DISTRO_LINE_PROJECT_CODE','DISTRO_LINE_DISTRO_LINE_ID'),
 (1622,0x00,0x00,'GETPICKLISTDISPLAYVALUE(\'projectCode\', DISTRO_LINE_PROJECT_CODE)','Designation Description',0x00,0x00,0x00,0x00,0x00,0x00,0x00,1,'DISTRO_LINE_PROJECT_CODE_DESCRIPTION','DISTRO_LINE_DISTRO_LINE_ID'),
 (1623,0x00,0x00,'GETCUSTOMFIELD(GETPICKLISTITEMIDBYDEFAULTDISPLAYVALUE(\'projectCode\', DISTRO_LINE_PROJECT_CODE), \'picklistItem\', \'01-GLPART1\')','Designation GL Part 1',0x00,0x00,0x00,0x00,0x00,0x00,0x00,1,'DISTRO_LINE_PROJECT_CODE_GLPART1','DISTRO_LINE_DISTRO_LINE_ID'),
 (1624,0x00,0x00,'GETCUSTOMFIELD(GETPICKLISTITEMIDBYDEFAULTDISPLAYVALUE(\'projectCode\', DISTRO_LINE_PROJECT_CODE), \'picklistItem\', \'02-GLPART2\')','Designation GL Part 2',0x00,0x00,0x00,0x00,0x00,0x00,0x00,1,'DISTRO_LINE_PROJECT_CODE_GLPART2','DISTRO_LINE_DISTRO_LINE_ID'),
 (1625,0x00,0x00,'GETCUSTOMFIELD(GETPICKLISTITEMIDBYDEFAULTDISPLAYVALUE(\'projectCode\', DISTRO_LINE_PROJECT_CODE), \'picklistItem\', \'03-GLPART3\')','Designation GL Part 3',0x00,0x00,0x00,0x00,0x00,0x00,0x00,1,'DISTRO_LINE_PROJECT_CODE_GLPART3','DISTRO_LINE_DISTRO_LINE_ID'),
 (1626,0x00,0x00,'GETCUSTOMFIELD(GETPICKLISTITEMIDBYDEFAULTDISPLAYVALUE(\'projectCode\', DISTRO_LINE_PROJECT_CODE), \'picklistItem\', \'04-GLPART4\')','Designation GL Part 4',0x00,0x00,0x00,0x00,0x00,0x00,0x00,1,'DISTRO_LINE_PROJECT_CODE_GLPART4','DISTRO_LINE_DISTRO_LINE_ID'),
 (1627,0x00,0x00,'GETCUSTOMFIELD(GETPICKLISTITEMIDBYDEFAULTDISPLAYVALUE(\'projectCode\', DISTRO_LINE_PROJECT_CODE), \'picklistItem\', \'GLAccountCode\')','Designation GL Account Code',0x00,0x00,0x00,0x00,0x00,0x00,0x00,1,'DISTRO_LINE_PROJECT_CODE_GLACCOUNTCODE','DISTRO_LINE_DISTRO_LINE_ID'),
 (1628,0x00,0x00,'GETCUSTOMFIELD(GETPICKLISTITEMIDBYDEFAULTDISPLAYVALUE(\'projectCode\', DISTRO_LINE_PROJECT_CODE), \'picklistItem\', \'AccountString1\')','Designation GL Account String 1',0x00,0x00,0x00,0x00,0x00,0x00,0x00,1,'DISTRO_LINE_PROJECT_CODE_GLACCOUNTSTRING1','DISTRO_LINE_DISTRO_LINE_ID'),
 (1629,0x00,0x00,'GETCUSTOMFIELD(GETPICKLISTITEMIDBYDEFAULTDISPLAYVALUE(\'projectCode\', DISTRO_LINE_PROJECT_CODE), \'picklistItem\', \'AccountString2\')','Designation GL Account String 2',0x00,0x00,0x00,0x00,0x00,0x00,0x00,1,'DISTRO_LINE_PROJECT_CODE_GLACCOUNTSTRING2','DISTRO_LINE_DISTRO_LINE_ID'),
 (1630,0x00,0x00,'DISTRO_LINE_MOTIVATION_CODE','Motivation',0x00,0x00,0x00,0x00,0x00,0x00,0x00,1,'DISTRO_LINE_MOTIVATION_CODE','DISTRO_LINE_DISTRO_LINE_ID'),
 (1631,0x00,0x00,'GETPICKLISTDISPLAYVALUE(\'motivationCode\', DISTRO_LINE_MOTIVATION_CODE)','Motivation Description',0x00,0x00,0x00,0x00,0x00,0x00,0x00,1,'DISTRO_LINE_MOTIVATION_CODE_DESCRIPTION','DISTRO_LINE_DISTRO_LINE_ID'),
 (1632,0x00,0x00,'GETCONSTITUENTACCOUNTNUMBER(GETCUSTOMFIELD(DISTRO_LINE_DISTRO_LINE_ID, \'distributionline\', \'reference\'))','Reference Account Number',0x00,0x00,0x00,0x00,0x00,0x00,0x00,2,'REFERENCE_ACCOUNT_NUMBER','DISTRO_LINE_DISTRO_LINE_ID'),
 (1633,0x00,0x00,'IFNULL(GETCONSTITUENTDISPLAYNAME(GETCUSTOMFIELD(DISTRO_LINE_DISTRO_LINE_ID, \'distributionline\', \'reference\')), GETCUSTOMFIELD(DISTRO_LINE_DISTRO_LINE_ID, \'distributionline\', \'other_reference\'))','Reference Account Name',0x00,0x00,0x00,0x00,0x00,0x00,0x00,1,'REFERENCE_ACCOUNT_NAME','DISTRO_LINE_DISTRO_LINE_ID'),
 (1634,0x00,0x00,'AUDIT_AUDIT_ID','Audit History ID',0x01,0x00,0x00,0x00,0x00,0x00,0x00,2,'AUDIT_AUDIT_ID','AUDIT_AUDIT_ID'),
 (1635,0x00,0x00,'AUDIT_DATE','Date',0x01,0x00,0x00,0x00,0x00,0x00,0x00,4,'AUDIT_DATE','AUDIT_AUDIT_ID'),
 (1636,0x00,0x00,'AUDIT_USER','User',0x01,0x00,0x00,0x00,0x00,0x00,0x00,1,'AUDIT_USER','AUDIT_AUDIT_ID'),
 (1637,0x00,0x00,'AUDIT_AUDIT_TYPE','Type',0x01,0x00,0x00,0x00,0x00,0x00,0x00,1,'AUDIT_AUDIT_TYPE','AUDIT_AUDIT_ID'),
 (1638,0x00,0x00,'AUDIT_DESCRIPTION','Description',0x01,0x00,0x00,0x00,0x00,0x00,0x00,1,'AUDIT_DESCRIPTION','AUDIT_AUDIT_ID'),
 (1639,0x00,0x00,'AUDIT_ENTITY_TYPE','Object Type',0x01,0x00,0x00,0x00,0x00,0x00,0x00,1,'AUDIT_ENTITY_TYPE','AUDIT_AUDIT_ID'),
 (1640,0x00,0x00,'AUDIT_OBJECT_ID','Object ID',0x01,0x00,0x00,0x00,0x00,0x00,0x00,2,'AUDIT_OBJECT_ID','AUDIT_AUDIT_ID'),
 (1641,0x00,0x00,'AUDIT_SITE_NAME','Site Name',0x00,0x00,0x00,0x00,0x00,0x00,0x00,1,'AUDIT_SITE_NAME','AUDIT_AUDIT_ID'),
 (1642,0x00,0x00,'AUDIT_AUDIT_ID','Audit History ID',0x01,0x00,0x00,0x00,0x00,0x00,0x00,2,'AUDIT_AUDIT_ID','AUDIT_AUDIT_ID'),
 (1643,0x00,0x00,'AUDIT_DATE','Date',0x01,0x00,0x00,0x00,0x00,0x00,0x00,4,'AUDIT_DATE','AUDIT_AUDIT_ID'),
 (1644,0x00,0x00,'AUDIT_USER','User',0x01,0x00,0x00,0x00,0x00,0x00,0x00,1,'AUDIT_USER','AUDIT_AUDIT_ID'),
 (1645,0x00,0x00,'AUDIT_AUDIT_TYPE','Type',0x01,0x00,0x00,0x00,0x00,0x00,0x00,1,'AUDIT_AUDIT_TYPE','AUDIT_AUDIT_ID'),
 (1646,0x00,0x00,'AUDIT_DESCRIPTION','Description',0x01,0x00,0x00,0x00,0x00,0x00,0x00,1,'AUDIT_DESCRIPTION','AUDIT_AUDIT_ID'),
 (1647,0x00,0x00,'AUDIT_ENTITY_TYPE','Object Type',0x01,0x00,0x00,0x00,0x00,0x00,0x00,1,'AUDIT_ENTITY_TYPE','AUDIT_AUDIT_ID'),
 (1648,0x00,0x00,'AUDIT_OBJECT_ID','Object ID',0x00,0x00,0x00,0x00,0x00,0x00,0x00,2,'AUDIT_OBJECT_ID','AUDIT_AUDIT_ID'),
 (1649,0x00,0x00,'AUDIT_SITE_NAME','Site Name',0x00,0x00,0x00,0x00,0x00,0x00,0x00,1,'AUDIT_SITE_NAME','AUDIT_AUDIT_ID'),
 (1650,0x00,0x00,'GETCONSTITUENTACCOUNTNUMBER(ADDRESS_CONSTITUENT_ID)','Account Number',0x00,0x00,0x00,0x00,0x00,0x00,0x00,2,'ADDRESS_ACCOUNT_NUMBER','ADDRESS_ADDRESS_ID'),
 (1651,0x00,0x00,'GETCONSTITUENTDISPLAYNAME(ADDRESS_CONSTITUENT_ID)','Account Name',0x00,0x00,0x00,0x00,0x00,0x00,0x00,1,'ACCOUNT_NAME','ADDRESS_ADDRESS_ID'),
 (1652,0x00,0x00,'ADDRESS_ADDRESS_ID','Address ID',0x01,0x00,0x00,0x00,0x00,0x00,0x00,2,'ADDRESS_ADDRESS_ID','ADDRESS_ADDRESS_ID'),
 (1653,0x00,0x00,'GETCUSTOMFIELDDISPLAYVALUECONCATENATED(ADDRESS_ADDRESS_ID, \'address\', \'addressType\', \'customFieldMap[addressType]\')','Address Type',0x00,0x00,0x00,0x00,0x00,0x00,0x00,1,'ADDRESS_ADDRESS_TYPE','ADDRESS_ADDRESS_ID'),
 (1654,0x00,0x00,'ADDRESS_ACTIVATION_STATUS','Address Status',0x00,0x00,0x00,0x00,0x00,0x00,0x00,1,'ADDRESS_ACTIVATION_STATUS','ADDRESS_ADDRESS_ID'),
 (1655,0x00,0x00,'ADDRESS_EFFECTIVE_DATE','Address Effective Date',0x00,0x00,0x00,0x00,0x00,0x00,0x00,4,'ADDRESS_EFFECTIVE_DATE','ADDRESS_ADDRESS_ID'),
 (1656,0x00,0x00,'ADDRESS_SEASONAL_START_DATE','Seasonal Start Date',0x00,0x00,0x00,0x00,0x00,0x00,0x00,4,'ADDRESS_SEASONAL_START_DATE','ADDRESS_ADDRESS_ID'),
 (1657,0x00,0x00,'ADDRESS_SEASONAL_END_DATE','Seasonal End Date',0x00,0x00,0x00,0x00,0x00,0x00,0x00,4,'ADDRESS_SEASONAL_END_DATE','ADDRESS_ADDRESS_ID'),
 (1658,0x00,0x00,'ADDRESS_TEMPORARY_START_DATE','Temporary Start Date',0x00,0x00,0x00,0x00,0x00,0x00,0x00,4,'ADDRESS_TEMPORARY_START_DATE','ADDRESS_ADDRESS_ID'),
 (1659,0x00,0x00,'ADDRESS_TEMPORARY_END_DATE','Temporary End Date',0x00,0x00,0x00,0x00,0x00,0x00,0x00,4,'ADDRESS_TEMPORARY_END_DATE','ADDRESS_ADDRESS_ID'),
 (1660,0x00,0x00,'ADDRESS_ADDRESS_LINE_1','Address Line 1',0x00,0x00,0x00,0x00,0x00,0x00,0x00,1,'ADDRESS_ADDRESS_LINE_1','ADDRESS_ADDRESS_ID'),
 (1661,0x00,0x00,'ADDRESS_ADDRESS_LINE_2','Address Line 2',0x00,0x00,0x00,0x00,0x00,0x00,0x00,1,'ADDRESS_ADDRESS_LINE_2','ADDRESS_ADDRESS_ID'),
 (1662,0x00,0x00,'ADDRESS_ADDRESS_LINE_3','Address Line 3',0x00,0x00,0x00,0x00,0x00,0x00,0x00,1,'ADDRESS_ADDRESS_LINE_3','ADDRESS_ADDRESS_ID'),
 (1663,0x00,0x00,'ADDRESS_CITY','City',0x00,0x00,0x00,0x00,0x00,0x00,0x00,1,'ADDRESS_CITY','ADDRESS_ADDRESS_ID'),
 (1664,0x00,0x00,'ADDRESS_STATE_PROVINCE','State/Province',0x00,0x00,0x00,0x00,0x00,0x00,0x00,1,'ADDRESS_STATE_PROVINCE','ADDRESS_ADDRESS_ID'),
 (1665,0x00,0x00,'ADDRESS_COUNTRY','Country',0x00,0x00,0x00,0x00,0x00,0x00,0x00,1,'ADDRESS_COUNTRY','ADDRESS_ADDRESS_ID'),
 (1666,0x00,0x00,'ADDRESS_POSTAL_CODE','Zip/Postal Code',0x00,0x00,0x00,0x00,0x00,0x00,0x00,1,'ADDRESS_POSTAL_CODE','ADDRESS_ADDRESS_ID'),
 (1667,0x00,0x00,'ADDRESS_RECEIVE_CORRESPONDENCE','Receive Correspondence',0x00,0x00,0x00,0x00,0x00,0x00,0x00,6,'ADDRESS_RECEIVE_CORRESPONDENCE','ADDRESS_ADDRESS_ID'),
 (1668,0x00,0x00,'ADDRESS_COMMENT','Comments',0x00,0x00,0x00,0x00,0x00,0x00,0x00,1,'ADDRESS_COMMENT','ADDRESS_ADDRESS_ID'),
 (1669,0x00,0x00,'ADDRESS_CREATE_DATE','Address Create Date',0x00,0x00,0x00,0x00,0x00,0x00,0x00,4,'ADDRESS_CREATE_DATE','ADDRESS_ADDRESS_ID'),
 (1670,0x00,0x00,'ADDRESS_UPDATE_DATE','Address Update Date',0x00,0x00,0x00,0x00,0x00,0x00,0x00,4,'ADDRESS_UPDATE_DATE','ADDRESS_ADDRESS_ID'),
 (1671,0x00,0x00,'ADDRESS_IS_PRIMARY','Primary Address',0x00,0x00,0x00,0x00,0x00,0x00,0x00,6,'ADDRESS_IS_PRIMARY','ADDRESS_ADDRESS_ID'),
 (1672,0x00,0x00,'ADDRESS_UNDELIVERABLE','Address Undeliverable',0x00,0x00,0x00,0x00,0x00,0x00,0x00,6,'ADDRESS_UNDELIVERABLE','ADDRESS_ADDRESS_ID'),
 (1673,0x00,0x00,'ADDRESS_INACTIVE','Address Inactive',0x00,0x00,0x00,0x00,0x00,0x00,0x00,6,'ADDRESS_INACTIVE','ADDRESS_ADDRESS_ID'),
 (1674,0x00,0x00,'AUDIT_AUDIT_ID','Audit History ID',0x01,0x00,0x00,0x00,0x00,0x00,0x00,2,'AUDIT_AUDIT_ID','AUDIT_AUDIT_ID'),
 (1675,0x00,0x00,'AUDIT_DATE','Date',0x01,0x00,0x00,0x00,0x00,0x00,0x00,4,'AUDIT_DATE','AUDIT_AUDIT_ID'),
 (1676,0x00,0x00,'AUDIT_USER','User',0x01,0x00,0x00,0x00,0x00,0x00,0x00,1,'AUDIT_USER','AUDIT_AUDIT_ID'),
 (1677,0x00,0x00,'AUDIT_AUDIT_TYPE','Type',0x01,0x00,0x00,0x00,0x00,0x00,0x00,1,'AUDIT_AUDIT_TYPE','AUDIT_AUDIT_ID'),
 (1678,0x00,0x00,'AUDIT_DESCRIPTION','Description',0x01,0x00,0x00,0x00,0x00,0x00,0x00,1,'AUDIT_DESCRIPTION','AUDIT_AUDIT_ID'),
 (1679,0x00,0x00,'AUDIT_ENTITY_TYPE','Object Type',0x01,0x00,0x00,0x00,0x00,0x00,0x00,1,'AUDIT_ENTITY_TYPE','AUDIT_AUDIT_ID'),
 (1680,0x00,0x00,'AUDIT_OBJECT_ID','Object ID',0x00,0x00,0x00,0x00,0x00,0x00,0x00,2,'AUDIT_OBJECT_ID','AUDIT_AUDIT_ID'),
 (1681,0x00,0x00,'AUDIT_SITE_NAME','Site Name',0x00,0x00,0x00,0x00,0x00,0x00,0x00,1,'AUDIT_SITE_NAME','AUDIT_AUDIT_ID'),
 (1682,0x00,0x00,'CONSTITUENT_ACCOUNT_NUMBER','Account Number',0x01,0x00,0x00,0x00,0x00,0x00,0x00,2,'CONSTITUENT_ACCOUNT_NUMBER','CONSTITUENT_CONSTITUENT_ID'),
 (1683,0x00,0x00,'GETCONSTITUENTDISPLAYNAME(GETCUSTOMFIELD(CONSTITUENT_CONSTITUENT_ID, \'constituent\', \'accountManager\'))','Account Manager Name',0x00,0x00,0x00,0x00,0x00,0x00,0x00,1,'ACCOUNTMANAGER','CONSTITUENT_CONSTITUENT_ID'),
 (1684,0x00,0x00,'GETCONSTITUENTACCOUNTNUMBER(GETCUSTOMFIELD(CONSTITUENT_CONSTITUENT_ID, \'constituent\', \'accountManager\'))','Account Manager Account Number',0x00,0x00,0x00,0x00,0x00,0x00,0x00,2,'ACCOUNTMANAGERACCOUNTNUMBER','CONSTITUENT_CONSTITUENT_ID'),
 (1685,0x00,0x00,'CONSTITUENT_CONSTITUENT_TYPE','Constituent Type',0x00,0x00,0x00,0x00,0x00,0x00,0x00,1,'CONSTITUENT_CONSTITUENT_TYPE','CONSTITUENT_CONSTITUENT_ID'),
 (1686,0x00,0x00,'CONSTITUENT_CONSTITUENT_ROLE','Profile Type',0x00,0x00,0x00,0x00,0x00,0x00,0x00,1,'CONSTITUENT_CONSTITUENT_ROLE','CONSTITUENT_CONSTITUENT_ID'),
 (1687,0x00,0x00,'CONSTITUENT_DONOR_PROFILE','Donor Profile',0x00,0x00,0x00,0x00,0x00,0x00,0x00,1,'CONSTITUENT_DONOR_PROFILE','CONSTITUENT_CONSTITUENT_ID'),
 (1688,0x00,0x00,'CONSTITUENT_TITLE','Title',0x00,0x00,0x00,0x00,0x00,0x00,0x00,1,'CONSTITUENT_TITLE','CONSTITUENT_CONSTITUENT_ID'),
 (1689,0x00,0x00,'CONSTITUENT_FIRST_NAME','First Name',0x00,0x00,0x00,0x00,0x00,0x00,0x00,1,'CONSTITUENT_FIRST_NAME','CONSTITUENT_CONSTITUENT_ID'),
 (1690,0x00,0x00,'CONSTITUENT_MIDDLE_NAME','Middle Name',0x00,0x00,0x00,0x00,0x00,0x00,0x00,1,'CONSTITUENT_MIDDLE_NAME','CONSTITUENT_CONSTITUENT_ID'),
 (1691,0x00,0x00,'CONSTITUENT_LAST_NAME','Last Name',0x00,0x00,0x00,0x00,0x00,0x00,0x00,1,'CONSTITUENT_LAST_NAME','CONSTITUENT_CONSTITUENT_ID'),
 (1692,0x00,0x00,'CONSTITUENT_SUFFIX','Suffix',0x00,0x00,0x00,0x00,0x00,0x00,0x00,1,'CONSTITUENT_SUFFIX','CONSTITUENT_CONSTITUENT_ID'),
 (1693,0x00,0x00,'CONSTITUENT_RECOGNITION_NAME','Recognition Name',0x00,0x00,0x00,0x00,0x00,0x00,0x00,1,'CONSTITUENT_RECOGNITION_NAME','CONSTITUENT_CONSTITUENT_ID'),
 (1694,0x00,0x00,'CONSTITUENT_ORGANIZATION_NAME','Organization Name',0x00,0x00,0x00,0x00,0x00,0x00,0x00,1,'CONSTITUENT_ORGANIZATION_NAME','CONSTITUENT_CONSTITUENT_ID'),
 (1695,0x00,0x00,'CONSTITUENT_LEGAL_NAME','Legal Name',0x00,0x00,0x00,0x00,0x00,0x00,0x00,1,'CONSTITUENT_LEGAL_NAME','CONSTITUENT_CONSTITUENT_ID'),
 (1696,0x00,0x00,'GETCUSTOMFIELD(CONSTITUENT_CONSTITUENT_ID, \'constituent\', \'organization.website\')','Website',0x00,0x00,0x00,0x00,0x00,0x00,0x00,1,'ORGANIZATION_WEBSITE','CONSTITUENT_CONSTITUENT_ID');
INSERT INTO `REPORTFIELD` (`REPORTFIELD_ID`,`AVERAGE`,`CAN_BE_SUMMARIZED`,`COLUMN_NAME`,`DISPLAY_NAME`,`IS_DEFAULT`,`IS_SUMMARIZED`,`LARGEST_VALUE`,`PERFORMSUMMARY`,`RECORD_COUNT`,`IS_SELECTED`,`SMALLEST_VALUE`,`FIELD_TYPE`,`ALIAS_NAME`,`PRIMARY_KEYS`) VALUES 
 (1697,0x00,0x00,'GETCUSTOMFIELD(CONSTITUENT_CONSTITUENT_ID, \'constituent\', \'organization.taxid\')','Tax ID',0x00,0x00,0x00,0x00,0x00,0x00,0x00,1,'ORGANIZATION_TAXID','CONSTITUENT_CONSTITUENT_ID'),
 (1698,0x00,0x00,'CONSTITUENT_NAICS_CODE','NAICS Code',0x00,0x00,0x00,0x00,0x00,0x00,0x00,1,'CONSTITUENT_NAICS_CODE','CONSTITUENT_CONSTITUENT_ID'),
 (1699,0x00,0x00,'GETCUSTOMFIELD(CONSTITUENT_CONSTITUENT_ID, \'constituent\', \'communicationPreferences\')','Communication Preferences',0x00,0x00,0x00,0x00,0x00,0x00,0x00,1,'COMMUNICATIONPREFERENCES','CONSTITUENT_CONSTITUENT_ID'),
 (1700,0x00,0x00,'GETCUSTOMFIELD(CONSTITUENT_CONSTITUENT_ID, \'constituent\', \'emailFormat\')','Email Format',0x00,0x00,0x00,0x00,0x00,0x00,0x00,1,'EMAILFORMAT','CONSTITUENT_CONSTITUENT_ID'),
 (1701,0x00,0x00,'CONSTITUENT_CREATE_DATE','Create Date',0x00,0x00,0x00,0x00,0x00,0x00,0x00,4,'CONSTITUENT_CREATE_DATE','CONSTITUENT_CONSTITUENT_ID'),
 (1702,0x00,0x00,'CONSTITUENT_UPDATE_DATE','Update Date',0x00,0x00,0x00,0x00,0x00,0x00,0x00,4,'CONSTITUENT_UPDATE_DATE','CONSTITUENT_CONSTITUENT_ID'),
 (1703,0x00,0x00,'CONSTITUENT_MARITAL_STATUS','Marital Status',0x00,0x00,0x00,0x00,0x00,0x00,0x00,1,'CONSTITUENT_MARITAL_STATUS','CONSTITUENT_CONSTITUENT_ID'),
 (1704,0x00,0x00,'GETCUSTOMFIELD(CONSTITUENT_CONSTITUENT_ID, \'constituent\', \'individual.birthDate\')','Birth Date',0x00,0x00,0x00,0x00,0x00,0x00,0x00,4,'INDIVIDUAL_BIRTHDATE','CONSTITUENT_CONSTITUENT_ID'),
 (1705,0x00,0x00,'GETCUSTOMFIELD(CONSTITUENT_CONSTITUENT_ID, \'constituent\', \'individual.deceased\')','Deceased',0x00,0x00,0x00,0x00,0x00,0x00,0x00,6,'INDIVIDUAL_DECEASED','CONSTITUENT_CONSTITUENT_ID'),
 (1706,0x00,0x00,'GETCUSTOMFIELD(CONSTITUENT_CONSTITUENT_ID, \'constituent\', \'individual.gender\')','Gender',0x00,0x00,0x00,0x00,0x00,0x00,0x00,1,'INDIVIDUAL_GENDER','CONSTITUENT_CONSTITUENT_ID'),
 (1707,0x00,0x00,'GETCUSTOMFIELD(CONSTITUENT_CONSTITUENT_ID, \'constituent\', \'individual.race\')','Race',0x00,0x00,0x00,0x00,0x00,0x00,0x00,1,'INDIVIDUAL_RACE','CONSTITUENT_CONSTITUENT_ID'),
 (1708,0x00,0x00,'GETCUSTOMFIELD(CONSTITUENT_CONSTITUENT_ID, \'constituent\', \'individual.military\')','Military',0x00,0x00,0x00,0x00,0x00,0x00,0x00,1,'INDIVIDUAL_MILITARY','CONSTITUENT_CONSTITUENT_ID'),
 (1709,0x00,0x00,'GETCUSTOMFIELD(CONSTITUENT_CONSTITUENT_ID, \'constituent\', \'organization.matching\')','Matching',0x00,0x00,0x00,0x00,0x00,0x00,0x00,1,'ORGANIZATION_MATCHING','CONSTITUENT_CONSTITUENT_ID'),
 (1710,0x00,0x00,'GETCUSTOMFIELD(CONSTITUENT_CONSTITUENT_ID, \'constituent\', \'organization.percentMatch\')','Percent Matching',0x00,0x00,0x00,0x00,0x00,0x00,0x00,3,'ORGANIZATION_PERCENTMATCH','CONSTITUENT_CONSTITUENT_ID'),
 (1711,0x00,0x00,'GETCUSTOMFIELD(CONSTITUENT_CONSTITUENT_ID, \'constituent\', \'organization.maximumAnnualLimit\')','Maximum Annual Limit',0x00,0x00,0x00,0x00,0x00,0x00,0x00,5,'ORGANIZATION_MAXIMUMMATCH','CONSTITUENT_CONSTITUENT_ID'),
 (1712,0x00,0x00,'GETCUSTOMFIELD(CONSTITUENT_CONSTITUENT_ID, \'constituent\', \'organization.minimumGiftMatch\')','Mimimum Gift Match',0x00,0x00,0x00,0x00,0x00,0x00,0x00,5,'ORGANIZATION_MINIMUMGIFTMATCH','CONSTITUENT_CONSTITUENT_ID'),
 (1713,0x00,0x00,'GETCUSTOMFIELD(CONSTITUENT_CONSTITUENT_ID, \'constituent\', \'organization.totalPerEmployeePerYear\')','Total Per Employee Per Year',0x00,0x00,0x00,0x00,0x00,0x00,0x00,5,'ORGANIZATION_TOTALPEREMPLOYEEPERYEAR','CONSTITUENT_CONSTITUENT_ID'),
 (1714,0x00,0x00,'GETCUSTOMFIELDDISPLAYVALUECONCATENATED(CONSTITUENT_CONSTITUENT_ID, \'constituent\', \'organization.eligibility\', \'customFieldMap[organization.eligibility]\')','Eligibility',0x00,0x00,0x00,0x00,0x00,0x00,0x00,1,'ORGANIZATION_MINIMUMGIFTMATCH','CONSTITUENT_CONSTITUENT_ID'),
 (1715,0x00,0x00,'GETCUSTOMFIELDCONCATENATED(CONSTITUENT_CONSTITUENT_ID, \'constituent\', \'organization.eligibleFunds\')','Eligible Funds',0x00,0x00,0x00,0x00,0x00,0x00,0x00,1,'ORGANIZATION_ELIGIBLEFUNDS','CONSTITUENT_CONSTITUENT_ID'),
 (1716,0x00,0x00,'GETCUSTOMFIELDCONCATENATED(CONSTITUENT_CONSTITUENT_ID, \'constituent\', \'organization.additional_eligibleFunds\')','Eligible Funds - Additional',0x00,0x00,0x00,0x00,0x00,0x00,0x00,1,'ORGANIZATION_ELIGIBLEFUNDSADDITIONAL','CONSTITUENT_CONSTITUENT_ID'),
 (1717,0x00,0x00,'GETCUSTOMFIELDCONCATENATED(CONSTITUENT_CONSTITUENT_ID, \'constituent\', \'organization.eligibleOrganizations\')','Eligible Organizations',0x00,0x00,0x00,0x00,0x00,0x00,0x00,1,'ORGANIZATION_ELIGIBLEORGANIZATIONS','CONSTITUENT_CONSTITUENT_ID'),
 (1718,0x00,0x00,'GETCUSTOMFIELDCONCATENATED(CONSTITUENT_CONSTITUENT_ID, \'constituent\', \'organization.additional_eligibleOrganizations\')','Eligible Organizations - Additional',0x00,0x00,0x00,0x00,0x00,0x00,0x00,1,'ORGANIZATION_ELIGIBLEORGANIZATIONSADDITIONAL','CONSTITUENT_CONSTITUENT_ID'),
 (1719,0x00,0x00,'GETCUSTOMFIELDCONCATENATED(CONSTITUENT_CONSTITUENT_ID, \'constituent\', \'organization.ineligibleOrganizations\')','Ineligible Organizations',0x00,0x00,0x00,0x00,0x00,0x00,0x00,1,'ORGANIZATION_INELIGIBLEORGANIZATIONS','CONSTITUENT_CONSTITUENT_ID'),
 (1720,0x00,0x00,'GETCUSTOMFIELDCONCATENATED(CONSTITUENT_CONSTITUENT_ID, \'constituent\', \'organization.additional_ineligibleOrganizations\')','Ineligible Organizations - Additional',0x00,0x00,0x00,0x00,0x00,0x00,0x00,1,'ORGANIZATION_INELIGIBLEORGANIZATIONSADDITIONAL','CONSTITUENT_CONSTITUENT_ID'),
 (1721,0x00,0x00,'GETCUSTOMFIELD(CONSTITUENT_CONSTITUENT_ID, \'constituent\', \'organization.onlineMatchingGiftForm\')','Matching Gift Form',0x00,0x00,0x00,0x00,0x00,0x00,0x00,1,'ORGANIZATION_MATCHINGGIFTFORM','CONSTITUENT_CONSTITUENT_ID'),
 (1722,0x00,0x00,'GETPICKLISTDISPLAYVALUE(\'customFieldMap[organization.programStartMonth]\', GETCUSTOMFIELD(CONSTITUENT_CONSTITUENT_ID, \'constituent\', \'organization.programStartMonth\'))','Program Start Month',0x00,0x00,0x00,0x00,0x00,0x00,0x00,1,'ORGANIZATION_PROGRAMSTARTMONTH','CONSTITUENT_CONSTITUENT_ID'),
 (1723,0x00,0x00,'GETCONSTITUENTACCOUNTNUMBER(GETCUSTOMFIELD(CONSTITUENT_CONSTITUENT_ID, \'constituent\', \'organization.programContact\'))','Program Contact Account Number',0x00,0x00,0x00,0x00,0x00,0x00,0x00,2,'ORGANIZATION_PROGRAMCONTACTACCOUNTNUMBER','CONSTITUENT_CONSTITUENT_ID'),
 (1724,0x00,0x00,'GETCONSTITUENTDISPLAYNAME(GETCUSTOMFIELD(CONSTITUENT_CONSTITUENT_ID, \'constituent\', \'organization.programContact\'))','Program Contact Account Name',0x00,0x00,0x00,0x00,0x00,0x00,0x00,1,'ORGANIZATION_PROGRAMCONTACTACCOUNTNAME','CONSTITUENT_CONSTITUENT_ID'),
 (1725,0x00,0x00,'GETCUSTOMFIELD(CONSTITUENT_CONSTITUENT_ID, \'constituent\', \'organization.procedureForRequestingMatch\')','Procedure For Requesting Match',0x00,0x00,0x00,0x00,0x00,0x00,0x00,1,'ORGANIZATION_PROCEDUREFORREQUESTINGMATCH','CONSTITUENT_CONSTITUENT_ID'),
 (1726,0x00,0x00,'CONSTITUENT_SITE_NAME','Site Name',0x00,0x00,0x00,0x00,0x00,0x00,0x00,1,'CONSTITUENT_SITE_NAME','CONSTITUENT_CONSTITUENT_ID'),
 (1727,0x00,0x00,'AUDIT_AUDIT_ID','Audit History ID',0x01,0x00,0x00,0x00,0x00,0x00,0x00,2,'AUDIT_AUDIT_ID','AUDIT_AUDIT_ID'),
 (1728,0x00,0x00,'AUDIT_DATE','Date',0x01,0x00,0x00,0x00,0x00,0x00,0x00,4,'AUDIT_DATE','AUDIT_AUDIT_ID'),
 (1729,0x00,0x00,'AUDIT_USER','User',0x01,0x00,0x00,0x00,0x00,0x00,0x00,1,'AUDIT_USER','AUDIT_AUDIT_ID'),
 (1730,0x00,0x00,'AUDIT_AUDIT_TYPE','Type',0x01,0x00,0x00,0x00,0x00,0x00,0x00,1,'AUDIT_AUDIT_TYPE','AUDIT_AUDIT_ID'),
 (1731,0x00,0x00,'AUDIT_DESCRIPTION','Description',0x01,0x00,0x00,0x00,0x00,0x00,0x00,1,'AUDIT_DESCRIPTION','AUDIT_AUDIT_ID'),
 (1732,0x00,0x00,'AUDIT_ENTITY_TYPE','Object Type',0x01,0x00,0x00,0x00,0x00,0x00,0x00,1,'AUDIT_ENTITY_TYPE','AUDIT_AUDIT_ID'),
 (1733,0x00,0x00,'AUDIT_OBJECT_ID','Object ID',0x00,0x00,0x00,0x00,0x00,0x00,0x00,2,'AUDIT_OBJECT_ID','AUDIT_AUDIT_ID'),
 (1734,0x00,0x00,'AUDIT_SITE_NAME','Site Name',0x00,0x00,0x00,0x00,0x00,0x00,0x00,1,'AUDIT_SITE_NAME','AUDIT_AUDIT_ID'),
 (1735,0x00,0x00,'EMAIL_EMAIL_ID','Email Address ID',0x01,0x00,0x00,0x00,0x00,0x00,0x00,2,'EMAIL_EMAIL_ID','EMAIL_EMAIL_ID'),
 (1736,0x00,0x00,'GETCONSTITUENTACCOUNTNUMBER(EMAIL_CONSTITUENT_ID)','Account Number',0x00,0x00,0x00,0x00,0x00,0x00,0x00,2,'EMAIL_ACCOUNT_NUMBER','EMAIL_EMAIL_ID'),
 (1737,0x00,0x00,'GETCONSTITUENTDISPLAYNAME(EMAIL_CONSTITUENT_ID)','Account Name',0x00,0x00,0x00,0x00,0x00,0x00,0x00,1,'ACCOUNT_NAME','EMAIL_EMAIL_ID'),
 (1738,0x00,0x00,'GETCUSTOMFIELDDISPLAYVALUECONCATENATED(EMAIL_EMAIL_ID, \'email\', \'emailType\', \'customFieldMap[emailType]\')','Email Type',0x00,0x00,0x00,0x00,0x00,0x00,0x00,1,'EMAIL_EMAIL_TYPE','EMAIL_EMAIL_ID'),
 (1739,0x00,0x00,'EMAIL_ACTIVATION_STATUS','Email Status',0x00,0x00,0x00,0x00,0x00,0x00,0x00,1,'EMAIL_ACTIVATION_STATUS','EMAIL_EMAIL_ID'),
 (1740,0x00,0x00,'EMAIL_EFFECTIVE_DATE','Effective Date',0x00,0x00,0x00,0x00,0x00,0x00,0x00,4,'EMAIL_EFFECTIVE_DATE','EMAIL_EMAIL_ID'),
 (1741,0x00,0x00,'EMAIL_SEASONAL_START_DATE','Seasonal Start Date',0x00,0x00,0x00,0x00,0x00,0x00,0x00,4,'EMAIL_SEASONAL_START_DATE','EMAIL_EMAIL_ID'),
 (1742,0x00,0x00,'EMAIL_SEASONAL_END_DATE','Seasonal End Date',0x00,0x00,0x00,0x00,0x00,0x00,0x00,4,'EMAIL_SEASONAL_END_DATE','EMAIL_EMAIL_ID'),
 (1743,0x00,0x00,'EMAIL_TEMPORARY_START_DATE','Temporary Start Date',0x00,0x00,0x00,0x00,0x00,0x00,0x00,4,'EMAIL_TEMPORARY_START_DATE','EMAIL_EMAIL_ID'),
 (1744,0x00,0x00,'EMAIL_TEMPORARY_END_DATE','Temporary End Date',0x00,0x00,0x00,0x00,0x00,0x00,0x00,4,'EMAIL_TEMPORARY_END_DATE','EMAIL_EMAIL_ID'),
 (1745,0x00,0x00,'EMAIL_EMAIL_ADDRESS','Email Address',0x00,0x00,0x00,0x00,0x00,0x00,0x00,1,'EMAIL_EMAIL_ADDRESS','EMAIL_EMAIL_ID'),
 (1746,0x00,0x00,'EMAIL_EMAIL_DISPLAY','Email Display',0x00,0x00,0x00,0x00,0x00,0x00,0x00,1,'EMAIL_EMAIL_DISPLAY','EMAIL_EMAIL_ID'),
 (1747,0x00,0x00,'EMAIL_RECEIVE_CORRESPONDENCE','Receive Correspondence',0x00,0x00,0x00,0x00,0x00,0x00,0x00,6,'EMAIL_RECEIVE_CORRESPONDENCE','EMAIL_EMAIL_ID'),
 (1748,0x00,0x00,'EMAIL_COMMENT','Comments',0x00,0x00,0x00,0x00,0x00,0x00,0x00,1,'EMAIL_COMMENT','EMAIL_EMAIL_ID'),
 (1749,0x00,0x00,'EMAIL_CREATE_DATE','Email Address Create Date',0x00,0x00,0x00,0x00,0x00,0x00,0x00,4,'EMAIL_CREATE_DATE','EMAIL_EMAIL_ID'),
 (1750,0x00,0x00,'EMAIL_UPDATE_DATE','Email Address Update Date',0x00,0x00,0x00,0x00,0x00,0x00,0x00,4,'EMAIL_UPDATE_DATE','EMAIL_EMAIL_ID'),
 (1751,0x00,0x00,'EMAIL_IS_PRIMARY','Primary Email Address',0x00,0x00,0x00,0x00,0x00,0x00,0x00,6,'EMAIL_IS_PRIMARY','EMAIL_EMAIL_ID'),
 (1752,0x00,0x00,'EMAIL_UNDELIVERABLE','Email Address Undeliverable',0x00,0x00,0x00,0x00,0x00,0x00,0x00,6,'EMAIL_UNDELIVERABLE','EMAIL_EMAIL_ID'),
 (1753,0x00,0x00,'EMAIL_INACTIVE','Email Address Inactive',0x00,0x00,0x00,0x00,0x00,0x00,0x00,6,'EMAIL_INACTIVE','EMAIL_EMAIL_ID'),
 (1754,0x00,0x00,'AUDIT_AUDIT_ID','Audit History ID',0x01,0x00,0x00,0x00,0x00,0x00,0x00,2,'AUDIT_AUDIT_ID','AUDIT_AUDIT_ID'),
 (1755,0x00,0x00,'AUDIT_DATE','Date',0x01,0x00,0x00,0x00,0x00,0x00,0x00,4,'AUDIT_DATE','AUDIT_AUDIT_ID'),
 (1756,0x00,0x00,'AUDIT_USER','User',0x01,0x00,0x00,0x00,0x00,0x00,0x00,1,'AUDIT_USER','AUDIT_AUDIT_ID'),
 (1757,0x00,0x00,'AUDIT_AUDIT_TYPE','Type',0x01,0x00,0x00,0x00,0x00,0x00,0x00,1,'AUDIT_AUDIT_TYPE','AUDIT_AUDIT_ID'),
 (1758,0x00,0x00,'AUDIT_DESCRIPTION','Description',0x01,0x00,0x00,0x00,0x00,0x00,0x00,1,'AUDIT_DESCRIPTION','AUDIT_AUDIT_ID'),
 (1759,0x00,0x00,'AUDIT_ENTITY_TYPE','Object Type',0x01,0x00,0x00,0x00,0x00,0x00,0x00,1,'AUDIT_ENTITY_TYPE','AUDIT_AUDIT_ID'),
 (1760,0x00,0x00,'AUDIT_OBJECT_ID','Object ID',0x00,0x00,0x00,0x00,0x00,0x00,0x00,2,'AUDIT_OBJECT_ID','AUDIT_AUDIT_ID'),
 (1761,0x00,0x00,'AUDIT_SITE_NAME','Site Name',0x00,0x00,0x00,0x00,0x00,0x00,0x00,1,'AUDIT_SITE_NAME','AUDIT_AUDIT_ID'),
 (1762,0x00,0x00,'GIFT_GIFT_ID','Gift Reference Number',0x01,0x00,0x00,0x00,0x00,0x00,0x00,2,'GIFT_GIFT_ID','GIFT_GIFT_ID'),
 (1763,0x00,0x00,'GETCONSTITUENTACCOUNTNUMBER(GIFT_CONSTITUENT_ID)','Account Number',0x01,0x00,0x00,0x00,0x00,0x00,0x00,2,'GIFT_ACCOUNT_NUMBER','GIFT_GIFT_ID'),
 (1764,0x00,0x00,'GETCONSTITUENTDISPLAYNAME(GIFT_CONSTITUENT_ID)','Account Name',0x00,0x00,0x00,0x00,0x00,0x00,0x00,1,'ACCOUNT_NAME','GIFT_GIFT_ID'),
 (1765,0x00,0x00,'GIFT_AMOUNT','Gift Amount',0x01,0x00,0x00,0x00,0x00,0x00,0x00,5,'GIFT_AMOUNT','GIFT_GIFT_ID'),
 (1766,0x00,0x00,'GIFT_CURRENCY_CODE','Currency Code',0x00,0x00,0x00,0x00,0x00,0x00,0x00,1,'GIFT_CURRENCY_CODE','GIFT_GIFT_ID'),
 (1767,0x00,0x00,'GIFT_DONATION_DATE','Donation Date',0x01,0x00,0x00,0x00,0x00,0x00,0x00,4,'GIFT_DONATION_DATE','GIFT_GIFT_ID'),
 (1768,0x00,0x00,'GIFT_POSTMARK_DATE','Postmark Date',0x00,0x00,0x00,0x00,0x00,0x00,0x00,4,'GIFT_POSTMARK_DATE','GIFT_GIFT_ID'),
 (1769,0x00,0x00,'GIFT_COMMENTS','Comments',0x00,0x00,0x00,0x00,0x00,0x00,0x00,1,'GIFT_COMMENTS','GIFT_GIFT_ID'),
 (1770,0x00,0x00,'GIFT_TRANSACTIONDATE','Transaction Date',0x00,0x00,0x00,0x00,0x00,0x00,0x00,4,'GIFT_TRANSACTIONDATE','GIFT_GIFT_ID'),
 (1771,0x00,0x00,'GIFT_PAYMENT_SOURCE_PAYMENT_PROFILE_DESCRIPTION','Payment Profile Description',0x00,0x00,0x00,0x00,0x00,0x00,0x00,1,'GIFT_PAYMENT_SOURCE_PAYMENT_PROFILE_DESCRIPTION','GIFT_GIFT_ID'),
 (1772,0x00,0x00,'GIFT_PAYMENT_SOURCE_INACTIVE','Payment Method Inactive',0x00,0x00,0x00,0x00,0x00,0x00,0x00,6,'GIFT_PAYMENT_SOURCE_INACTIVE','GIFT_GIFT_ID'),
 (1773,0x00,0x00,'GIFT_PAYMENT_TYPE','Payment Method',0x00,0x00,0x00,0x00,0x00,0x00,0x00,1,'GIFT_PAYMENT_TYPE','GIFT_GIFT_ID'),
 (1774,0x00,0x00,'GIFT_PAYMENT_SOURCE_CREDIT_CARD_TYPE','Credit Card Type',0x00,0x00,0x00,0x00,0x00,0x00,0x00,1,'GIFT_PAYMENT_SOURCE_CREDIT_CARD_TYPE','GIFT_GIFT_ID'),
 (1775,0x00,0x00,'GIFT_PAYMENT_SOURCE_CREDIT_CARD_HOLDER_NAME','Credit Card Holder Name',0x00,0x00,0x00,0x00,0x00,0x00,0x00,1,'GIFT_PAYMENT_SOURCE_CREDIT_CARD_HOLDER_NAME','GIFT_GIFT_ID'),
 (1776,0x00,0x00,'GIFT_PAYMENT_SOURCE_CREDIT_CARD_EXPIRATION','Credit Card Expiration',0x00,0x00,0x00,0x00,0x00,0x00,0x00,1,'GIFT_PAYMENT_SOURCE_CREDIT_CARD_EXPIRATION','GIFT_GIFT_ID'),
 (1777,0x00,0x00,'GIFT_PAYMENT_SOURCE_CREDIT_CARD_EXPIRATION_DATE','Credit Card Expiration (Date / Time)',0x00,0x00,0x00,0x00,0x00,0x00,0x00,4,'GIFT_PAYMENT_SOURCE_CREDIT_CARD_EXPIRATION_DATE','GIFT_GIFT_ID'),
 (1778,0x00,0x00,'GIFT_PAYMENT_SOURCE_ACH_HOLDER_NAME','ACH Holder Name',0x00,0x00,0x00,0x00,0x00,0x00,0x00,1,'GIFT_PAYMENT_SOURCE_ACH_HOLDER_NAME','GIFT_GIFT_ID'),
 (1779,0x00,0x00,'GIFT_PAYMENT_SOURCE_ACH_ROUTING_NUMBER','ACH Routing Number',0x00,0x00,0x00,0x00,0x00,0x00,0x00,1,'GIFT_PAYMENT_SOURCE_ACH_ROUTING_NUMBER','GIFT_GIFT_ID'),
 (1780,0x00,0x00,'GIFT_PAYMENT_SOURCE_LAST_FOUR_DIGITS','Credit Card / ACH Account Number - Last 4 Digits',0x00,0x00,0x00,0x00,0x00,0x00,0x00,1,'GIFT_PAYMENT_SOURCE_LAST_FOUR_DIGITS','GIFT_GIFT_ID'),
 (1781,0x00,0x00,'GIFT_CHECK_NUMBER','Check Number',0x00,0x00,0x00,0x00,0x00,0x00,0x00,2,'GIFT_CHECK_NUMBER','GIFT_GIFT_ID'),
 (1782,0x00,0x00,'GIFT_AUTH_CODE','Authorization Code',0x00,0x00,0x00,0x00,0x00,0x00,0x00,1,'GIFT_AUTH_CODE','GIFT_GIFT_ID'),
 (1783,0x00,0x00,'GIFT_PAYMENT_ADDRESS_ADDRESS_LINE_1','Address Line 1',0x00,0x00,0x00,0x00,0x00,0x00,0x00,1,'GIFT_PAYMENT_ADDRESS_ADDRESS_LINE_1','GIFT_GIFT_ID'),
 (1784,0x00,0x00,'GIFT_PAYMENT_ADDRESS_ADDRESS_LINE_2','Address Line 2',0x00,0x00,0x00,0x00,0x00,0x00,0x00,1,'GIFT_PAYMENT_ADDRESS_ADDRESS_LINE_2','GIFT_GIFT_ID'),
 (1785,0x00,0x00,'GIFT_PAYMENT_ADDRESS_ADDRESS_LINE_3','Address Line 3',0x00,0x00,0x00,0x00,0x00,0x00,0x00,1,'GIFT_PAYMENT_ADDRESS_ADDRESS_LINE_3','GIFT_GIFT_ID'),
 (1786,0x00,0x00,'GIFT_PAYMENT_ADDRESS_CITY','City',0x00,0x00,0x00,0x00,0x00,0x00,0x00,1,'GIFT_PAYMENT_ADDRESS_CITY','GIFT_GIFT_ID'),
 (1787,0x00,0x00,'GIFT_PAYMENT_ADDRESS_STATE_PROVINCE','State/Province',0x00,0x00,0x00,0x00,0x00,0x00,0x00,1,'GIFT_PAYMENT_ADDRESS_STATE_PROVINCE','GIFT_GIFT_ID'),
 (1788,0x00,0x00,'GIFT_PAYMENT_ADDRESS_POSTAL_CODE','Zip/Postal Code',0x00,0x00,0x00,0x00,0x00,0x00,0x00,1,'GIFT_PAYMENT_ADDRESS_POSTAL_CODE','GIFT_GIFT_ID'),
 (1789,0x00,0x00,'GIFT_PAYMENT_ADDRESS_COUNTRY','Country',0x00,0x00,0x00,0x00,0x00,0x00,0x00,1,'GIFT_PAYMENT_ADDRESS_COUNTRY','GIFT_GIFT_ID'),
 (1790,0x00,0x00,'GIFT_PAYMENT_ADDRESS_IS_PRIMARY','Primary Address',0x00,0x00,0x00,0x00,0x00,0x00,0x00,6,'GIFT_PAYMENT_ADDRESS_IS_PRIMARY','GIFT_GIFT_ID'),
 (1791,0x00,0x00,'GIFT_PAYMENT_ADDRESS_UNDELIVERABLE','Address Undeliverable',0x00,0x00,0x00,0x00,0x00,0x00,0x00,6,'GIFT_PAYMENT_ADDRESS_UNDELIVERABLE','GIFT_GIFT_ID'),
 (1792,0x00,0x00,'GIFT_PAYMENT_ADDRESS_INACTIVE','Address Inactive',0x00,0x00,0x00,0x00,0x00,0x00,0x00,6,'GIFT_PAYMENT_ADDRESS_INACTIVE','GIFT_GIFT_ID'),
 (1793,0x00,0x00,'GIFT_PAYMENT_PHONE_NUMBER','Phone Number',0x00,0x00,0x00,0x00,0x00,0x00,0x00,1,'GIFT_PAYMENT_PHONE_NUMBER','GIFT_GIFT_ID'),
 (1794,0x00,0x00,'GIFT_PAYMENT_PHONE_IS_PRIMARY','Primary Phone',0x00,0x00,0x00,0x00,0x00,0x00,0x00,6,'GIFT_PAYMENT_PHONE_IS_PRIMARY','GIFT_GIFT_ID'),
 (1795,0x00,0x00,'GIFT_PAYMENT_PHONE_UNDELIVERABLE','Phone Undeliverable',0x00,0x00,0x00,0x00,0x00,0x00,0x00,6,'GIFT_PAYMENT_PHONE_UNDELIVERABLE','GIFT_GIFT_ID'),
 (1796,0x00,0x00,'GIFT_PAYMENT_PHONE_INACTIVE','Phone Inactive',0x00,0x00,0x00,0x00,0x00,0x00,0x00,6,'GIFT_PAYMENT_PHONE_INACTIVE','GIFT_GIFT_ID'),
 (1797,0x00,0x00,'GIFT_ACKNOWLEDGEMENT_EMAIL_EMAIL_ADDRESS','Receipt Email',0x00,0x00,0x00,0x00,0x00,0x00,0x00,1,'GIFT_ACKNOWLEDGEMENT_EMAIL_EMAIL_ADDRESS','GIFT_GIFT_ID'),
 (1798,0x00,0x00,'GIFT_SEND_ACKNOWLEDGMENT','Send Acknowledgment',0x00,0x00,0x00,0x00,0x00,0x00,0x00,6,'GIFT_SEND_ACKNOWLEDGMENT','GIFT_GIFT_ID'),
 (1799,0x00,0x00,'GIFT_ACKNOWLEDGMENT_DATE','Acknowledgment Date',0x00,0x00,0x00,0x00,0x00,0x00,0x00,4,'GIFT_ACKNOWLEDGMENT_DATE','GIFT_GIFT_ID'),
 (1800,0x00,0x00,'AUDIT_AUDIT_ID','Audit History ID',0x01,0x00,0x00,0x00,0x00,0x00,0x00,2,'AUDIT_AUDIT_ID','AUDIT_AUDIT_ID'),
 (1801,0x00,0x00,'AUDIT_DATE','Date',0x01,0x00,0x00,0x00,0x00,0x00,0x00,4,'AUDIT_DATE','AUDIT_AUDIT_ID'),
 (1802,0x00,0x00,'AUDIT_USER','User',0x01,0x00,0x00,0x00,0x00,0x00,0x00,1,'AUDIT_USER','AUDIT_AUDIT_ID'),
 (1803,0x00,0x00,'AUDIT_AUDIT_TYPE','Type',0x01,0x00,0x00,0x00,0x00,0x00,0x00,1,'AUDIT_AUDIT_TYPE','AUDIT_AUDIT_ID'),
 (1804,0x00,0x00,'AUDIT_DESCRIPTION','Description',0x01,0x00,0x00,0x00,0x00,0x00,0x00,1,'AUDIT_DESCRIPTION','AUDIT_AUDIT_ID'),
 (1805,0x00,0x00,'AUDIT_ENTITY_TYPE','Object Type',0x01,0x00,0x00,0x00,0x00,0x00,0x00,1,'AUDIT_ENTITY_TYPE','AUDIT_AUDIT_ID'),
 (1806,0x00,0x00,'AUDIT_OBJECT_ID','Object ID',0x00,0x00,0x00,0x00,0x00,0x00,0x00,2,'AUDIT_OBJECT_ID','AUDIT_AUDIT_ID'),
 (1807,0x00,0x00,'AUDIT_SITE_NAME','Site Name',0x00,0x00,0x00,0x00,0x00,0x00,0x00,1,'AUDIT_SITE_NAME','AUDIT_AUDIT_ID'),
 (1808,0x00,0x00,'PAYMENT_SOURCE_PAYMENT_SOURCE_ID','Payment Method ID',0x01,0x00,0x00,0x00,0x00,0x00,0x00,2,'PAYMENT_SOURCE_PAYMENT_SOURCE_ID','PAYMENT_SOURCE_PAYMENT_SOURCE_ID'),
 (1809,0x00,0x00,'GETCONSTITUENTACCOUNTNUMBER(PAYMENT_SOURCE_CONSTITUENT_ID)','Account Number',0x00,0x00,0x00,0x00,0x00,0x00,0x00,2,'PAYMENT_SOURCE_ACCOUNT_NUMBER','PAYMENT_SOURCE_PAYMENT_SOURCE_ID'),
 (1810,0x00,0x00,'GETCONSTITUENTDISPLAYNAME(PAYMENT_SOURCE_CONSTITUENT_ID)','Account Name',0x00,0x00,0x00,0x00,0x00,0x00,0x00,1,'ACCOUNT_NAME','PAYMENT_SOURCE_PAYMENT_SOURCE_ID'),
 (1811,0x00,0x00,'PAYMENT_SOURCE_PAYMENT_PROFILE_DESCRIPTION','Payment Profile Description',0x00,0x00,0x00,0x00,0x00,0x00,0x00,1,'PAYMENT_SOURCE_PAYMENT_PROFILE_DESCRIPTION','PAYMENT_SOURCE_PAYMENT_SOURCE_ID'),
 (1812,0x00,0x00,'PAYMENT_SOURCE_INACTIVE','Payment Method Inactive',0x00,0x00,0x00,0x00,0x00,0x00,0x00,6,'PAYMENT_SOURCE_INACTIVE','PAYMENT_SOURCE_PAYMENT_SOURCE_ID'),
 (1813,0x00,0x00,'PAYMENT_SOURCE_PAYMENT_TYPE','Payment Method',0x00,0x00,0x00,0x00,0x00,0x00,0x00,1,'PAYMENT_SOURCE_PAYMENT_TYPE','PAYMENT_SOURCE_PAYMENT_SOURCE_ID'),
 (1814,0x00,0x00,'PAYMENT_SOURCE_CREDIT_CARD_HOLDER_NAME','Credit Card Holder Name',0x00,0x00,0x00,0x00,0x00,0x00,0x00,1,'PAYMENT_SOURCE_CREDIT_CARD_HOLDER_NAME','PAYMENT_SOURCE_PAYMENT_SOURCE_ID'),
 (1815,0x00,0x00,'PAYMENT_SOURCE_CREDIT_CARD_TYPE','Credit Card Type',0x00,0x00,0x00,0x00,0x00,0x00,0x00,1,'PAYMENT_SOURCE_CREDIT_CARD_TYPE','PAYMENT_SOURCE_PAYMENT_SOURCE_ID'),
 (1816,0x00,0x00,'PAYMENT_SOURCE_CREDIT_CARD_EXPIRATION','Credit Card Expiration',0x00,0x00,0x00,0x00,0x00,0x00,0x00,1,'PAYMENT_SOURCE_CREDIT_CARD_EXPIRATION','PAYMENT_SOURCE_PAYMENT_SOURCE_ID'),
 (1817,0x00,0x00,'PAYMENT_SOURCE_CREDIT_CARD_EXPIRATION_DATE','Credit Card Expiration (Date / Time)',0x00,0x00,0x00,0x00,0x00,0x00,0x00,4,'PAYMENT_SOURCE_CREDIT_CARD_EXPIRATION_DATE','PAYMENT_SOURCE_PAYMENT_SOURCE_ID'),
 (1818,0x00,0x00,'PAYMENT_SOURCE_ACH_HOLDER_NAME','ACH Holder Name',0x00,0x00,0x00,0x00,0x00,0x00,0x00,1,'PAYMENT_SOURCE_ACH_HOLDER_NAME','PAYMENT_SOURCE_PAYMENT_SOURCE_ID'),
 (1819,0x00,0x00,'PAYMENT_SOURCE_ACH_ROUTING_NUMBER','ACH Routing Number',0x00,0x00,0x00,0x00,0x00,0x00,0x00,1,'PAYMENT_SOURCE_ACH_ROUTING_NUMBER','PAYMENT_SOURCE_PAYMENT_SOURCE_ID'),
 (1820,0x00,0x00,'PAYMENT_SOURCE_LAST_FOUR_DIGITS','Credit Card / ACH Account Number - Last 4 Digits',0x00,0x00,0x00,0x00,0x00,0x00,0x00,1,'PAYMENT_SOURCE_LAST_FOUR_DIGITS','PAYMENT_SOURCE_PAYMENT_SOURCE_ID'),
 (1821,0x00,0x00,'PAYMENT_SOURCE_ADDRESS_ADDRESS_LINE_1','Address Line 1',0x00,0x00,0x00,0x00,0x00,0x00,0x00,1,'PAYMENT_SOURCE_ADDRESS_ADDRESS_LINE_1','PAYMENT_SOURCE_PAYMENT_SOURCE_ID'),
 (1822,0x00,0x00,'PAYMENT_SOURCE_ADDRESS_ADDRESS_LINE_2','Address Line 2',0x00,0x00,0x00,0x00,0x00,0x00,0x00,1,'PAYMENT_SOURCE_ADDRESS_ADDRESS_LINE_2','PAYMENT_SOURCE_PAYMENT_SOURCE_ID'),
 (1823,0x00,0x00,'PAYMENT_SOURCE_ADDRESS_ADDRESS_LINE_3','Address Line 3',0x00,0x00,0x00,0x00,0x00,0x00,0x00,1,'PAYMENT_SOURCE_ADDRESS_ADDRESS_LINE_3','PAYMENT_SOURCE_PAYMENT_SOURCE_ID'),
 (1824,0x00,0x00,'PAYMENT_SOURCE_ADDRESS_CITY','City',0x00,0x00,0x00,0x00,0x00,0x00,0x00,1,'PAYMENT_SOURCE_ADDRESS_CITY','PAYMENT_SOURCE_PAYMENT_SOURCE_ID'),
 (1825,0x00,0x00,'PAYMENT_SOURCE_ADDRESS_STATE_PROVINCE','State/Province',0x00,0x00,0x00,0x00,0x00,0x00,0x00,1,'PAYMENT_SOURCE_ADDRESS_STATE_PROVINCE','PAYMENT_SOURCE_PAYMENT_SOURCE_ID'),
 (1826,0x00,0x00,'PAYMENT_SOURCE_ADDRESS_POSTAL_CODE','Zip/Postal Code',0x00,0x00,0x00,0x00,0x00,0x00,0x00,1,'PAYMENT_SOURCE_ADDRESS_POSTAL_CODE','PAYMENT_SOURCE_PAYMENT_SOURCE_ID'),
 (1827,0x00,0x00,'PAYMENT_SOURCE_ADDRESS_COUNTRY','Country',0x00,0x00,0x00,0x00,0x00,0x00,0x00,1,'PAYMENT_SOURCE_ADDRESS_COUNTRY','PAYMENT_SOURCE_PAYMENT_SOURCE_ID'),
 (1828,0x00,0x00,'PAYMENT_SOURCE_ADDRESS_IS_PRIMARY','Primary Address',0x00,0x00,0x00,0x00,0x00,0x00,0x00,6,'PAYMENT_SOURCE_ADDRESS_IS_PRIMARY','PAYMENT_SOURCE_PAYMENT_SOURCE_ID'),
 (1829,0x00,0x00,'PAYMENT_SOURCE_ADDRESS_UNDELIVERABLE','Address Undeliverable',0x00,0x00,0x00,0x00,0x00,0x00,0x00,6,'PAYMENT_SOURCE_ADDRESS_UNDELIVERABLE','PAYMENT_SOURCE_PAYMENT_SOURCE_ID'),
 (1830,0x00,0x00,'PAYMENT_SOURCE_ADDRESS_INACTIVE','Address Inactive',0x00,0x00,0x00,0x00,0x00,0x00,0x00,6,'PAYMENT_SOURCE_ADDRESS_INACTIVE','PAYMENT_SOURCE_PAYMENT_SOURCE_ID'),
 (1831,0x00,0x00,'PAYMENT_SOURCE_PHONE_NUMBER','Phone Number',0x00,0x00,0x00,0x00,0x00,0x00,0x00,1,'PAYMENT_SOURCE_PHONE_NUMBER','PAYMENT_SOURCE_PAYMENT_SOURCE_ID'),
 (1832,0x00,0x00,'PAYMENT_SOURCE_PHONE_IS_PRIMARY','Primary Phone',0x00,0x00,0x00,0x00,0x00,0x00,0x00,6,'PAYMENT_SOURCE_PHONE_IS_PRIMARY','PAYMENT_SOURCE_PAYMENT_SOURCE_ID'),
 (1833,0x00,0x00,'PAYMENT_SOURCE_PHONE_UNDELIVERABLE','Phone Undeliverable',0x00,0x00,0x00,0x00,0x00,0x00,0x00,6,'PAYMENT_SOURCE_PHONE_UNDELIVERABLE','PAYMENT_SOURCE_PAYMENT_SOURCE_ID'),
 (1834,0x00,0x00,'PAYMENT_SOURCE_PHONE_INACTIVE','Phone Inactive',0x00,0x00,0x00,0x00,0x00,0x00,0x00,6,'PAYMENT_SOURCE_PHONE_INACTIVE','PAYMENT_SOURCE_PAYMENT_SOURCE_ID'),
 (1835,0x00,0x00,'AUDIT_AUDIT_ID','Audit History ID',0x01,0x00,0x00,0x00,0x00,0x00,0x00,2,'AUDIT_AUDIT_ID','AUDIT_AUDIT_ID'),
 (1836,0x00,0x00,'AUDIT_DATE','Date',0x01,0x00,0x00,0x00,0x00,0x00,0x00,4,'AUDIT_DATE','AUDIT_AUDIT_ID'),
 (1837,0x00,0x00,'AUDIT_USER','User',0x01,0x00,0x00,0x00,0x00,0x00,0x00,1,'AUDIT_USER','AUDIT_AUDIT_ID'),
 (1838,0x00,0x00,'AUDIT_AUDIT_TYPE','Type',0x01,0x00,0x00,0x00,0x00,0x00,0x00,1,'AUDIT_AUDIT_TYPE','AUDIT_AUDIT_ID'),
 (1839,0x00,0x00,'AUDIT_DESCRIPTION','Description',0x01,0x00,0x00,0x00,0x00,0x00,0x00,1,'AUDIT_DESCRIPTION','AUDIT_AUDIT_ID'),
 (1840,0x00,0x00,'AUDIT_ENTITY_TYPE','Object Type',0x01,0x00,0x00,0x00,0x00,0x00,0x00,1,'AUDIT_ENTITY_TYPE','AUDIT_AUDIT_ID'),
 (1841,0x00,0x00,'AUDIT_OBJECT_ID','Object ID',0x00,0x00,0x00,0x00,0x00,0x00,0x00,2,'AUDIT_OBJECT_ID','AUDIT_AUDIT_ID'),
 (1842,0x00,0x00,'AUDIT_SITE_NAME','Site Name',0x00,0x00,0x00,0x00,0x00,0x00,0x00,1,'AUDIT_SITE_NAME','AUDIT_AUDIT_ID'),
 (1843,0x00,0x00,'PHONE_PHONE_ID','Phone Number ID',0x01,0x00,0x00,0x00,0x00,0x00,0x00,2,'PHONE_PHONE_ID','PHONE_PHONE_ID'),
 (1844,0x00,0x00,'GETCONSTITUENTACCOUNTNUMBER(PHONE_CONSTITUENT_ID)','Account Number',0x01,0x00,0x00,0x00,0x00,0x00,0x00,2,'PHONE_ACCOUNT_NUMBER','PHONE_PHONE_ID'),
 (1845,0x00,0x00,'GETCONSTITUENTDISPLAYNAME(PHONE_CONSTITUENT_ID)','Account Name',0x00,0x00,0x00,0x00,0x00,0x00,0x00,1,'ACCOUNT_NAME','PHONE_PHONE_ID'),
 (1846,0x00,0x00,'GETCUSTOMFIELDDISPLAYVALUECONCATENATED(PHONE_PHONE_ID, \'phone\', \'phoneType\', \'customFieldMap[phoneType]\')','Phone Type',0x00,0x00,0x00,0x00,0x00,0x00,0x00,1,'PHONE_PHONE_TYPE','PHONE_PHONE_ID'),
 (1847,0x00,0x00,'PHONE_ACTIVATION_STATUS','Phone Status',0x00,0x00,0x00,0x00,0x00,0x00,0x00,1,'PHONE_ACTIVATION_STATUS','PHONE_PHONE_ID'),
 (1848,0x00,0x00,'PHONE_EFFECTIVE_DATE','Effective Date',0x00,0x00,0x00,0x00,0x00,0x00,0x00,4,'PHONE_EFFECTIVE_DATE','PHONE_PHONE_ID'),
 (1849,0x00,0x00,'PHONE_SEASONAL_START_DATE','Seasonal Start Date',0x00,0x00,0x00,0x00,0x00,0x00,0x00,4,'PHONE_SEASONAL_START_DATE','PHONE_PHONE_ID'),
 (1850,0x00,0x00,'PHONE_SEASONAL_END_DATE','Seasonal End Date',0x00,0x00,0x00,0x00,0x00,0x00,0x00,4,'PHONE_SEASONAL_END_DATE','PHONE_PHONE_ID'),
 (1851,0x00,0x00,'PHONE_TEMPORARY_START_DATE','Temporary Start Date',0x00,0x00,0x00,0x00,0x00,0x00,0x00,4,'PHONE_TEMPORARY_START_DATE','PHONE_PHONE_ID'),
 (1852,0x00,0x00,'PHONE_TEMPORARY_END_DATE','Temporary End Date',0x00,0x00,0x00,0x00,0x00,0x00,0x00,4,'PHONE_TEMPORARY_END_DATE','PHONE_PHONE_ID'),
 (1853,0x00,0x00,'PHONE_NUMBER','Phone Number',0x00,0x00,0x00,0x00,0x00,0x00,0x00,1,'PHONE_NUMBER','PHONE_PHONE_ID'),
 (1854,0x00,0x00,'PHONE_PROVIDER','Provider',0x00,0x00,0x00,0x00,0x00,0x00,0x00,1,'PHONE_PROVIDER','PHONE_PHONE_ID'),
 (1855,0x00,0x00,'PHONE_SMS','SMS',0x00,0x00,0x00,0x00,0x00,0x00,0x00,1,'PHONE_SMS','PHONE_PHONE_ID'),
 (1856,0x00,0x00,'PHONE_RECEIVE_CORRESPONDENCE','Receive Correspondence',0x00,0x00,0x00,0x00,0x00,0x00,0x00,6,'PHONE_RECEIVE_CORRESPONDENCE','PHONE_PHONE_ID'),
 (1857,0x00,0x00,'PHONE_COMMENT','Phone Comments',0x00,0x00,0x00,0x00,0x00,0x00,0x00,1,'PHONE_COMMENT','PHONE_PHONE_ID'),
 (1858,0x00,0x00,'PHONE_CREATE_DATE','Phone Create Date',0x00,0x00,0x00,0x00,0x00,0x00,0x00,4,'PHONE_CREATE_DATE','PHONE_PHONE_ID'),
 (1859,0x00,0x00,'PHONE_UPDATE_DATE','Phone Update Date',0x00,0x00,0x00,0x00,0x00,0x00,0x00,4,'PHONE_UPDATE_DATE','PHONE_PHONE_ID'),
 (1860,0x00,0x00,'PHONE_IS_PRIMARY','Primary Phone',0x00,0x00,0x00,0x00,0x00,0x00,0x00,6,'PHONE_IS_PRIMARY','PHONE_PHONE_ID'),
 (1861,0x00,0x00,'PHONE_UNDELIVERBLE','Phone Undeliverable',0x00,0x00,0x00,0x00,0x00,0x00,0x00,6,'PHONE_UNDELIVERBLE','PHONE_PHONE_ID'),
 (1862,0x00,0x00,'PHONE_INACTIVE','Phone Inactive Status',0x00,0x00,0x00,0x00,0x00,0x00,0x00,6,'PHONE_INACTIVE','PHONE_PHONE_ID'),
 (1863,0x00,0x00,'AUDIT_AUDIT_ID','Audit History ID',0x01,0x00,0x00,0x00,0x00,0x00,0x00,2,'AUDIT_AUDIT_ID','AUDIT_AUDIT_ID'),
 (1864,0x00,0x00,'AUDIT_DATE','Date',0x01,0x00,0x00,0x00,0x00,0x00,0x00,4,'AUDIT_DATE','AUDIT_AUDIT_ID'),
 (1865,0x00,0x00,'AUDIT_USER','User',0x01,0x00,0x00,0x00,0x00,0x00,0x00,1,'AUDIT_USER','AUDIT_AUDIT_ID'),
 (1866,0x00,0x00,'AUDIT_AUDIT_TYPE','Type',0x01,0x00,0x00,0x00,0x00,0x00,0x00,1,'AUDIT_AUDIT_TYPE','AUDIT_AUDIT_ID'),
 (1867,0x00,0x00,'AUDIT_DESCRIPTION','Description',0x01,0x00,0x00,0x00,0x00,0x00,0x00,1,'AUDIT_DESCRIPTION','AUDIT_AUDIT_ID'),
 (1868,0x00,0x00,'AUDIT_ENTITY_TYPE','Object Type',0x01,0x00,0x00,0x00,0x00,0x00,0x00,1,'AUDIT_ENTITY_TYPE','AUDIT_AUDIT_ID'),
 (1869,0x00,0x00,'AUDIT_OBJECT_ID','Object ID',0x00,0x00,0x00,0x00,0x00,0x00,0x00,2,'AUDIT_OBJECT_ID','AUDIT_AUDIT_ID'),
 (1870,0x00,0x00,'AUDIT_SITE_NAME','Site Name',0x00,0x00,0x00,0x00,0x00,0x00,0x00,1,'AUDIT_SITE_NAME','AUDIT_AUDIT_ID'),
 (1871,0x00,0x00,'COMMITMENT_COMMITMENT_ID','Pledge ID',0x01,0x00,0x00,0x00,0x00,0x00,0x00,2,'COMMITMENT_COMMITMENT_ID','COMMITMENT_COMMITMENT_ID'),
 (1872,0x00,0x00,'GETCONSTITUENTACCOUNTNUMBER(COMMITMENT_CONSTITUENT_ID)','Account Number',0x01,0x00,0x00,0x00,0x00,0x00,0x00,2,'COMMITMENT_ACCOUNT_NUMBER','COMMITMENT_COMMITMENT_ID'),
 (1873,0x00,0x00,'GETCONSTITUENTDISPLAYNAME(COMMITMENT_CONSTITUENT_ID)','Account Name',0x00,0x00,0x00,0x00,0x00,0x00,0x00,1,'ACCOUNT_NAME','COMMITMENT_COMMITMENT_ID'),
 (1874,0x00,0x00,'COMMITMENT_AMOUNT_PER_GIFT','Amount Per Gift',0x00,0x00,0x00,0x00,0x00,0x00,0x00,5,'COMMITMENT_AMOUNT_PER_GIFT','COMMITMENT_COMMITMENT_ID'),
 (1875,0x00,0x00,'COMMITMENT_AMOUNT_TOTAL','Amount Total',0x00,0x00,0x00,0x00,0x00,0x00,0x00,5,'COMMITMENT_AMOUNT_TOTAL','COMMITMENT_COMMITMENT_ID'),
 (1876,0x00,0x00,'COMMITMENT_CURRENCY_CODE','Currency Code',0x00,0x00,0x00,0x00,0x00,0x00,0x00,1,'COMMITMENT_CURRENCY_CODE','COMMITMENT_COMMITMENT_ID'),
 (1877,0x00,0x00,'COMMITMENT_STATUS','Status',0x00,0x00,0x00,0x00,0x00,0x00,0x00,1,'COMMITMENT_STATUS','COMMITMENT_COMMITMENT_ID'),
 (1878,0x00,0x00,'COMMITMENT_FREQUENCY','Frequency',0x00,0x00,0x00,0x00,0x00,0x00,0x00,1,'COMMITMENT_FREQUENCY','COMMITMENT_COMMITMENT_ID'),
 (1879,0x00,0x00,'COMMITMENT_PLEDGE_DATE','Pledge Date',0x00,0x00,0x00,0x00,0x00,0x00,0x00,4,'COMMITMENT_PLEDGE_DATE','COMMITMENT_COMMITMENT_ID'),
 (1880,0x00,0x00,'COMMITMENT_PROJECTED_DATE','Projected Date',0x00,0x00,0x00,0x00,0x00,0x00,0x00,4,'COMMITMENT_PROJECTED_DATE','COMMITMENT_COMMITMENT_ID'),
 (1881,0x00,0x00,'COMMITMENT_START_DATE','Start Date',0x00,0x00,0x00,0x00,0x00,0x00,0x00,4,'COMMITMENT_START_DATE','COMMITMENT_COMMITMENT_ID'),
 (1882,0x00,0x00,'COMMITMENT_END_DATE','End Date',0x00,0x00,0x00,0x00,0x00,0x00,0x00,4,'COMMITMENT_END_DATE','COMMITMENT_COMMITMENT_ID'),
 (1883,0x00,0x00,'COMMITMENT_COMMENTS','Comments',0x00,0x00,0x00,0x00,0x00,0x00,0x00,1,'COMMITMENT_COMMENTS','COMMITMENT_COMMITMENT_ID'),
 (1884,0x00,0x00,'COMMITMENT_ACKNOWLEDGEMENT_EMAIL_EMAIL_ADDRESS','Receipt Email',0x00,0x00,0x00,0x00,0x00,0x00,0x00,1,'COMMITMENT_ACKNOWLEDGEMENT_EMAIL_EMAIL_ADDRESS','COMMITMENT_COMMITMENT_ID'),
 (1885,0x00,0x00,'COMMITMENT_SEND_ACKNOWLEDGMENT','Send Acknowledgment',0x00,0x00,0x00,0x00,0x00,0x00,0x00,6,'COMMITMENT_SEND_ACKNOWLEDGMENT','COMMITMENT_COMMITMENT_ID'),
 (1886,0x00,0x00,'COMMITMENT_ACKNOWLEDGMENT_DATE','Acknowledgment Date',0x00,0x00,0x00,0x00,0x00,0x00,0x00,4,'COMMITMENT_ACKNOWLEDGMENT_DATE','COMMITMENT_COMMITMENT_ID'),
 (1887,0x00,0x00,'COMMITMENT_ACKNOWLEDGEMENT_EMAIL_EMAIL_ADDRESS','Receipt Email',0x00,0x00,0x00,0x00,0x00,0x00,0x00,1,'COMMITMENT_ACKNOWLEDGEMENT_EMAIL_EMAIL_ADDRESS','COMMITMENT_COMMITMENT_ID'),
 (1888,0x00,0x00,'COMMITMENT_SEND_ACKNOWLEDGMENT','Send Acknowledgment',0x00,0x00,0x00,0x00,0x00,0x00,0x00,6,'COMMITMENT_SEND_ACKNOWLEDGMENT','COMMITMENT_COMMITMENT_ID'),
 (1889,0x00,0x00,'COMMITMENT_ACKNOWLEDGMENT_DATE','Acknowledgment Date',0x00,0x00,0x00,0x00,0x00,0x00,0x00,4,'COMMITMENT_ACKNOWLEDGMENT_DATE','COMMITMENT_COMMITMENT_ID'),
 (1890,0x00,0x00,'AUDIT_AUDIT_ID','Audit History ID',0x01,0x00,0x00,0x00,0x00,0x00,0x00,2,'AUDIT_AUDIT_ID','AUDIT_AUDIT_ID'),
 (1891,0x00,0x00,'AUDIT_DATE','Date',0x01,0x00,0x00,0x00,0x00,0x00,0x00,4,'AUDIT_DATE','AUDIT_AUDIT_ID'),
 (1892,0x00,0x00,'AUDIT_USER','User',0x01,0x00,0x00,0x00,0x00,0x00,0x00,1,'AUDIT_USER','AUDIT_AUDIT_ID'),
 (1893,0x00,0x00,'AUDIT_AUDIT_TYPE','Type',0x01,0x00,0x00,0x00,0x00,0x00,0x00,1,'AUDIT_AUDIT_TYPE','AUDIT_AUDIT_ID'),
 (1894,0x00,0x00,'AUDIT_DESCRIPTION','Description',0x01,0x00,0x00,0x00,0x00,0x00,0x00,1,'AUDIT_DESCRIPTION','AUDIT_AUDIT_ID'),
 (1895,0x00,0x00,'AUDIT_ENTITY_TYPE','Object Type',0x01,0x00,0x00,0x00,0x00,0x00,0x00,1,'AUDIT_ENTITY_TYPE','AUDIT_AUDIT_ID'),
 (1896,0x00,0x00,'AUDIT_OBJECT_ID','Object ID',0x00,0x00,0x00,0x00,0x00,0x00,0x00,2,'AUDIT_OBJECT_ID','AUDIT_AUDIT_ID'),
 (1897,0x00,0x00,'AUDIT_SITE_NAME','Site Name',0x00,0x00,0x00,0x00,0x00,0x00,0x00,1,'AUDIT_SITE_NAME','AUDIT_AUDIT_ID'),
 (1898,0x00,0x00,'COMMITMENT_COMMITMENT_ID','Recurring Gift ID',0x01,0x00,0x00,0x00,0x00,0x00,0x00,2,'COMMITMENT_COMMITMENT_ID','COMMITMENT_COMMITMENT_ID'),
 (1899,0x00,0x00,'GETCONSTITUENTACCOUNTNUMBER(COMMITMENT_CONSTITUENT_ID)','Account Number',0x01,0x00,0x00,0x00,0x00,0x00,0x00,2,'COMMITMENT_ACCOUNT_NUMBER','COMMITMENT_COMMITMENT_ID'),
 (1900,0x00,0x00,'GETCONSTITUENTDISPLAYNAME(COMMITMENT_CONSTITUENT_ID)','Account Name',0x00,0x00,0x00,0x00,0x00,0x00,0x00,1,'ACCOUNT_NAME','COMMITMENT_COMMITMENT_ID'),
 (1901,0x00,0x00,'COMMITMENT_AUTO_PAY','Auto Pay',0x00,0x00,0x00,0x00,0x00,0x00,0x00,6,'COMMITMENT_AUTO_PAY','COMMITMENT_COMMITMENT_ID'),
 (1902,0x00,0x00,'COMMITMENT_AMOUNT_PER_GIFT','Amount Per Gift',0x01,0x00,0x00,0x00,0x00,0x00,0x00,5,'COMMITMENT_AMOUNT_PER_GIFT','COMMITMENT_COMMITMENT_ID'),
 (1903,0x00,0x00,'COMMITMENT_AMOUNT_TOTAL','Amount Total',0x01,0x00,0x00,0x00,0x00,0x00,0x00,5,'COMMITMENT_AMOUNT_TOTAL','COMMITMENT_COMMITMENT_ID'),
 (1904,0x00,0x00,'COMMITMENT_CURRENCY_CODE','Currency Code',0x00,0x00,0x00,0x00,0x00,0x00,0x00,1,'COMMITMENT_CURRENCY_CODE','COMMITMENT_COMMITMENT_ID'),
 (1905,0x00,0x00,'COMMITMENT_FREQUENCY','Frequency',0x00,0x00,0x00,0x00,0x00,0x00,0x00,1,'COMMITMENT_FREQUENCY','COMMITMENT_COMMITMENT_ID'),
 (1906,0x00,0x00,'COMMITMENT_START_DATE','Start Date',0x00,0x00,0x00,0x00,0x00,0x00,0x00,4,'COMMITMENT_START_DATE','COMMITMENT_COMMITMENT_ID'),
 (1907,0x00,0x00,'COMMITMENT_END_DATE','End Date',0x00,0x00,0x00,0x00,0x00,0x00,0x00,4,'COMMITMENT_END_DATE','COMMITMENT_COMMITMENT_ID'),
 (1908,0x00,0x00,'COMMITMENT_STATUS','Status',0x00,0x00,0x00,0x00,0x00,0x00,0x00,1,'COMMITMENT_STATUS','COMMITMENT_COMMITMENT_ID'),
 (1909,0x00,0x00,'COMMITMENT_COMMENTS','Comments',0x00,0x00,0x00,0x00,0x00,0x00,0x00,1,'COMMITMENT_COMMENTS','COMMITMENT_COMMITMENT_ID'),
 (1910,0x00,0x00,'COMMITMENT_LAST_ENTRY_DATE','Last Entry Date',0x00,0x00,0x00,0x00,0x00,0x00,0x00,4,'COMMITMENT_LAST_ENTRY_DATE','COMMITMENT_COMMITMENT_ID'),
 (1911,0x00,0x00,'COMMITMENT_CREATE_DATE','Recurring Gift Create Date',0x00,0x00,0x00,0x00,0x00,0x00,0x00,4,'COMMITMENT_CREATE_DATE','COMMITMENT_COMMITMENT_ID'),
 (1912,0x00,0x00,'COMMITMENT_UPDATE_DATE','Recurring Gift Update Date',0x00,0x00,0x00,0x00,0x00,0x00,0x00,4,'COMMITMENT_UPDATE_DATE','COMMITMENT_COMMITMENT_ID'),
 (1913,0x00,0x00,'COMMITMENT_PAYMENT_SOURCE_PAYMENT_PROFILE_DESCRIPTION','Payment Profile Description',0x00,0x00,0x00,0x00,0x00,0x00,0x00,1,'COMMITMENT_PAYMENT_SOURCE_PAYMENT_PROFILE_DESCRIPTION','COMMITMENT_COMMITMENT_ID'),
 (1914,0x00,0x00,'COMMITMENT_PAYMENT_SOURCE_INACTIVE','Payment Method Inactive',0x00,0x00,0x00,0x00,0x00,0x00,0x00,6,'COMMITMENT_PAYMENT_SOURCE_INACTIVE','COMMITMENT_COMMITMENT_ID'),
 (1915,0x00,0x00,'COMMITMENT_PAYMENT_TYPE','Payment Method',0x00,0x00,0x00,0x00,0x00,0x00,0x00,1,'COMMITMENT_PAYMENT_TYPE','COMMITMENT_COMMITMENT_ID'),
 (1916,0x00,0x00,'COMMITMENT_PAYMENT_SOURCE_CREDIT_CARD_TYPE','Credit Card Type',0x00,0x00,0x00,0x00,0x00,0x00,0x00,1,'COMMITMENT_PAYMENT_SOURCE_CREDIT_CARD_TYPE','COMMITMENT_COMMITMENT_ID'),
 (1917,0x00,0x00,'COMMITMENT_PAYMENT_SOURCE_CREDIT_CARD_HOLDER_NAME','Credit Card Holder Name',0x00,0x00,0x00,0x00,0x00,0x00,0x00,1,'COMMITMENT_PAYMENT_SOURCE_CREDIT_CARD_HOLDER_NAME','COMMITMENT_COMMITMENT_ID'),
 (1918,0x00,0x00,'COMMITMENT_PAYMENT_SOURCE_CREDIT_CARD_EXPIRATION','Credit Card Expiration',0x00,0x00,0x00,0x00,0x00,0x00,0x00,1,'COMMITMENT_PAYMENT_SOURCE_CREDIT_CARD_EXPIRATION','COMMITMENT_COMMITMENT_ID'),
 (1919,0x00,0x00,'COMMITMENT_PAYMENT_SOURCE_CREDIT_CARD_EXPIRATION_DATE','Credit Card Expiration (Date / Time)',0x00,0x00,0x00,0x00,0x00,0x00,0x00,4,'COMMITMENT_PAYMENT_SOURCE_CREDIT_CARD_EXPIRATION_DATE','COMMITMENT_COMMITMENT_ID'),
 (1920,0x00,0x00,'COMMITMENT_PAYMENT_SOURCE_ACH_HOLDER_NAME','ACH Holder Name',0x00,0x00,0x00,0x00,0x00,0x00,0x00,1,'COMMITMENT_PAYMENT_SOURCE_ACH_HOLDER_NAME','COMMITMENT_COMMITMENT_ID'),
 (1921,0x00,0x00,'COMMITMENT_PAYMENT_SOURCE_ACH_ROUTING_NUMBER','ACH Routing Number',0x00,0x00,0x00,0x00,0x00,0x00,0x00,1,'COMMITMENT_PAYMENT_SOURCE_ACH_ROUTING_NUMBER','COMMITMENT_COMMITMENT_ID'),
 (1922,0x00,0x00,'COMMITMENT_PAYMENT_SOURCE_LAST_FOUR_DIGITS','Credit Card / ACH Account Number - Last 4 Digits',0x00,0x00,0x00,0x00,0x00,0x00,0x00,1,'COMMITMENT_PAYMENT_SOURCE_LAST_FOUR_DIGITS','COMMITMENT_COMMITMENT_ID'),
 (1923,0x00,0x00,'COMMITMENT_CHECK_NUMBER','Check Number',0x00,0x00,0x00,0x00,0x00,0x00,0x00,2,'COMMITMENT_CHECK_NUMBER','COMMITMENT_COMMITMENT_ID'),
 (1924,0x00,0x00,'COMMITMENT_PAYMENT_ADDRESS_ADDRESS_LINE_1','Address Line 1',0x00,0x00,0x00,0x00,0x00,0x00,0x00,1,'COMMITMENT_PAYMENT_ADDRESS_ADDRESS_LINE_1','COMMITMENT_COMMITMENT_ID'),
 (1925,0x00,0x00,'COMMITMENT_PAYMENT_ADDRESS_ADDRESS_LINE_2','Address Line 2',0x00,0x00,0x00,0x00,0x00,0x00,0x00,1,'COMMITMENT_PAYMENT_ADDRESS_ADDRESS_LINE_2','COMMITMENT_COMMITMENT_ID'),
 (1926,0x00,0x00,'COMMITMENT_PAYMENT_ADDRESS_ADDRESS_LINE_3','Address Line 3',0x00,0x00,0x00,0x00,0x00,0x00,0x00,1,'COMMITMENT_PAYMENT_ADDRESS_ADDRESS_LINE_3','COMMITMENT_COMMITMENT_ID'),
 (1927,0x00,0x00,'COMMITMENT_PAYMENT_ADDRESS_CITY','City',0x00,0x00,0x00,0x00,0x00,0x00,0x00,1,'COMMITMENT_PAYMENT_ADDRESS_CITY','COMMITMENT_COMMITMENT_ID'),
 (1928,0x00,0x00,'COMMITMENT_PAYMENT_ADDRESS_STATE_PROVINCE','State/Province',0x00,0x00,0x00,0x00,0x00,0x00,0x00,1,'COMMITMENT_PAYMENT_ADDRESS_STATE_PROVINCE','COMMITMENT_COMMITMENT_ID'),
 (1929,0x00,0x00,'COMMITMENT_PAYMENT_ADDRESS_POSTAL_CODE','Zip/Postal Code',0x00,0x00,0x00,0x00,0x00,0x00,0x00,1,'COMMITMENT_PAYMENT_ADDRESS_POSTAL_CODE','COMMITMENT_COMMITMENT_ID'),
 (1930,0x00,0x00,'COMMITMENT_PAYMENT_ADDRESS_COUNTRY','Country',0x00,0x00,0x00,0x00,0x00,0x00,0x00,1,'COMMITMENT_PAYMENT_ADDRESS_COUNTRY','COMMITMENT_COMMITMENT_ID'),
 (1931,0x00,0x00,'COMMITMENT_PAYMENT_ADDRESS_IS_PRIMARY','Primary Address',0x00,0x00,0x00,0x00,0x00,0x00,0x00,6,'COMMITMENT_PAYMENT_ADDRESS_IS_PRIMARY','COMMITMENT_COMMITMENT_ID'),
 (1932,0x00,0x00,'COMMITMENT_PAYMENT_ADDRESS_UNDELIVERABLE','Address Undeliverable',0x00,0x00,0x00,0x00,0x00,0x00,0x00,6,'COMMITMENT_PAYMENT_ADDRESS_UNDELIVERABLE','COMMITMENT_COMMITMENT_ID'),
 (1933,0x00,0x00,'COMMITMENT_PAYMENT_ADDRESS_INACTIVE','Address Inactive',0x00,0x00,0x00,0x00,0x00,0x00,0x00,6,'COMMITMENT_PAYMENT_ADDRESS_INACTIVE','COMMITMENT_COMMITMENT_ID'),
 (1934,0x00,0x00,'COMMITMENT_PAYMENT_PHONE_NUMBER','Phone Number',0x00,0x00,0x00,0x00,0x00,0x00,0x00,1,'COMMITMENT_PAYMENT_PHONE_NUMBER','COMMITMENT_COMMITMENT_ID'),
 (1935,0x00,0x00,'COMMITMENT_ACKNOWLEDGEMENT_EMAIL_EMAIL_ADDRESS','Receipt Email',0x00,0x00,0x00,0x00,0x00,0x00,0x00,1,'COMMITMENT_ACKNOWLEDGEMENT_EMAIL_EMAIL_ADDRESS','COMMITMENT_COMMITMENT_ID'),
 (1936,0x00,0x00,'COMMITMENT_SEND_ACKNOWLEDGMENT','Send Acknowledgment',0x00,0x00,0x00,0x00,0x00,0x00,0x00,6,'COMMITMENT_SEND_ACKNOWLEDGMENT','COMMITMENT_COMMITMENT_ID'),
 (1937,0x00,0x00,'COMMITMENT_ACKNOWLEDGMENT_DATE','Acknowledgment Date',0x00,0x00,0x00,0x00,0x00,0x00,0x00,4,'COMMITMENT_ACKNOWLEDGMENT_DATE','COMMITMENT_COMMITMENT_ID'),
 (1938,0x00,0x00,'COMMUNICATION_HISTORY_COMMUNICATION_HISTORY_ID','Touch Point Reference Number',0x01,0x00,0x00,0x00,0x00,0x00,0x00,2,'COMMUNICATION_HISTORY_COMMUNICATION_HISTORY_ID','COMMUNICATION_HISTORY_COMMUNICATION_HISTORY_ID'),
 (1939,0x00,0x00,'COMMUNICATION_HISTORY_COMMUNICATION_TYPE','Communication Type',0x01,0x00,0x00,0x00,0x00,0x00,0x00,1,'COMMUNICATION_HISTORY_COMMUNICATION_TYPE','COMMUNICATION_HISTORY_COMMUNICATION_HISTORY_ID'),
 (1940,0x00,0x00,'COMMUNICATION_HISTORY_ENTRY_TYPE','Entry Type',0x01,0x00,0x00,0x00,0x00,0x00,0x00,1,'COMMUNICATION_HISTORY_ENTRY_TYPE','COMMUNICATION_HISTORY_COMMUNICATION_HISTORY_ID'),
 (1941,0x00,0x00,'GETCUSTOMFIELD(COMMUNICATION_HISTORY_COMMUNICATION_HISTORY_ID, \'communicationhistory\', \'template\')','Template',0x01,0x00,0x00,0x00,0x00,0x00,0x00,1,'COMMUNICATION_HISTORY_TEMPLATE','COMMUNICATION_HISTORY_COMMUNICATION_HISTORY_ID'),
 (1942,0x00,0x00,'COMMUNICATION_HISTORY_RECORD_DATE','Touch Point Entry Date',0x01,0x00,0x00,0x00,0x00,0x00,0x00,4,'COMMUNICATION_HISTORY_RECORD_DATE','COMMUNICATION_HISTORY_COMMUNICATION_HISTORY_ID'),
 (1943,0x00,0x00,'COMMUNICATION_HISTORY_COMMENTS','Comments',0x01,0x00,0x00,0x00,0x00,0x00,0x00,1,'COMMUNICATION_HISTORY_COMMENTS','COMMUNICATION_HISTORY_COMMUNICATION_HISTORY_ID'),
 (1944,0x00,0x00,'COMMUNICATION_HISTORY_SYSTEM_GENERATED','System Generated',0x00,0x00,0x00,0x00,0x00,0x00,0x00,6,'COMMUNICATION_HISTORY_SYSTEM_GENERATED','COMMUNICATION_HISTORY_COMMUNICATION_HISTORY_ID'),
 (1945,0x00,0x00,'COMMUNICATION_HISTORY_CREATE_DATE','Create Date',0x00,0x00,0x00,0x00,0x00,0x00,0x00,4,'COMMUNICATION_HISTORY_CREATE_DATE','COMMUNICATION_HISTORY_COMMUNICATION_HISTORY_ID'),
 (1946,0x00,0x00,'COMMUNICATION_HISTORY_UPDATE_DATE','Update Date',0x00,0x00,0x00,0x00,0x00,0x00,0x00,4,'COMMUNICATION_HISTORY_UPDATE_DATE','COMMUNICATION_HISTORY_COMMUNICATION_HISTORY_ID'),
 (1947,0x00,0x00,'GETCONSTITUENTACCOUNTNUMBER(COMMUNICATION_HISTORY_CONSTITUENT_ID)','Account Number',0x00,0x00,0x00,0x00,0x00,0x00,0x00,2,'COMMUNICATION_HISTORY_ACCOUNT_NUMBER','COMMUNICATION_HISTORY_COMMUNICATION_HISTORY_ID'),
 (1948,0x00,0x00,'GETCONSTITUENTACCOUNTNUMBER(COMMUNICATION_HISTORY_ASSIGNED_TO)','Assigned To Account Number',0x00,0x00,0x00,0x00,0x00,0x00,0x00,2,'COMMUNICATION_HISTORY_ASSIGNED_TO_ACCOUNT_NUMBER','COMMUNICATION_HISTORY_COMMUNICATION_HISTORY_ID'),
 (1949,0x00,0x00,'GETCONSTITUENTDISPLAYNAME(COMMUNICATION_HISTORY_ASSIGNED_TO)','Assigned To Name',0x00,0x00,0x00,0x00,0x00,0x00,0x00,1,'COMMUNICATION_HISTORY_ASSIGNED_TO_ACCOUNTNAME','COMMUNICATION_HISTORY_COMMUNICATION_HISTORY_ID'),
 (1950,0x00,0x00,'GETCONSTITUENTACCOUNTNUMBER(COMMUNICATION_HISTORY_RECORDED_BY)','Recorded By Account Number',0x00,0x00,0x00,0x00,0x00,0x00,0x00,2,'COMMUNICATION_HISTORY_RECORDED_BY_ACCOUNT_NUMBER','COMMUNICATION_HISTORY_COMMUNICATION_HISTORY_ID'),
 (1951,0x00,0x00,'GETCONSTITUENTDISPLAYNAME(COMMUNICATION_HISTORY_RECORDED_BY)','Recorded By Name',0x00,0x00,0x00,0x00,0x00,0x00,0x00,1,'COMMUNICATION_HISTORY_RECORDED_BY_ACCOUNT_NAME','COMMUNICATION_HISTORY_COMMUNICATION_HISTORY_ID'),
 (1952,0x00,0x00,'COMMUNICATION_HISTORY_COMMUNICATION_HISTORY_ID','Touch Point Reference Number',0x01,0x00,0x00,0x00,0x00,0x00,0x00,2,'COMMUNICATION_HISTORY_COMMUNICATION_HISTORY_ID','COMMUNICATION_HISTORY_COMMUNICATION_HISTORY_ID'),
 (1953,0x00,0x00,'COMMUNICATION_HISTORY_COMMUNICATION_TYPE','Communication Type',0x01,0x00,0x00,0x00,0x00,0x00,0x00,1,'COMMUNICATION_HISTORY_COMMUNICATION_TYPE','COMMUNICATION_HISTORY_COMMUNICATION_HISTORY_ID'),
 (1954,0x00,0x00,'COMMUNICATION_HISTORY_ENTRY_TYPE','Entry Type',0x01,0x00,0x00,0x00,0x00,0x00,0x00,1,'COMMUNICATION_HISTORY_ENTRY_TYPE','COMMUNICATION_HISTORY_COMMUNICATION_HISTORY_ID'),
 (1955,0x00,0x00,'GETCUSTOMFIELD(COMMUNICATION_HISTORY_COMMUNICATION_HISTORY_ID, \'communicationhistory\', \'template\')','Template',0x01,0x00,0x00,0x00,0x00,0x00,0x00,1,'COMMUNICATION_HISTORY_TEMPLATE','COMMUNICATION_HISTORY_COMMUNICATION_HISTORY_ID'),
 (1956,0x00,0x00,'COMMUNICATION_HISTORY_RECORD_DATE','Touch Point Entry Date',0x01,0x00,0x00,0x00,0x00,0x00,0x00,4,'COMMUNICATION_HISTORY_RECORD_DATE','COMMUNICATION_HISTORY_COMMUNICATION_HISTORY_ID'),
 (1957,0x00,0x00,'COMMUNICATION_HISTORY_COMMENTS','Comments',0x01,0x00,0x00,0x00,0x00,0x00,0x00,1,'COMMUNICATION_HISTORY_COMMENTS','COMMUNICATION_HISTORY_COMMUNICATION_HISTORY_ID'),
 (1958,0x00,0x00,'COMMUNICATION_HISTORY_SYSTEM_GENERATED','System Generated',0x00,0x00,0x00,0x00,0x00,0x00,0x00,6,'COMMUNICATION_HISTORY_SYSTEM_GENERATED','COMMUNICATION_HISTORY_COMMUNICATION_HISTORY_ID'),
 (1959,0x00,0x00,'COMMUNICATION_HISTORY_CREATE_DATE','Create Date',0x00,0x00,0x00,0x00,0x00,0x00,0x00,4,'COMMUNICATION_HISTORY_CREATE_DATE','COMMUNICATION_HISTORY_COMMUNICATION_HISTORY_ID'),
 (1960,0x00,0x00,'COMMUNICATION_HISTORY_UPDATE_DATE','Update Date',0x00,0x00,0x00,0x00,0x00,0x00,0x00,4,'COMMUNICATION_HISTORY_UPDATE_DATE','COMMUNICATION_HISTORY_COMMUNICATION_HISTORY_ID'),
 (1961,0x00,0x00,'GETCONSTITUENTACCOUNTNUMBER(COMMUNICATION_HISTORY_CONSTITUENT_ID)','Account Number',0x00,0x00,0x00,0x00,0x00,0x00,0x00,2,'COMMUNICATION_HISTORY_ACCOUNT_NUMBER','COMMUNICATION_HISTORY_COMMUNICATION_HISTORY_ID'),
 (1962,0x00,0x00,'GETCONSTITUENTACCOUNTNUMBER(COMMUNICATION_HISTORY_ASSIGNED_TO)','Assigned To Account Number',0x00,0x00,0x00,0x00,0x00,0x00,0x00,2,'COMMUNICATION_HISTORY_ASSIGNED_TO_ACCOUNT_NUMBER','COMMUNICATION_HISTORY_COMMUNICATION_HISTORY_ID'),
 (1963,0x00,0x00,'GETCONSTITUENTDISPLAYNAME(COMMUNICATION_HISTORY_ASSIGNED_TO)','Assigned To Name',0x00,0x00,0x00,0x00,0x00,0x00,0x00,1,'COMMUNICATION_HISTORY_ASSIGNED_TO_ACCOUNTNAME','COMMUNICATION_HISTORY_COMMUNICATION_HISTORY_ID'),
 (1964,0x00,0x00,'GETCONSTITUENTACCOUNTNUMBER(COMMUNICATION_HISTORY_RECORDED_BY)','Recorded By Account Number',0x00,0x00,0x00,0x00,0x00,0x00,0x00,2,'COMMUNICATION_HISTORY_RECORDED_BY_ACCOUNT_NUMBER','COMMUNICATION_HISTORY_COMMUNICATION_HISTORY_ID'),
 (1965,0x00,0x00,'GETCONSTITUENTDISPLAYNAME(COMMUNICATION_HISTORY_RECORDED_BY)','Recorded By Name',0x00,0x00,0x00,0x00,0x00,0x00,0x00,1,'COMMUNICATION_HISTORY_RECORDED_BY_ACCOUNT_NAME','COMMUNICATION_HISTORY_COMMUNICATION_HISTORY_ID'),
 (1966,0x00,0x00,'CONSTITUENT_ACCOUNT_NUMBER','Account Number',0x01,0x00,0x00,0x00,0x00,0x00,0x00,2,'CONSTITUENT_ACCOUNT_NUMBER','CONSTITUENT_CONSTITUENT_ID'),
 (1967,0x00,0x00,'GETCONSTITUENTDISPLAYNAME(GETCUSTOMFIELD(CONSTITUENT_CONSTITUENT_ID, \'constituent\', \'accountManager\'))','Account Manager Name',0x00,0x00,0x00,0x00,0x00,0x00,0x00,1,'ACCOUNTMANAGER','CONSTITUENT_CONSTITUENT_ID'),
 (1968,0x00,0x00,'GETCONSTITUENTACCOUNTNUMBER(GETCUSTOMFIELD(CONSTITUENT_CONSTITUENT_ID, \'constituent\', \'accountManager\'))','Account Manager Account Number',0x00,0x00,0x00,0x00,0x00,0x00,0x00,2,'ACCOUNTMANAGERACCOUNTNUMBER','CONSTITUENT_CONSTITUENT_ID'),
 (1969,0x00,0x00,'CONSTITUENT_CONSTITUENT_TYPE','Constituent Type',0x01,0x00,0x00,0x00,0x00,0x00,0x00,1,'CONSTITUENT_CONSTITUENT_TYPE','CONSTITUENT_CONSTITUENT_ID'),
 (1970,0x00,0x00,'CONSTITUENT_CONSTITUENT_ROLE','Profile Type',0x00,0x00,0x00,0x00,0x00,0x00,0x00,1,'CONSTITUENT_CONSTITUENT_ROLE','CONSTITUENT_CONSTITUENT_ID'),
 (1971,0x00,0x00,'CONSTITUENT_DONOR_PROFILE','Donor Profile',0x00,0x00,0x00,0x00,0x00,0x00,0x00,1,'CONSTITUENT_DONOR_PROFILE','CONSTITUENT_CONSTITUENT_ID'),
 (1972,0x00,0x00,'CONSTITUENT_TITLE','Title',0x00,0x00,0x00,0x00,0x00,0x00,0x00,1,'CONSTITUENT_TITLE','CONSTITUENT_CONSTITUENT_ID'),
 (1973,0x00,0x00,'CONSTITUENT_FIRST_NAME','First Name',0x01,0x00,0x00,0x00,0x00,0x00,0x00,1,'CONSTITUENT_FIRST_NAME','CONSTITUENT_CONSTITUENT_ID'),
 (1974,0x00,0x00,'CONSTITUENT_MIDDLE_NAME','Middle Name',0x00,0x00,0x00,0x00,0x00,0x00,0x00,1,'CONSTITUENT_MIDDLE_NAME','CONSTITUENT_CONSTITUENT_ID'),
 (1975,0x00,0x00,'CONSTITUENT_LAST_NAME','Last Name',0x01,0x00,0x00,0x00,0x00,0x00,0x00,1,'CONSTITUENT_LAST_NAME','CONSTITUENT_CONSTITUENT_ID'),
 (1976,0x00,0x00,'CONSTITUENT_SUFFIX','Suffix',0x00,0x00,0x00,0x00,0x00,0x00,0x00,1,'CONSTITUENT_SUFFIX','CONSTITUENT_CONSTITUENT_ID'),
 (1977,0x00,0x00,'CONSTITUENT_RECOGNITION_NAME','Recognition Name',0x00,0x00,0x00,0x00,0x00,0x00,0x00,1,'CONSTITUENT_RECOGNITION_NAME','CONSTITUENT_CONSTITUENT_ID'),
 (1978,0x00,0x00,'CONSTITUENT_ORGANIZATION_NAME','Organization Name',0x00,0x00,0x00,0x00,0x00,0x00,0x00,1,'CONSTITUENT_ORGANIZATION_NAME','CONSTITUENT_CONSTITUENT_ID'),
 (1979,0x00,0x00,'CONSTITUENT_LEGAL_NAME','Legal Name',0x00,0x00,0x00,0x00,0x00,0x00,0x00,1,'CONSTITUENT_LEGAL_NAME','CONSTITUENT_CONSTITUENT_ID'),
 (1980,0x00,0x00,'GETCUSTOMFIELD(CONSTITUENT_CONSTITUENT_ID, \'constituent\', \'organization.website\')','Website',0x00,0x00,0x00,0x00,0x00,0x00,0x00,1,'ORGANIZATION_WEBSITE','CONSTITUENT_CONSTITUENT_ID'),
 (1981,0x00,0x00,'GETCUSTOMFIELD(CONSTITUENT_CONSTITUENT_ID, \'constituent\', \'organization.taxid\')','Tax ID',0x00,0x00,0x00,0x00,0x00,0x00,0x00,1,'ORGANIZATION_TAXID','CONSTITUENT_CONSTITUENT_ID'),
 (1982,0x00,0x00,'CONSTITUENT_NAICS_CODE','NAICS Code',0x00,0x00,0x00,0x00,0x00,0x00,0x00,1,'CONSTITUENT_NAICS_CODE','CONSTITUENT_CONSTITUENT_ID'),
 (1983,0x00,0x00,'GETCUSTOMFIELD(CONSTITUENT_CONSTITUENT_ID, \'constituent\', \'communicationPreferences\')','Communication Preferences',0x00,0x00,0x00,0x00,0x00,0x00,0x00,1,'COMMUNICATIONPREFERENCES','CONSTITUENT_CONSTITUENT_ID'),
 (1984,0x00,0x00,'GETCUSTOMFIELD(CONSTITUENT_CONSTITUENT_ID, \'constituent\', \'emailFormat\')','Email Format',0x00,0x00,0x00,0x00,0x00,0x00,0x00,1,'EMAILFORMAT','CONSTITUENT_CONSTITUENT_ID'),
 (1985,0x00,0x00,'CONSTITUENT_CREATE_DATE','Create Date',0x00,0x00,0x00,0x00,0x00,0x00,0x00,4,'CONSTITUENT_CREATE_DATE','CONSTITUENT_CONSTITUENT_ID'),
 (1986,0x00,0x00,'CONSTITUENT_UPDATE_DATE','Update Date',0x00,0x00,0x00,0x00,0x00,0x00,0x00,4,'CONSTITUENT_UPDATE_DATE','CONSTITUENT_CONSTITUENT_ID'),
 (1987,0x00,0x00,'CONSTITUENT_MARITAL_STATUS','Marital Status',0x00,0x00,0x00,0x00,0x00,0x00,0x00,1,'CONSTITUENT_MARITAL_STATUS','CONSTITUENT_CONSTITUENT_ID'),
 (1988,0x00,0x00,'GETCUSTOMFIELD(CONSTITUENT_CONSTITUENT_ID, \'constituent\', \'individual.birthDate\')','Birth Date',0x00,0x00,0x00,0x00,0x00,0x00,0x00,4,'INDIVIDUAL_BIRTHDATE','CONSTITUENT_CONSTITUENT_ID'),
 (1989,0x00,0x00,'GETCUSTOMFIELD(CONSTITUENT_CONSTITUENT_ID, \'constituent\', \'individual.deceased\')','Deceased',0x00,0x00,0x00,0x00,0x00,0x00,0x00,6,'INDIVIDUAL_DECEASED','CONSTITUENT_CONSTITUENT_ID'),
 (1990,0x00,0x00,'GETCUSTOMFIELD(CONSTITUENT_CONSTITUENT_ID, \'constituent\', \'individual.gender\')','Gender',0x00,0x00,0x00,0x00,0x00,0x00,0x00,1,'INDIVIDUAL_GENDER','CONSTITUENT_CONSTITUENT_ID'),
 (1991,0x00,0x00,'GETCUSTOMFIELD(CONSTITUENT_CONSTITUENT_ID, \'constituent\', \'individual.race\')','Race',0x00,0x00,0x00,0x00,0x00,0x00,0x00,1,'INDIVIDUAL_RACE','CONSTITUENT_CONSTITUENT_ID'),
 (1992,0x00,0x00,'GETCUSTOMFIELD(CONSTITUENT_CONSTITUENT_ID, \'constituent\', \'individual.military\')','Military',0x00,0x00,0x00,0x00,0x00,0x00,0x00,1,'INDIVIDUAL_MILITARY','CONSTITUENT_CONSTITUENT_ID'),
 (1993,0x00,0x00,'GETCUSTOMFIELD(CONSTITUENT_CONSTITUENT_ID, \'constituent\', \'organization.matching\')','Matching',0x00,0x00,0x00,0x00,0x00,0x00,0x00,1,'ORGANIZATION_MATCHING','CONSTITUENT_CONSTITUENT_ID'),
 (1994,0x00,0x00,'GETCUSTOMFIELD(CONSTITUENT_CONSTITUENT_ID, \'constituent\', \'organization.percentMatch\')','Percent Matching',0x00,0x00,0x00,0x00,0x00,0x00,0x00,3,'ORGANIZATION_PERCENTMATCH','CONSTITUENT_CONSTITUENT_ID'),
 (1995,0x00,0x00,'GETCUSTOMFIELD(CONSTITUENT_CONSTITUENT_ID, \'constituent\', \'organization.maximumAnnualLimit\')','Maximum Annual Limit',0x00,0x00,0x00,0x00,0x00,0x00,0x00,5,'ORGANIZATION_MAXIMUMMATCH','CONSTITUENT_CONSTITUENT_ID'),
 (1996,0x00,0x00,'GETCUSTOMFIELD(CONSTITUENT_CONSTITUENT_ID, \'constituent\', \'organization.minimumGiftMatch\')','Mimimum Gift Match',0x00,0x00,0x00,0x00,0x00,0x00,0x00,5,'ORGANIZATION_MINIMUMGIFTMATCH','CONSTITUENT_CONSTITUENT_ID'),
 (1997,0x00,0x00,'GETCUSTOMFIELD(CONSTITUENT_CONSTITUENT_ID, \'constituent\', \'organization.totalPerEmployeePerYear\')','Total Per Employee Per Year',0x00,0x00,0x00,0x00,0x00,0x00,0x00,5,'ORGANIZATION_TOTALPEREMPLOYEEPERYEAR','CONSTITUENT_CONSTITUENT_ID'),
 (1998,0x00,0x00,'GETCUSTOMFIELDDISPLAYVALUECONCATENATED(CONSTITUENT_CONSTITUENT_ID, \'constituent\', \'organization.eligibility\', \'customFieldMap[organization.eligibility]\')','Eligibility',0x00,0x00,0x00,0x00,0x00,0x00,0x00,1,'ORGANIZATION_MINIMUMGIFTMATCH','CONSTITUENT_CONSTITUENT_ID'),
 (1999,0x00,0x00,'GETCUSTOMFIELDCONCATENATED(CONSTITUENT_CONSTITUENT_ID, \'constituent\', \'organization.eligibleFunds\')','Eligible Funds',0x00,0x00,0x00,0x00,0x00,0x00,0x00,1,'ORGANIZATION_ELIGIBLEFUNDS','CONSTITUENT_CONSTITUENT_ID'),
 (2000,0x00,0x00,'GETCUSTOMFIELDCONCATENATED(CONSTITUENT_CONSTITUENT_ID, \'constituent\', \'organization.additional_eligibleFunds\')','Eligible Funds - Additional',0x00,0x00,0x00,0x00,0x00,0x00,0x00,1,'ORGANIZATION_ELIGIBLEFUNDSADDITIONAL','CONSTITUENT_CONSTITUENT_ID'),
 (2001,0x00,0x00,'GETCUSTOMFIELDCONCATENATED(CONSTITUENT_CONSTITUENT_ID, \'constituent\', \'organization.eligibleOrganizations\')','Eligible Organizations',0x00,0x00,0x00,0x00,0x00,0x00,0x00,1,'ORGANIZATION_ELIGIBLEORGANIZATIONS','CONSTITUENT_CONSTITUENT_ID'),
 (2002,0x00,0x00,'GETCUSTOMFIELDCONCATENATED(CONSTITUENT_CONSTITUENT_ID, \'constituent\', \'organization.additional_eligibleOrganizations\')','Eligible Organizations - Additional',0x00,0x00,0x00,0x00,0x00,0x00,0x00,1,'ORGANIZATION_ELIGIBLEORGANIZATIONSADDITIONAL','CONSTITUENT_CONSTITUENT_ID'),
 (2003,0x00,0x00,'GETCUSTOMFIELDCONCATENATED(CONSTITUENT_CONSTITUENT_ID, \'constituent\', \'organization.ineligibleOrganizations\')','Ineligible Organizations',0x00,0x00,0x00,0x00,0x00,0x00,0x00,1,'ORGANIZATION_INELIGIBLEORGANIZATIONS','CONSTITUENT_CONSTITUENT_ID'),
 (2004,0x00,0x00,'GETCUSTOMFIELDCONCATENATED(CONSTITUENT_CONSTITUENT_ID, \'constituent\', \'organization.additional_ineligibleOrganizations\')','Ineligible Organizations - Additional',0x00,0x00,0x00,0x00,0x00,0x00,0x00,1,'ORGANIZATION_INELIGIBLEORGANIZATIONSADDITIONAL','CONSTITUENT_CONSTITUENT_ID'),
 (2005,0x00,0x00,'GETCUSTOMFIELD(CONSTITUENT_CONSTITUENT_ID, \'constituent\', \'organization.onlineMatchingGiftForm\')','Matching Gift Form',0x00,0x00,0x00,0x00,0x00,0x00,0x00,1,'ORGANIZATION_MATCHINGGIFTFORM','CONSTITUENT_CONSTITUENT_ID'),
 (2006,0x00,0x00,'GETPICKLISTDISPLAYVALUE(\'customFieldMap[organization.programStartMonth]\', GETCUSTOMFIELD(CONSTITUENT_CONSTITUENT_ID, \'constituent\', \'organization.programStartMonth\'))','Program Start Month',0x00,0x00,0x00,0x00,0x00,0x00,0x00,1,'ORGANIZATION_PROGRAMSTARTMONTH','CONSTITUENT_CONSTITUENT_ID'),
 (2007,0x00,0x00,'GETCONSTITUENTACCOUNTNUMBER(GETCUSTOMFIELD(CONSTITUENT_CONSTITUENT_ID, \'constituent\', \'organization.programContact\'))','Program Contact Account Number',0x00,0x00,0x00,0x00,0x00,0x00,0x00,2,'ORGANIZATION_PROGRAMCONTACTACCOUNTNUMBER','CONSTITUENT_CONSTITUENT_ID'),
 (2008,0x00,0x00,'GETCONSTITUENTDISPLAYNAME(GETCUSTOMFIELD(CONSTITUENT_CONSTITUENT_ID, \'constituent\', \'organization.programContact\'))','Program Contact Account Name',0x00,0x00,0x00,0x00,0x00,0x00,0x00,1,'ORGANIZATION_PROGRAMCONTACTACCOUNTNAME','CONSTITUENT_CONSTITUENT_ID'),
 (2009,0x00,0x00,'GETCUSTOMFIELD(CONSTITUENT_CONSTITUENT_ID, \'constituent\', \'organization.procedureForRequestingMatch\')','Procedure For Requesting Match',0x00,0x00,0x00,0x00,0x00,0x00,0x00,1,'ORGANIZATION_PROCEDUREFORREQUESTINGMATCH','CONSTITUENT_CONSTITUENT_ID'),
 (2010,0x00,0x00,'CONSTITUENT_SITE_NAME','Site Name',0x00,0x00,0x00,0x00,0x00,0x00,0x00,1,'CONSTITUENT_SITE_NAME','CONSTITUENT_CONSTITUENT_ID'),
 (2011,0x00,0x00,'ADDRESS_ADDRESS_ID','Address ID',0x00,0x00,0x00,0x00,0x00,0x00,0x00,2,'ADDRESS_ADDRESS_ID','ADDRESS_ADDRESS_ID'),
 (2012,0x00,0x00,'GETCUSTOMFIELDDISPLAYVALUECONCATENATED(ADDRESS_ADDRESS_ID, \'address\', \'addressType\', \'customFieldMap[addressType]\')','Address Type',0x00,0x00,0x00,0x00,0x00,0x00,0x00,1,'ADDRESS_ADDRESS_TYPE','ADDRESS_ADDRESS_ID'),
 (2013,0x00,0x00,'ADDRESS_ACTIVATION_STATUS','Address Status',0x00,0x00,0x00,0x00,0x00,0x00,0x00,1,'ADDRESS_ACTIVATION_STATUS','ADDRESS_ADDRESS_ID'),
 (2014,0x00,0x00,'ADDRESS_EFFECTIVE_DATE','Address Effective Date',0x00,0x00,0x00,0x00,0x00,0x00,0x00,4,'ADDRESS_EFFECTIVE_DATE','ADDRESS_ADDRESS_ID'),
 (2015,0x00,0x00,'ADDRESS_SEASONAL_START_DATE','Seasonal Start Date',0x00,0x00,0x00,0x00,0x00,0x00,0x00,4,'ADDRESS_SEASONAL_START_DATE','ADDRESS_ADDRESS_ID'),
 (2016,0x00,0x00,'ADDRESS_SEASONAL_END_DATE','Seasonal End Date',0x00,0x00,0x00,0x00,0x00,0x00,0x00,4,'ADDRESS_SEASONAL_END_DATE','ADDRESS_ADDRESS_ID'),
 (2017,0x00,0x00,'ADDRESS_TEMPORARY_START_DATE','Temporary Start Date',0x00,0x00,0x00,0x00,0x00,0x00,0x00,4,'ADDRESS_TEMPORARY_START_DATE','ADDRESS_ADDRESS_ID'),
 (2018,0x00,0x00,'ADDRESS_TEMPORARY_END_DATE','Temporary End Date',0x00,0x00,0x00,0x00,0x00,0x00,0x00,4,'ADDRESS_TEMPORARY_END_DATE','ADDRESS_ADDRESS_ID'),
 (2019,0x00,0x00,'ADDRESS_ADDRESS_LINE_1','Address Line 1',0x00,0x00,0x00,0x00,0x00,0x00,0x00,1,'ADDRESS_ADDRESS_LINE_1','ADDRESS_ADDRESS_ID'),
 (2020,0x00,0x00,'ADDRESS_ADDRESS_LINE_2','Address Line 2',0x00,0x00,0x00,0x00,0x00,0x00,0x00,1,'ADDRESS_ADDRESS_LINE_2','ADDRESS_ADDRESS_ID'),
 (2021,0x00,0x00,'ADDRESS_ADDRESS_LINE_3','Address Line 3',0x00,0x00,0x00,0x00,0x00,0x00,0x00,1,'ADDRESS_ADDRESS_LINE_3','ADDRESS_ADDRESS_ID'),
 (2022,0x00,0x00,'ADDRESS_CITY','City',0x00,0x00,0x00,0x00,0x00,0x00,0x00,1,'ADDRESS_CITY','ADDRESS_ADDRESS_ID'),
 (2023,0x00,0x00,'ADDRESS_STATE_PROVINCE','State/Province',0x00,0x00,0x00,0x00,0x00,0x00,0x00,1,'ADDRESS_STATE_PROVINCE','ADDRESS_ADDRESS_ID'),
 (2024,0x00,0x00,'ADDRESS_COUNTRY','Country',0x00,0x00,0x00,0x00,0x00,0x00,0x00,1,'ADDRESS_COUNTRY','ADDRESS_ADDRESS_ID'),
 (2025,0x00,0x00,'ADDRESS_POSTAL_CODE','Zip/Postal Code',0x00,0x00,0x00,0x00,0x00,0x00,0x00,1,'ADDRESS_POSTAL_CODE','ADDRESS_ADDRESS_ID'),
 (2026,0x00,0x00,'ADDRESS_RECEIVE_CORRESPONDENCE','Receive Correspondence',0x00,0x00,0x00,0x00,0x00,0x00,0x00,6,'ADDRESS_RECEIVE_CORRESPONDENCE','ADDRESS_ADDRESS_ID'),
 (2027,0x00,0x00,'ADDRESS_COMMENT','Comments',0x00,0x00,0x00,0x00,0x00,0x00,0x00,1,'ADDRESS_COMMENT','ADDRESS_ADDRESS_ID'),
 (2028,0x00,0x00,'ADDRESS_CREATE_DATE','Address Create Date',0x00,0x00,0x00,0x00,0x00,0x00,0x00,4,'ADDRESS_CREATE_DATE','ADDRESS_ADDRESS_ID'),
 (2029,0x00,0x00,'ADDRESS_UPDATE_DATE','Address Update Date',0x00,0x00,0x00,0x00,0x00,0x00,0x00,4,'ADDRESS_UPDATE_DATE','ADDRESS_ADDRESS_ID'),
 (2030,0x00,0x00,'ADDRESS_IS_PRIMARY','Primary Address',0x00,0x00,0x00,0x00,0x00,0x00,0x00,6,'ADDRESS_IS_PRIMARY','ADDRESS_ADDRESS_ID'),
 (2031,0x00,0x00,'ADDRESS_UNDELIVERABLE','Address Undeliverable',0x00,0x00,0x00,0x00,0x00,0x00,0x00,6,'ADDRESS_UNDELIVERABLE','ADDRESS_ADDRESS_ID'),
 (2032,0x00,0x00,'ADDRESS_INACTIVE','Address Inactive',0x00,0x00,0x00,0x00,0x00,0x00,0x00,6,'ADDRESS_INACTIVE','ADDRESS_ADDRESS_ID'),
 (2033,0x00,0x00,'EMAIL_EMAIL_ID','Email Address ID',0x00,0x00,0x00,0x00,0x00,0x00,0x00,2,'EMAIL_EMAIL_ID','EMAIL_EMAIL_ID'),
 (2034,0x00,0x00,'GETCUSTOMFIELDDISPLAYVALUECONCATENATED(EMAIL_EMAIL_ID, \'email\', \'emailType\', \'customFieldMap[emailType]\')','Email Type',0x00,0x00,0x00,0x00,0x00,0x00,0x00,1,'EMAIL_EMAIL_TYPE','EMAIL_EMAIL_ID'),
 (2035,0x00,0x00,'EMAIL_ACTIVATION_STATUS','Email Status',0x00,0x00,0x00,0x00,0x00,0x00,0x00,1,'EMAIL_ACTIVATION_STATUS','EMAIL_EMAIL_ID'),
 (2036,0x00,0x00,'EMAIL_EFFECTIVE_DATE','Effective Date',0x00,0x00,0x00,0x00,0x00,0x00,0x00,4,'EMAIL_EFFECTIVE_DATE','EMAIL_EMAIL_ID'),
 (2037,0x00,0x00,'EMAIL_SEASONAL_START_DATE','Seasonal Start Date',0x00,0x00,0x00,0x00,0x00,0x00,0x00,4,'EMAIL_SEASONAL_START_DATE','EMAIL_EMAIL_ID'),
 (2038,0x00,0x00,'EMAIL_SEASONAL_END_DATE','Seasonal End Date',0x00,0x00,0x00,0x00,0x00,0x00,0x00,4,'EMAIL_SEASONAL_END_DATE','EMAIL_EMAIL_ID'),
 (2039,0x00,0x00,'EMAIL_TEMPORARY_START_DATE','Temporary Start Date',0x00,0x00,0x00,0x00,0x00,0x00,0x00,4,'EMAIL_TEMPORARY_START_DATE','EMAIL_EMAIL_ID'),
 (2040,0x00,0x00,'EMAIL_TEMPORARY_END_DATE','Temporary End Date',0x00,0x00,0x00,0x00,0x00,0x00,0x00,4,'EMAIL_TEMPORARY_END_DATE','EMAIL_EMAIL_ID'),
 (2041,0x00,0x00,'EMAIL_EMAIL_ADDRESS','Email Address',0x00,0x00,0x00,0x00,0x00,0x00,0x00,1,'EMAIL_EMAIL_ADDRESS','EMAIL_EMAIL_ID'),
 (2042,0x00,0x00,'EMAIL_EMAIL_DISPLAY','Email Display',0x00,0x00,0x00,0x00,0x00,0x00,0x00,1,'EMAIL_EMAIL_DISPLAY','EMAIL_EMAIL_ID'),
 (2043,0x00,0x00,'EMAIL_RECEIVE_CORRESPONDENCE','Receive Correspondence',0x00,0x00,0x00,0x00,0x00,0x00,0x00,6,'EMAIL_RECEIVE_CORRESPONDENCE','EMAIL_EMAIL_ID'),
 (2044,0x00,0x00,'EMAIL_COMMENT','Comments',0x00,0x00,0x00,0x00,0x00,0x00,0x00,1,'EMAIL_COMMENT','EMAIL_EMAIL_ID'),
 (2045,0x00,0x00,'EMAIL_CREATE_DATE','Email Address Create Date',0x00,0x00,0x00,0x00,0x00,0x00,0x00,4,'EMAIL_CREATE_DATE','EMAIL_EMAIL_ID'),
 (2046,0x00,0x00,'EMAIL_UPDATE_DATE','Email Address Update Date',0x00,0x00,0x00,0x00,0x00,0x00,0x00,4,'EMAIL_UPDATE_DATE','EMAIL_EMAIL_ID'),
 (2047,0x00,0x00,'EMAIL_IS_PRIMARY','Primary Email Address',0x00,0x00,0x00,0x00,0x00,0x00,0x00,6,'EMAIL_IS_PRIMARY','EMAIL_EMAIL_ID'),
 (2048,0x00,0x00,'EMAIL_UNDELIVERABLE','Email Address Undeliverable',0x00,0x00,0x00,0x00,0x00,0x00,0x00,6,'EMAIL_UNDELIVERABLE','EMAIL_EMAIL_ID'),
 (2049,0x00,0x00,'EMAIL_INACTIVE','Email Address Inactive',0x00,0x00,0x00,0x00,0x00,0x00,0x00,6,'EMAIL_INACTIVE','EMAIL_EMAIL_ID'),
 (2050,0x00,0x00,'PHONE_PHONE_ID','Phone Number ID',0x00,0x00,0x00,0x00,0x00,0x00,0x00,2,'PHONE_PHONE_ID','PHONE_PHONE_ID'),
 (2051,0x00,0x00,'GETCUSTOMFIELDDISPLAYVALUECONCATENATED(PHONE_PHONE_ID, \'phone\', \'phoneType\', \'customFieldMap[phoneType]\')','Phone Type',0x00,0x00,0x00,0x00,0x00,0x00,0x00,1,'PHONE_PHONE_TYPE','PHONE_PHONE_ID'),
 (2052,0x00,0x00,'PHONE_ACTIVATION_STATUS','Phone Status',0x00,0x00,0x00,0x00,0x00,0x00,0x00,1,'PHONE_ACTIVATION_STATUS','PHONE_PHONE_ID'),
 (2053,0x00,0x00,'PHONE_EFFECTIVE_DATE','Effective Date',0x00,0x00,0x00,0x00,0x00,0x00,0x00,4,'PHONE_EFFECTIVE_DATE','PHONE_PHONE_ID'),
 (2054,0x00,0x00,'PHONE_SEASONAL_START_DATE','Seasonal Start Date',0x00,0x00,0x00,0x00,0x00,0x00,0x00,4,'PHONE_SEASONAL_START_DATE','PHONE_PHONE_ID'),
 (2055,0x00,0x00,'PHONE_SEASONAL_END_DATE','Seasonal End Date',0x00,0x00,0x00,0x00,0x00,0x00,0x00,4,'PHONE_SEASONAL_END_DATE','PHONE_PHONE_ID'),
 (2056,0x00,0x00,'PHONE_TEMPORARY_START_DATE','Temporary Start Date',0x00,0x00,0x00,0x00,0x00,0x00,0x00,4,'PHONE_TEMPORARY_START_DATE','PHONE_PHONE_ID'),
 (2057,0x00,0x00,'PHONE_TEMPORARY_END_DATE','Temporary End Date',0x00,0x00,0x00,0x00,0x00,0x00,0x00,4,'PHONE_TEMPORARY_END_DATE','PHONE_PHONE_ID'),
 (2058,0x00,0x00,'PHONE_NUMBER','Phone Number',0x00,0x00,0x00,0x00,0x00,0x00,0x00,1,'PHONE_NUMBER','PHONE_PHONE_ID'),
 (2059,0x00,0x00,'PHONE_PROVIDER','Provider',0x00,0x00,0x00,0x00,0x00,0x00,0x00,1,'PHONE_PROVIDER','PHONE_PHONE_ID'),
 (2060,0x00,0x00,'PHONE_SMS','SMS',0x00,0x00,0x00,0x00,0x00,0x00,0x00,1,'PHONE_SMS','PHONE_PHONE_ID'),
 (2061,0x00,0x00,'PHONE_RECEIVE_CORRESPONDENCE','Receive Correspondence',0x00,0x00,0x00,0x00,0x00,0x00,0x00,6,'PHONE_RECEIVE_CORRESPONDENCE','PHONE_PHONE_ID'),
 (2062,0x00,0x00,'PHONE_COMMENT','Phone Comments',0x00,0x00,0x00,0x00,0x00,0x00,0x00,1,'PHONE_COMMENT','PHONE_PHONE_ID'),
 (2063,0x00,0x00,'PHONE_CREATE_DATE','Phone Create Date',0x00,0x00,0x00,0x00,0x00,0x00,0x00,4,'PHONE_CREATE_DATE','PHONE_PHONE_ID'),
 (2064,0x00,0x00,'PHONE_UPDATE_DATE','Phone Update Date',0x00,0x00,0x00,0x00,0x00,0x00,0x00,4,'PHONE_UPDATE_DATE','PHONE_PHONE_ID'),
 (2065,0x00,0x00,'PHONE_IS_PRIMARY','Primary Phone',0x00,0x00,0x00,0x00,0x00,0x00,0x00,6,'PHONE_IS_PRIMARY','PHONE_PHONE_ID'),
 (2066,0x00,0x00,'PHONE_UNDELIVERABLE','Phone Undeliverable',0x00,0x00,0x00,0x00,0x00,0x00,0x00,6,'PHONE_UNDELIVERABLE','PHONE_PHONE_ID'),
 (2067,0x00,0x00,'PHONE_INACTIVE','Phone Inactive Status',0x00,0x00,0x00,0x00,0x00,0x00,0x00,6,'PHONE_INACTIVE','PHONE_PHONE_ID');
/*!40000 ALTER TABLE `REPORTFIELD` ENABLE KEYS */;


--
-- Definition of table `REPORTFIELDGROUP`
--

DROP TABLE IF EXISTS `REPORTFIELDGROUP`;
CREATE TABLE `REPORTFIELDGROUP` (
  `REPORTFIELDGROUP_ID` bigint(20) NOT NULL AUTO_INCREMENT,
  `Name` varchar(255) DEFAULT NULL,
  PRIMARY KEY (`REPORTFIELDGROUP_ID`)
) ENGINE=InnoDB AUTO_INCREMENT=168 DEFAULT CHARSET=latin1;

--
-- Dumping data for table `REPORTFIELDGROUP`
--

/*!40000 ALTER TABLE `REPORTFIELDGROUP` DISABLE KEYS */;
INSERT INTO `REPORTFIELDGROUP` (`REPORTFIELDGROUP_ID`,`Name`) VALUES 
 (1,'Error Log Information'),
 (2,'Picklist Information'),
 (3,'Contact Details'),
 (4,'Demographic Information'),
 (5,'Matching Information'),
 (6,'Miscellaneous Information'),
 (7,'Contact Details'),
 (8,'Demographic Information'),
 (9,'Matching Information'),
 (10,'Miscellaneous Information'),
 (11,'Address Information'),
 (12,'Contact Details'),
 (13,'Demographic Information'),
 (14,'Matching Information'),
 (15,'Miscellaneous Information'),
 (16,'Email Information'),
 (17,'Contact Details'),
 (18,'Demographic Information'),
 (19,'Matching Information'),
 (20,'Miscellaneous Information'),
 (21,'Phone Number Information'),
 (22,'Contact Details'),
 (23,'Demographic Information'),
 (24,'Matching Information'),
 (25,'Address Information'),
 (26,'Email Information'),
 (27,'Phone Number Information'),
 (28,'Contact Details'),
 (29,'Demographic Information'),
 (30,'Matching Information'),
 (31,'Address Information'),
 (32,'Email Information'),
 (33,'Phone Number Information'),
 (34,'Contact Details'),
 (35,'Demographic Information'),
 (36,'Matching Information'),
 (37,'Miscellaneous Information'),
 (38,'Relationship Information'),
 (39,'Gift Information'),
 (40,'Payment Information'),
 (41,'Acknowledgment Information'),
 (42,'Gift Information'),
 (43,'Payment Information'),
 (44,'Acknowledgment Information'),
 (45,'Gift Distribution'),
 (46,'Donation Information'),
 (47,'Privacy Information'),
 (48,'Donation Information'),
 (49,'Privacy Information'),
 (50,'Gift In Kind Details'),
 (51,'Payment History'),
 (52,'Payment Information'),
 (53,'Default Address/Phone Information'),
 (54,'Pledge Information'),
 (55,'Acknowledgment Information'),
 (56,'Pledge Information'),
 (57,'Acknowledgment Information'),
 (58,'Pledge Distribution'),
 (59,'Recurring Gift Information'),
 (60,'Payment Information'),
 (61,'Acknowledgment Information'),
 (62,'Recurring Gift Information'),
 (63,'Payment Information'),
 (64,'Acknowledgment Information'),
 (65,'Recurring Gift Distribution'),
 (66,'Contact Details'),
 (67,'Demographic Information'),
 (68,'Matching Information'),
 (69,'Miscellaneous Information'),
 (70,'Gift Information'),
 (71,'Payment Information'),
 (72,'Acknowledgment Information'),
 (73,'Contact Details'),
 (74,'Demographic Information'),
 (75,'Matching Information'),
 (76,'Miscellaneous Information'),
 (77,'Gift Information'),
 (78,'Payment Information'),
 (79,'Acknowledgment Information'),
 (80,'Gift Distribution'),
 (81,'Contact Details'),
 (82,'Demographic Information'),
 (83,'Matching Information'),
 (84,'Miscellaneous Information'),
 (85,'Donation Information'),
 (86,'Privacy Information'),
 (87,'Contact Details'),
 (88,'Demographic Information'),
 (89,'Matching Information'),
 (90,'Miscellaneous Information'),
 (91,'Donation Information'),
 (92,'Privacy Information'),
 (93,'Gift In Kind Details'),
 (94,'Contact Details'),
 (95,'Demographic Information'),
 (96,'Matching Information'),
 (97,'Miscellaneous Information'),
 (98,'Payment History'),
 (99,'Contact Details'),
 (100,'Demographic Information'),
 (101,'Matching Information'),
 (102,'Miscellaneous Information'),
 (103,'Payment Information'),
 (104,'Default Address/Phone Information'),
 (105,'Contact Details'),
 (106,'Demographic Information'),
 (107,'Matching Information'),
 (108,'Miscellaneous Information'),
 (109,'Pledge Information'),
 (110,'Acknowledgment Information'),
 (111,'Contact Details'),
 (112,'Demographic Information'),
 (113,'Matching Information'),
 (114,'Miscellaneous Information'),
 (115,'Pledge Information'),
 (116,'Acknowledgment Information'),
 (117,'Pledge Distribution'),
 (118,'Contact Details'),
 (119,'Demographic Information'),
 (120,'Matching Information'),
 (121,'Miscellaneous Information'),
 (122,'Recurring Gift Information'),
 (123,'Payment Information'),
 (124,'Acknowledgment Information'),
 (125,'Contact Details'),
 (126,'Demographic Information'),
 (127,'Matching Information'),
 (128,'Miscellaneous Information'),
 (129,'Recurring Gift Information'),
 (130,'Payment Information'),
 (131,'Acknowledgment Information'),
 (132,'Recurring Gift Distribution Information'),
 (133,'Audit History Information'),
 (134,'Audit History Information'),
 (135,'Address Information'),
 (136,'Audit History Information'),
 (137,'Contact Details'),
 (138,'Demographic Information'),
 (139,'Matching Information'),
 (140,'Miscellaneous Information'),
 (141,'Audit History Information'),
 (142,'Email Information'),
 (143,'Audit History Information'),
 (144,'Gift Information'),
 (145,'Payment Information'),
 (146,'Acknowledgment Information'),
 (147,'Audit History Information'),
 (148,'Payment Information'),
 (149,'Default Address/Phone Information'),
 (150,'Audit History Information'),
 (151,'Phone Number Information'),
 (152,'Audit History Information'),
 (153,'Pledge Information'),
 (154,'Acknowledgment Information'),
 (155,'Audit History Information'),
 (156,'Recurring Gift Information'),
 (157,'Payment Information'),
 (158,'Acknowledgment Information'),
 (159,'Touch Point Information'),
 (160,'Touch Point Information'),
 (161,'Contact Details'),
 (162,'Demographic Information'),
 (163,'Matching Information'),
 (164,'Miscellaneous Information'),
 (165,'Address Information'),
 (166,'Email Information'),
 (167,'Phone Number Information');
/*!40000 ALTER TABLE `REPORTFIELDGROUP` ENABLE KEYS */;


--
-- Definition of table `REPORTFIELDGROUP_REPORTDATASUBSOURCE`
--

DROP TABLE IF EXISTS `REPORTFIELDGROUP_REPORTDATASUBSOURCE`;
CREATE TABLE `REPORTFIELDGROUP_REPORTDATASUBSOURCE` (
  `REPORTFIELDGROUP_REPORTFIELDGROUP_ID` bigint(20) NOT NULL,
  `reportDataSubSource_REPORTSUBSOURCE_ID` bigint(20) NOT NULL,
  `REPORTSUBSOURCE_ID` int(11) NOT NULL,
  PRIMARY KEY (`REPORTFIELDGROUP_REPORTFIELDGROUP_ID`,`REPORTSUBSOURCE_ID`),
  KEY `FK1FB0E5D7A9997991` (`reportDataSubSource_REPORTSUBSOURCE_ID`),
  KEY `FK1FB0E5D7767AD2B5` (`REPORTFIELDGROUP_REPORTFIELDGROUP_ID`),
  CONSTRAINT `FK1FB0E5D7767AD2B5` FOREIGN KEY (`REPORTFIELDGROUP_REPORTFIELDGROUP_ID`) REFERENCES `REPORTFIELDGROUP` (`REPORTFIELDGROUP_ID`),
  CONSTRAINT `FK1FB0E5D7A9997991` FOREIGN KEY (`reportDataSubSource_REPORTSUBSOURCE_ID`) REFERENCES `REPORTDATASUBSOURCE` (`REPORTSUBSOURCE_ID`)
) ENGINE=InnoDB DEFAULT CHARSET=latin1;

--
-- Dumping data for table `REPORTFIELDGROUP_REPORTDATASUBSOURCE`
--

/*!40000 ALTER TABLE `REPORTFIELDGROUP_REPORTDATASUBSOURCE` DISABLE KEYS */;
INSERT INTO `REPORTFIELDGROUP_REPORTDATASUBSOURCE` (`REPORTFIELDGROUP_REPORTFIELDGROUP_ID`,`reportDataSubSource_REPORTSUBSOURCE_ID`,`REPORTSUBSOURCE_ID`) VALUES 
 (1,1,1),
 (2,2,3),
 (3,3,4),
 (4,3,4),
 (5,3,4),
 (6,3,4),
 (7,4,5),
 (8,4,5),
 (9,4,5),
 (10,4,5),
 (11,4,5),
 (12,5,6),
 (13,5,6),
 (14,5,6),
 (15,5,6),
 (16,5,6),
 (17,6,7),
 (18,6,7),
 (19,6,7),
 (20,6,7),
 (21,6,7),
 (22,7,8),
 (23,7,8),
 (24,7,8),
 (25,7,8),
 (26,7,8),
 (27,7,8),
 (28,8,9),
 (29,8,9),
 (30,8,9),
 (31,8,9),
 (32,8,9),
 (33,8,9),
 (34,9,10),
 (35,9,10),
 (36,9,10),
 (37,9,10),
 (38,9,10),
 (39,10,11),
 (40,10,11),
 (41,10,11),
 (42,11,12),
 (43,11,12),
 (44,11,12),
 (45,11,12),
 (46,12,13),
 (47,12,13),
 (48,13,14),
 (49,13,14),
 (50,13,14),
 (51,14,15),
 (52,15,16),
 (53,15,16),
 (54,16,17),
 (55,16,17),
 (56,17,18),
 (57,17,18),
 (58,17,18),
 (59,18,19),
 (60,18,19),
 (61,18,19),
 (62,19,20),
 (63,19,20),
 (64,19,20),
 (65,19,20),
 (66,20,21),
 (67,20,21),
 (68,20,21),
 (69,20,21),
 (70,20,21),
 (71,20,21),
 (72,20,21),
 (73,21,22),
 (74,21,22),
 (75,21,22),
 (76,21,22),
 (77,21,22),
 (78,21,22),
 (79,21,22),
 (80,21,22),
 (81,22,23),
 (82,22,23),
 (83,22,23),
 (84,22,23),
 (85,22,23),
 (86,22,23),
 (87,23,24),
 (88,23,24),
 (89,23,24),
 (90,23,24),
 (91,23,24),
 (92,23,24),
 (93,23,24),
 (94,24,25),
 (95,24,25),
 (96,24,25),
 (97,24,25),
 (98,24,25),
 (99,25,26),
 (100,25,26),
 (101,25,26),
 (102,25,26),
 (103,25,26),
 (104,25,26),
 (105,26,27),
 (106,26,27),
 (107,26,27),
 (108,26,27),
 (109,26,27),
 (110,26,27),
 (111,27,28),
 (112,27,28),
 (113,27,28),
 (114,27,28),
 (115,27,28),
 (116,27,28),
 (117,27,28),
 (118,28,29),
 (119,28,29),
 (120,28,29),
 (121,28,29),
 (122,28,29),
 (123,28,29),
 (124,28,29),
 (125,29,30),
 (126,29,30),
 (127,29,30),
 (128,29,30),
 (129,29,30),
 (130,29,30),
 (131,29,30),
 (132,29,30),
 (133,30,31),
 (134,31,32),
 (135,31,32),
 (136,32,33),
 (137,32,33),
 (138,32,33),
 (139,32,33),
 (140,32,33),
 (141,33,34),
 (142,33,34),
 (143,34,35),
 (144,34,35),
 (145,34,35),
 (146,34,35),
 (147,35,36),
 (148,35,36),
 (149,35,36),
 (150,36,37),
 (151,36,37),
 (152,37,38),
 (153,37,38),
 (154,37,38),
 (155,38,39),
 (156,38,39),
 (157,38,39),
 (158,38,39),
 (159,39,40),
 (160,40,41),
 (161,40,41),
 (162,40,41),
 (163,40,41),
 (164,40,41),
 (165,40,41),
 (166,40,41),
 (167,40,41);
/*!40000 ALTER TABLE `REPORTFIELDGROUP_REPORTDATASUBSOURCE` ENABLE KEYS */;


--
-- Definition of table `REPORTFIELD_REPORTFIELDGROUP`
--

DROP TABLE IF EXISTS `REPORTFIELD_REPORTFIELDGROUP`;
CREATE TABLE `REPORTFIELD_REPORTFIELDGROUP` (
  `fields_REPORTFIELD_ID` bigint(20) NOT NULL,
  `reportFieldGroup_REPORTFIELDGROUP_ID` bigint(20) NOT NULL,
  `REPORTFIELDGROUP_ID` int(11) NOT NULL,
  `REPORTFIELD_ID` int(11) NOT NULL,
  PRIMARY KEY (`fields_REPORTFIELD_ID`,`REPORTFIELDGROUP_ID`),
  KEY `FK42DA18F2767AD2B5` (`reportFieldGroup_REPORTFIELDGROUP_ID`),
  KEY `FK42DA18F2C3828A9F` (`fields_REPORTFIELD_ID`),
  CONSTRAINT `FK42DA18F2767AD2B5` FOREIGN KEY (`reportFieldGroup_REPORTFIELDGROUP_ID`) REFERENCES `REPORTFIELDGROUP` (`REPORTFIELDGROUP_ID`),
  CONSTRAINT `FK42DA18F2C3828A9F` FOREIGN KEY (`fields_REPORTFIELD_ID`) REFERENCES `REPORTFIELD` (`REPORTFIELD_ID`)
) ENGINE=InnoDB DEFAULT CHARSET=latin1;

--
-- Dumping data for table `REPORTFIELD_REPORTFIELDGROUP`
--

/*!40000 ALTER TABLE `REPORTFIELD_REPORTFIELDGROUP` DISABLE KEYS */;
INSERT INTO `REPORTFIELD_REPORTFIELDGROUP` (`fields_REPORTFIELD_ID`,`reportFieldGroup_REPORTFIELDGROUP_ID`,`REPORTFIELDGROUP_ID`,`REPORTFIELD_ID`) VALUES 
 (1,1,1,1),
 (2,1,1,2),
 (3,1,1,3),
 (4,1,1,4),
 (5,1,1,5),
 (6,1,1,6),
 (7,1,1,7),
 (8,2,2,8),
 (9,2,2,9),
 (10,2,2,10),
 (11,2,2,11),
 (12,2,2,12),
 (13,2,2,13),
 (14,2,2,14),
 (15,2,2,15),
 (16,2,2,16),
 (17,2,2,17),
 (18,3,3,18),
 (19,3,3,19),
 (20,3,3,20),
 (21,3,3,21),
 (22,3,3,22),
 (23,3,3,23),
 (24,3,3,24),
 (25,3,3,25),
 (26,3,3,26),
 (27,3,3,27),
 (28,3,3,28),
 (29,3,3,29),
 (30,3,3,30),
 (31,3,3,31),
 (32,3,3,32),
 (33,3,3,33),
 (34,3,3,34),
 (35,3,3,35),
 (36,3,3,36),
 (37,3,3,37),
 (38,3,3,38),
 (39,4,4,39),
 (40,4,4,40),
 (41,4,4,41),
 (42,4,4,42),
 (43,4,4,43),
 (44,4,4,44),
 (45,5,5,45),
 (46,5,5,46),
 (47,5,5,47),
 (48,5,5,48),
 (49,5,5,49),
 (50,5,5,50),
 (51,5,5,51),
 (52,5,5,52),
 (53,5,5,53),
 (54,5,5,54),
 (55,5,5,55),
 (56,5,5,56),
 (57,5,5,57),
 (58,5,5,58),
 (59,5,5,59),
 (60,5,5,60),
 (61,5,5,61),
 (62,6,6,62),
 (63,7,7,63),
 (64,7,7,64),
 (65,7,7,65),
 (66,7,7,66),
 (67,7,7,67),
 (68,7,7,68),
 (69,7,7,69),
 (70,7,7,70),
 (71,7,7,71),
 (72,7,7,72),
 (73,7,7,73),
 (74,7,7,74),
 (75,7,7,75),
 (76,7,7,76),
 (77,7,7,77),
 (78,7,7,78),
 (79,7,7,79),
 (80,7,7,80),
 (81,7,7,81),
 (82,7,7,82),
 (83,7,7,83),
 (84,8,8,84),
 (85,8,8,85),
 (86,8,8,86),
 (87,8,8,87),
 (88,8,8,88),
 (89,8,8,89),
 (90,9,9,90),
 (91,9,9,91),
 (92,9,9,92),
 (93,9,9,93),
 (94,9,9,94),
 (95,9,9,95),
 (96,9,9,96),
 (97,9,9,97),
 (98,9,9,98),
 (99,9,9,99),
 (100,9,9,100),
 (101,9,9,101),
 (102,9,9,102),
 (103,9,9,103),
 (104,9,9,104),
 (105,9,9,105),
 (106,9,9,106),
 (107,10,10,107),
 (108,11,11,108),
 (109,11,11,109),
 (110,11,11,110),
 (111,11,11,111),
 (112,11,11,112),
 (113,11,11,113),
 (114,11,11,114),
 (115,11,11,115),
 (116,11,11,116),
 (117,11,11,117),
 (118,11,11,118),
 (119,11,11,119),
 (120,11,11,120),
 (121,11,11,121),
 (122,11,11,122),
 (123,11,11,123),
 (124,11,11,124),
 (125,11,11,125),
 (126,11,11,126),
 (127,11,11,127),
 (128,11,11,128),
 (129,11,11,129),
 (130,12,12,130),
 (131,12,12,131),
 (132,12,12,132),
 (133,12,12,133),
 (134,12,12,134),
 (135,12,12,135),
 (136,12,12,136),
 (137,12,12,137),
 (138,12,12,138),
 (139,12,12,139),
 (140,12,12,140),
 (141,12,12,141),
 (142,12,12,142),
 (143,12,12,143),
 (144,12,12,144),
 (145,12,12,145),
 (146,12,12,146),
 (147,12,12,147),
 (148,12,12,148),
 (149,12,12,149),
 (150,12,12,150),
 (151,13,13,151),
 (152,13,13,152),
 (153,13,13,153),
 (154,13,13,154),
 (155,13,13,155),
 (156,13,13,156),
 (157,14,14,157),
 (158,14,14,158),
 (159,14,14,159),
 (160,14,14,160),
 (161,14,14,161),
 (162,14,14,162),
 (163,14,14,163),
 (164,14,14,164),
 (165,14,14,165),
 (166,14,14,166),
 (167,14,14,167),
 (168,14,14,168),
 (169,14,14,169),
 (170,14,14,170),
 (171,14,14,171),
 (172,14,14,172),
 (173,14,14,173),
 (174,15,15,174),
 (175,16,16,175),
 (176,16,16,176),
 (177,16,16,177),
 (178,16,16,178),
 (179,16,16,179),
 (180,16,16,180),
 (181,16,16,181),
 (182,16,16,182),
 (183,16,16,183),
 (184,16,16,184),
 (185,16,16,185),
 (186,16,16,186),
 (187,16,16,187),
 (188,16,16,188),
 (189,16,16,189),
 (190,16,16,190),
 (191,16,16,191),
 (192,17,17,192),
 (193,17,17,193),
 (194,17,17,194),
 (195,17,17,195),
 (196,17,17,196),
 (197,17,17,197),
 (198,17,17,198),
 (199,17,17,199),
 (200,17,17,200),
 (201,17,17,201),
 (202,17,17,202),
 (203,17,17,203),
 (204,17,17,204),
 (205,17,17,205),
 (206,17,17,206),
 (207,17,17,207),
 (208,17,17,208),
 (209,17,17,209),
 (210,17,17,210),
 (211,17,17,211),
 (212,17,17,212),
 (213,18,18,213),
 (214,18,18,214),
 (215,18,18,215),
 (216,18,18,216),
 (217,18,18,217),
 (218,18,18,218),
 (219,19,19,219),
 (220,19,19,220),
 (221,19,19,221),
 (222,19,19,222),
 (223,19,19,223),
 (224,19,19,224),
 (225,19,19,225),
 (226,19,19,226),
 (227,19,19,227),
 (228,19,19,228),
 (229,19,19,229),
 (230,19,19,230),
 (231,19,19,231),
 (232,19,19,232),
 (233,19,19,233),
 (234,19,19,234),
 (235,19,19,235),
 (236,20,20,236),
 (237,21,21,237),
 (238,21,21,238),
 (239,21,21,239),
 (240,21,21,240),
 (241,21,21,241),
 (242,21,21,242),
 (243,21,21,243),
 (244,21,21,244),
 (245,21,21,245),
 (246,21,21,246),
 (247,21,21,247),
 (248,21,21,248),
 (249,21,21,249),
 (250,21,21,250),
 (251,21,21,251),
 (252,21,21,252),
 (253,21,21,253),
 (254,21,21,254),
 (255,22,22,255),
 (256,22,22,256),
 (257,22,22,257),
 (258,22,22,258),
 (259,22,22,259),
 (260,22,22,260),
 (261,22,22,261),
 (262,22,22,262),
 (263,22,22,263),
 (264,22,22,264),
 (265,22,22,265),
 (266,22,22,266),
 (267,22,22,267),
 (268,22,22,268),
 (269,22,22,269),
 (270,22,22,270),
 (271,22,22,271),
 (272,22,22,272),
 (273,22,22,273),
 (274,22,22,274),
 (275,22,22,275),
 (276,23,23,276),
 (277,23,23,277),
 (278,23,23,278),
 (279,23,23,279),
 (280,23,23,280),
 (281,23,23,281),
 (282,24,24,282),
 (283,24,24,283),
 (284,24,24,284),
 (285,24,24,285),
 (286,24,24,286),
 (287,24,24,287),
 (288,24,24,288),
 (289,24,24,289),
 (290,24,24,290),
 (291,24,24,291),
 (292,24,24,292),
 (293,24,24,293),
 (294,24,24,294),
 (295,24,24,295),
 (296,24,24,296),
 (297,24,24,297),
 (298,24,24,298),
 (299,25,25,299),
 (300,25,25,300),
 (301,25,25,301),
 (302,25,25,302),
 (303,25,25,303),
 (304,25,25,304),
 (305,25,25,305),
 (306,25,25,306),
 (307,25,25,307),
 (308,25,25,308),
 (309,25,25,309),
 (310,25,25,310),
 (311,25,25,311),
 (312,25,25,312),
 (313,25,25,313),
 (314,25,25,314),
 (315,25,25,315),
 (316,25,25,316),
 (317,25,25,317),
 (318,25,25,318),
 (319,25,25,319),
 (320,25,25,320),
 (321,26,26,321),
 (322,26,26,322),
 (323,26,26,323),
 (324,26,26,324),
 (325,26,26,325),
 (326,26,26,326),
 (327,26,26,327),
 (328,26,26,328),
 (329,26,26,329),
 (330,26,26,330),
 (331,26,26,331),
 (332,26,26,332),
 (333,26,26,333),
 (334,26,26,334),
 (335,26,26,335),
 (336,26,26,336),
 (337,26,26,337),
 (338,27,27,338),
 (339,27,27,339),
 (340,27,27,340),
 (341,27,27,341),
 (342,27,27,342),
 (343,27,27,343),
 (344,27,27,344),
 (345,27,27,345),
 (346,27,27,346),
 (347,27,27,347),
 (348,27,27,348),
 (349,27,27,349),
 (350,27,27,350),
 (351,27,27,351),
 (352,27,27,352),
 (353,27,27,353),
 (354,27,27,354),
 (355,27,27,355),
 (356,28,28,356),
 (357,28,28,357),
 (358,28,28,358),
 (359,28,28,359),
 (360,28,28,360),
 (361,28,28,361),
 (362,28,28,362),
 (363,28,28,363),
 (364,28,28,364),
 (365,28,28,365),
 (366,28,28,366),
 (367,28,28,367),
 (368,28,28,368),
 (369,28,28,369),
 (370,28,28,370),
 (371,28,28,371),
 (372,28,28,372),
 (373,28,28,373),
 (374,28,28,374),
 (375,28,28,375),
 (376,28,28,376),
 (377,29,29,377),
 (378,29,29,378),
 (379,29,29,379),
 (380,29,29,380),
 (381,29,29,381),
 (382,29,29,382),
 (383,30,30,383),
 (384,30,30,384),
 (385,30,30,385),
 (386,30,30,386),
 (387,30,30,387),
 (388,30,30,388),
 (389,30,30,389),
 (390,30,30,390),
 (391,30,30,391),
 (392,30,30,392),
 (393,30,30,393),
 (394,30,30,394),
 (395,30,30,395),
 (396,30,30,396),
 (397,30,30,397),
 (398,30,30,398),
 (399,30,30,399),
 (400,31,31,400),
 (401,31,31,401),
 (402,31,31,402),
 (403,31,31,403),
 (404,31,31,404),
 (405,31,31,405),
 (406,31,31,406),
 (407,31,31,407),
 (408,31,31,408),
 (409,31,31,409),
 (410,31,31,410),
 (411,31,31,411),
 (412,31,31,412),
 (413,31,31,413),
 (414,31,31,414),
 (415,31,31,415),
 (416,31,31,416),
 (417,31,31,417),
 (418,31,31,418),
 (419,31,31,419),
 (420,31,31,420),
 (421,31,31,421),
 (422,32,32,422),
 (423,32,32,423),
 (424,32,32,424),
 (425,32,32,425),
 (426,32,32,426),
 (427,32,32,427),
 (428,32,32,428),
 (429,32,32,429),
 (430,32,32,430),
 (431,32,32,431),
 (432,32,32,432),
 (433,32,32,433),
 (434,32,32,434),
 (435,32,32,435),
 (436,32,32,436),
 (437,32,32,437),
 (438,32,32,438),
 (439,33,33,439),
 (440,33,33,440),
 (441,33,33,441),
 (442,33,33,442),
 (443,33,33,443),
 (444,33,33,444),
 (445,33,33,445),
 (446,33,33,446),
 (447,33,33,447),
 (448,33,33,448),
 (449,33,33,449),
 (450,33,33,450),
 (451,33,33,451),
 (452,33,33,452),
 (453,33,33,453),
 (454,33,33,454),
 (455,33,33,455),
 (456,33,33,456),
 (457,34,34,457),
 (458,34,34,458),
 (459,34,34,459),
 (460,34,34,460),
 (461,34,34,461),
 (462,34,34,462),
 (463,34,34,463),
 (464,34,34,464),
 (465,34,34,465),
 (466,34,34,466),
 (467,34,34,467),
 (468,34,34,468),
 (469,34,34,469),
 (470,34,34,470),
 (471,34,34,471),
 (472,34,34,472),
 (473,34,34,473),
 (474,34,34,474),
 (475,34,34,475),
 (476,34,34,476),
 (477,34,34,477),
 (478,35,35,478),
 (479,35,35,479),
 (480,35,35,480),
 (481,35,35,481),
 (482,35,35,482),
 (483,35,35,483),
 (484,36,36,484),
 (485,36,36,485),
 (486,36,36,486),
 (487,36,36,487),
 (488,36,36,488),
 (489,36,36,489),
 (490,36,36,490),
 (491,36,36,491),
 (492,36,36,492),
 (493,36,36,493),
 (494,36,36,494),
 (495,36,36,495),
 (496,36,36,496),
 (497,36,36,497),
 (498,36,36,498),
 (499,36,36,499),
 (500,36,36,500),
 (501,37,37,501),
 (502,38,38,502),
 (503,38,38,503),
 (504,38,38,504),
 (505,38,38,505),
 (506,38,38,506),
 (507,38,38,507),
 (508,38,38,508),
 (509,38,38,509),
 (510,38,38,510),
 (511,38,38,511),
 (512,38,38,512),
 (513,38,38,513),
 (514,38,38,514),
 (515,38,38,515),
 (516,38,38,516),
 (517,38,38,517),
 (518,38,38,518),
 (519,38,38,519),
 (520,38,38,520),
 (521,38,38,521),
 (522,38,38,522),
 (523,38,38,523),
 (524,38,38,524),
 (525,38,38,525),
 (526,38,38,526),
 (527,38,38,527),
 (528,38,38,528),
 (529,38,38,529),
 (530,38,38,530),
 (531,38,38,531),
 (532,38,38,532),
 (533,38,38,533),
 (534,38,38,534),
 (535,38,38,535),
 (536,38,38,536),
 (537,38,38,537),
 (538,38,38,538),
 (539,38,38,539),
 (540,38,38,540),
 (541,38,38,541),
 (542,38,38,542),
 (543,38,38,543),
 (544,38,38,544),
 (545,38,38,545),
 (546,38,38,546),
 (547,38,38,547),
 (548,38,38,548),
 (549,38,38,549),
 (550,38,38,550),
 (551,38,38,551),
 (552,38,38,552),
 (553,38,38,553),
 (554,39,39,554),
 (555,39,39,555),
 (556,39,39,556),
 (557,39,39,557),
 (558,39,39,558),
 (559,39,39,559),
 (560,39,39,560),
 (561,39,39,561),
 (562,39,39,562),
 (563,40,40,563),
 (564,40,40,564),
 (565,40,40,565),
 (566,40,40,566),
 (567,40,40,567),
 (568,40,40,568),
 (569,40,40,569),
 (570,40,40,570),
 (571,40,40,571),
 (572,40,40,572),
 (573,40,40,573),
 (574,40,40,574),
 (575,40,40,575),
 (576,40,40,576),
 (577,40,40,577),
 (578,40,40,578),
 (579,40,40,579),
 (580,40,40,580),
 (581,40,40,581),
 (582,40,40,582),
 (583,40,40,583),
 (584,40,40,584),
 (585,40,40,585),
 (586,40,40,586),
 (587,40,40,587),
 (588,40,40,588),
 (589,41,41,589),
 (590,41,41,590),
 (591,41,41,591),
 (592,42,42,592),
 (593,42,42,593),
 (594,42,42,594),
 (595,42,42,595),
 (596,42,42,596),
 (597,42,42,597),
 (598,42,42,598),
 (599,42,42,599),
 (600,42,42,600),
 (601,43,43,601),
 (602,43,43,602),
 (603,43,43,603),
 (604,43,43,604),
 (605,43,43,605),
 (606,43,43,606),
 (607,43,43,607),
 (608,43,43,608),
 (609,43,43,609),
 (610,43,43,610),
 (611,43,43,611),
 (612,43,43,612),
 (613,43,43,613),
 (614,43,43,614),
 (615,43,43,615),
 (616,43,43,616),
 (617,43,43,617),
 (618,43,43,618),
 (619,43,43,619),
 (620,43,43,620),
 (621,43,43,621),
 (622,43,43,622),
 (623,43,43,623),
 (624,43,43,624),
 (625,43,43,625),
 (626,43,43,626),
 (627,44,44,627),
 (628,44,44,628),
 (629,44,44,629),
 (630,45,45,630),
 (631,45,45,631),
 (632,45,45,632),
 (633,45,45,633),
 (634,45,45,634),
 (635,45,45,635),
 (636,45,45,636),
 (637,45,45,637),
 (638,45,45,638),
 (639,45,45,639),
 (640,45,45,640),
 (641,45,45,641),
 (642,45,45,642),
 (643,45,45,643),
 (644,45,45,644),
 (645,45,45,645),
 (646,46,46,646),
 (647,46,46,647),
 (648,46,46,648),
 (649,46,46,649),
 (650,46,46,650),
 (651,46,46,651),
 (652,46,46,652),
 (653,46,46,653),
 (654,46,46,654),
 (655,46,46,655),
 (656,46,46,656),
 (657,47,47,657),
 (658,47,47,658),
 (659,48,48,659),
 (660,48,48,660),
 (661,48,48,661),
 (662,48,48,662),
 (663,48,48,663),
 (664,48,48,664),
 (665,48,48,665),
 (666,48,48,666),
 (667,48,48,667),
 (668,48,48,668),
 (669,48,48,669),
 (670,49,49,670),
 (671,49,49,671),
 (672,50,50,672),
 (673,50,50,673),
 (674,50,50,674),
 (675,50,50,675),
 (676,50,50,676),
 (677,50,50,677),
 (678,50,50,678),
 (679,50,50,679),
 (680,50,50,680),
 (681,50,50,681),
 (682,50,50,682),
 (683,50,50,683),
 (684,50,50,684),
 (685,50,50,685),
 (686,50,50,686),
 (687,50,50,687),
 (688,51,51,688),
 (689,51,51,689),
 (690,51,51,690),
 (691,51,51,691),
 (692,51,51,692),
 (693,51,51,693),
 (694,51,51,694),
 (695,51,51,695),
 (696,51,51,696),
 (697,51,51,697),
 (698,52,52,698),
 (699,52,52,699),
 (700,52,52,700),
 (701,52,52,701),
 (702,52,52,702),
 (703,52,52,703),
 (704,52,52,704),
 (705,52,52,705),
 (706,52,52,706),
 (707,52,52,707),
 (708,52,52,708),
 (709,52,52,709),
 (710,52,52,710),
 (711,53,53,711),
 (712,53,53,712),
 (713,53,53,713),
 (714,53,53,714),
 (715,53,53,715),
 (716,53,53,716),
 (717,53,53,717),
 (718,53,53,718),
 (719,53,53,719),
 (720,53,53,720),
 (721,53,53,721),
 (722,53,53,722),
 (723,53,53,723),
 (724,53,53,724),
 (725,54,54,725),
 (726,54,54,726),
 (727,54,54,727),
 (728,54,54,728),
 (729,54,54,729),
 (730,54,54,730),
 (731,54,54,731),
 (732,54,54,732),
 (733,54,54,733),
 (734,54,54,734),
 (735,54,54,735),
 (736,54,54,736),
 (737,54,54,737),
 (738,54,54,738),
 (739,54,54,739),
 (740,54,54,740),
 (741,55,55,741),
 (742,55,55,742),
 (743,55,55,743),
 (744,56,56,744),
 (745,56,56,745),
 (746,56,56,746),
 (747,56,56,747),
 (748,56,56,748),
 (749,56,56,749),
 (750,56,56,750),
 (751,56,56,751),
 (752,56,56,752),
 (753,56,56,753),
 (754,56,56,754),
 (755,56,56,755),
 (756,56,56,756),
 (757,56,56,757),
 (758,56,56,758),
 (759,57,57,759),
 (760,57,57,760),
 (761,57,57,761),
 (762,58,58,762),
 (763,58,58,763),
 (764,58,58,764),
 (765,58,58,765),
 (766,58,58,766),
 (767,58,58,767),
 (768,58,58,768),
 (769,58,58,769),
 (770,58,58,770),
 (771,58,58,771),
 (772,58,58,772),
 (773,58,58,773),
 (774,58,58,774),
 (775,58,58,775),
 (776,59,59,776),
 (777,59,59,777),
 (778,59,59,778),
 (779,59,59,779),
 (780,59,59,780),
 (781,59,59,781),
 (782,59,59,782),
 (783,59,59,783),
 (784,59,59,784),
 (785,59,59,785),
 (786,59,59,786),
 (787,59,59,787),
 (788,59,59,788),
 (789,59,59,789),
 (790,59,59,790),
 (791,60,60,791),
 (792,60,60,792),
 (793,60,60,793),
 (794,60,60,794),
 (795,60,60,795),
 (796,60,60,796),
 (797,60,60,797),
 (798,60,60,798),
 (799,60,60,799),
 (800,60,60,800),
 (801,60,60,801),
 (802,60,60,802),
 (803,60,60,803),
 (804,60,60,804),
 (805,60,60,805),
 (806,60,60,806),
 (807,60,60,807),
 (808,60,60,808),
 (809,60,60,809),
 (810,60,60,810),
 (811,60,60,811),
 (812,60,60,812),
 (813,60,60,813),
 (814,60,60,814),
 (815,60,60,815),
 (816,61,61,816),
 (817,61,61,817),
 (818,61,61,818),
 (819,62,62,819),
 (820,62,62,820),
 (821,62,62,821),
 (822,62,62,822),
 (823,62,62,823),
 (824,62,62,824),
 (825,62,62,825),
 (826,62,62,826),
 (827,62,62,827),
 (828,62,62,828),
 (829,62,62,829),
 (830,62,62,830),
 (831,62,62,831),
 (832,62,62,832),
 (833,62,62,833),
 (834,63,63,834),
 (835,63,63,835),
 (836,63,63,836),
 (837,63,63,837),
 (838,63,63,838),
 (839,63,63,839),
 (840,63,63,840),
 (841,63,63,841),
 (842,63,63,842),
 (843,63,63,843),
 (844,63,63,844),
 (845,63,63,845),
 (846,63,63,846),
 (847,63,63,847),
 (848,63,63,848),
 (849,63,63,849),
 (850,63,63,850),
 (851,63,63,851),
 (852,63,63,852),
 (853,63,63,853),
 (854,63,63,854),
 (855,63,63,855),
 (856,63,63,856),
 (857,63,63,857),
 (858,63,63,858),
 (859,64,64,859),
 (860,64,64,860),
 (861,64,64,861),
 (862,65,65,862),
 (863,65,65,863),
 (864,65,65,864),
 (865,65,65,865),
 (866,65,65,866),
 (867,65,65,867),
 (868,65,65,868),
 (869,65,65,869),
 (870,65,65,870),
 (871,65,65,871),
 (872,65,65,872),
 (873,65,65,873),
 (874,65,65,874),
 (875,65,65,875),
 (876,65,65,876),
 (877,65,65,877),
 (878,66,66,878),
 (879,66,66,879),
 (880,66,66,880),
 (881,66,66,881),
 (882,66,66,882),
 (883,66,66,883),
 (884,66,66,884),
 (885,66,66,885),
 (886,66,66,886),
 (887,66,66,887),
 (888,66,66,888),
 (889,66,66,889),
 (890,66,66,890),
 (891,66,66,891),
 (892,66,66,892),
 (893,66,66,893),
 (894,66,66,894),
 (895,66,66,895),
 (896,66,66,896),
 (897,66,66,897),
 (898,66,66,898),
 (899,67,67,899),
 (900,67,67,900),
 (901,67,67,901),
 (902,67,67,902),
 (903,67,67,903),
 (904,67,67,904),
 (905,68,68,905),
 (906,68,68,906),
 (907,68,68,907),
 (908,68,68,908),
 (909,68,68,909),
 (910,68,68,910),
 (911,68,68,911),
 (912,68,68,912),
 (913,68,68,913),
 (914,68,68,914),
 (915,68,68,915),
 (916,68,68,916),
 (917,68,68,917),
 (918,68,68,918),
 (919,68,68,919),
 (920,68,68,920),
 (921,68,68,921),
 (922,69,69,922),
 (923,70,70,923),
 (924,70,70,924),
 (925,70,70,925),
 (926,70,70,926),
 (927,70,70,927),
 (928,70,70,928),
 (929,70,70,929),
 (930,71,71,930),
 (931,71,71,931),
 (932,71,71,932),
 (933,71,71,933),
 (934,71,71,934),
 (935,71,71,935),
 (936,71,71,936),
 (937,71,71,937),
 (938,71,71,938),
 (939,71,71,939),
 (940,71,71,940),
 (941,71,71,941),
 (942,71,71,942),
 (943,71,71,943),
 (944,71,71,944),
 (945,71,71,945),
 (946,71,71,946),
 (947,71,71,947),
 (948,71,71,948),
 (949,71,71,949),
 (950,71,71,950),
 (951,71,71,951),
 (952,71,71,952),
 (953,71,71,953),
 (954,71,71,954),
 (955,71,71,955),
 (956,72,72,956),
 (957,72,72,957),
 (958,72,72,958),
 (959,73,73,959),
 (960,73,73,960),
 (961,73,73,961),
 (962,73,73,962),
 (963,73,73,963),
 (964,73,73,964),
 (965,73,73,965),
 (966,73,73,966),
 (967,73,73,967),
 (968,73,73,968),
 (969,73,73,969),
 (970,73,73,970),
 (971,73,73,971),
 (972,73,73,972),
 (973,73,73,973),
 (974,73,73,974),
 (975,73,73,975),
 (976,73,73,976),
 (977,73,73,977),
 (978,73,73,978),
 (979,73,73,979),
 (980,74,74,980),
 (981,74,74,981),
 (982,74,74,982),
 (983,74,74,983),
 (984,74,74,984),
 (985,74,74,985),
 (986,75,75,986),
 (987,75,75,987),
 (988,75,75,988),
 (989,75,75,989),
 (990,75,75,990),
 (991,75,75,991),
 (992,75,75,992),
 (993,75,75,993),
 (994,75,75,994),
 (995,75,75,995),
 (996,75,75,996),
 (997,75,75,997),
 (998,75,75,998),
 (999,75,75,999),
 (1000,75,75,1000),
 (1001,75,75,1001),
 (1002,75,75,1002),
 (1003,76,76,1003),
 (1004,77,77,1004),
 (1005,77,77,1005),
 (1006,77,77,1006),
 (1007,77,77,1007),
 (1008,77,77,1008),
 (1009,77,77,1009),
 (1010,77,77,1010),
 (1011,78,78,1011),
 (1012,78,78,1012),
 (1013,78,78,1013),
 (1014,78,78,1014),
 (1015,78,78,1015),
 (1016,78,78,1016),
 (1017,78,78,1017),
 (1018,78,78,1018),
 (1019,78,78,1019),
 (1020,78,78,1020),
 (1021,78,78,1021),
 (1022,78,78,1022),
 (1023,78,78,1023),
 (1024,78,78,1024),
 (1025,78,78,1025),
 (1026,78,78,1026),
 (1027,78,78,1027),
 (1028,78,78,1028),
 (1029,78,78,1029),
 (1030,78,78,1030),
 (1031,78,78,1031),
 (1032,78,78,1032),
 (1033,78,78,1033),
 (1034,78,78,1034),
 (1035,78,78,1035),
 (1036,78,78,1036),
 (1037,79,79,1037),
 (1038,79,79,1038),
 (1039,79,79,1039),
 (1040,80,80,1040),
 (1041,80,80,1041),
 (1042,80,80,1042),
 (1043,80,80,1043),
 (1044,80,80,1044),
 (1045,80,80,1045),
 (1046,80,80,1046),
 (1047,80,80,1047),
 (1048,80,80,1048),
 (1049,80,80,1049),
 (1050,80,80,1050),
 (1051,80,80,1051),
 (1052,80,80,1052),
 (1053,80,80,1053),
 (1054,80,80,1054),
 (1055,80,80,1055),
 (1056,81,81,1056),
 (1057,81,81,1057),
 (1058,81,81,1058),
 (1059,81,81,1059),
 (1060,81,81,1060),
 (1061,81,81,1061),
 (1062,81,81,1062),
 (1063,81,81,1063),
 (1064,81,81,1064),
 (1065,81,81,1065),
 (1066,81,81,1066),
 (1067,81,81,1067),
 (1068,81,81,1068),
 (1069,81,81,1069),
 (1070,81,81,1070),
 (1071,81,81,1071),
 (1072,81,81,1072),
 (1073,81,81,1073),
 (1074,81,81,1074),
 (1075,81,81,1075),
 (1076,81,81,1076),
 (1077,82,82,1077),
 (1078,82,82,1078),
 (1079,82,82,1079),
 (1080,82,82,1080),
 (1081,82,82,1081),
 (1082,82,82,1082),
 (1083,83,83,1083),
 (1084,83,83,1084),
 (1085,83,83,1085),
 (1086,83,83,1086),
 (1087,83,83,1087),
 (1088,83,83,1088),
 (1089,83,83,1089),
 (1090,83,83,1090),
 (1091,83,83,1091),
 (1092,83,83,1092),
 (1093,83,83,1093),
 (1094,83,83,1094),
 (1095,83,83,1095),
 (1096,83,83,1096),
 (1097,83,83,1097),
 (1098,83,83,1098),
 (1099,83,83,1099),
 (1100,84,84,1100),
 (1101,85,85,1101),
 (1102,85,85,1102),
 (1103,85,85,1103),
 (1104,85,85,1104),
 (1105,85,85,1105),
 (1106,85,85,1106),
 (1107,85,85,1107),
 (1108,85,85,1108),
 (1109,85,85,1109),
 (1110,85,85,1110),
 (1111,85,85,1111),
 (1112,86,86,1112),
 (1113,86,86,1113),
 (1114,87,87,1114),
 (1115,87,87,1115),
 (1116,87,87,1116),
 (1117,87,87,1117),
 (1118,87,87,1118),
 (1119,87,87,1119),
 (1120,87,87,1120),
 (1121,87,87,1121),
 (1122,87,87,1122),
 (1123,87,87,1123),
 (1124,87,87,1124),
 (1125,87,87,1125),
 (1126,87,87,1126),
 (1127,87,87,1127),
 (1128,87,87,1128),
 (1129,87,87,1129),
 (1130,87,87,1130),
 (1131,87,87,1131),
 (1132,87,87,1132),
 (1133,87,87,1133),
 (1134,87,87,1134),
 (1135,88,88,1135),
 (1136,88,88,1136),
 (1137,88,88,1137),
 (1138,88,88,1138),
 (1139,88,88,1139),
 (1140,88,88,1140),
 (1141,89,89,1141),
 (1142,89,89,1142),
 (1143,89,89,1143),
 (1144,89,89,1144),
 (1145,89,89,1145),
 (1146,89,89,1146),
 (1147,89,89,1147),
 (1148,89,89,1148),
 (1149,89,89,1149),
 (1150,89,89,1150),
 (1151,89,89,1151),
 (1152,89,89,1152),
 (1153,89,89,1153),
 (1154,89,89,1154),
 (1155,89,89,1155),
 (1156,89,89,1156),
 (1157,89,89,1157),
 (1158,90,90,1158),
 (1159,91,91,1159),
 (1160,91,91,1160),
 (1161,91,91,1161),
 (1162,91,91,1162),
 (1163,91,91,1163),
 (1164,91,91,1164),
 (1165,91,91,1165),
 (1166,91,91,1166),
 (1167,91,91,1167),
 (1168,91,91,1168),
 (1169,91,91,1169),
 (1170,92,92,1170),
 (1171,92,92,1171),
 (1172,93,93,1172),
 (1173,93,93,1173),
 (1174,93,93,1174),
 (1175,93,93,1175),
 (1176,93,93,1176),
 (1177,93,93,1177),
 (1178,93,93,1178),
 (1179,93,93,1179),
 (1180,93,93,1180),
 (1181,93,93,1181),
 (1182,93,93,1182),
 (1183,93,93,1183),
 (1184,93,93,1184),
 (1185,93,93,1185),
 (1186,93,93,1186),
 (1187,93,93,1187),
 (1188,94,94,1188),
 (1189,94,94,1189),
 (1190,94,94,1190),
 (1191,94,94,1191),
 (1192,94,94,1192),
 (1193,94,94,1193),
 (1194,94,94,1194),
 (1195,94,94,1195),
 (1196,94,94,1196),
 (1197,94,94,1197),
 (1198,94,94,1198),
 (1199,94,94,1199),
 (1200,94,94,1200),
 (1201,94,94,1201),
 (1202,94,94,1202),
 (1203,94,94,1203),
 (1204,94,94,1204),
 (1205,94,94,1205),
 (1206,94,94,1206),
 (1207,94,94,1207),
 (1208,94,94,1208),
 (1209,95,95,1209),
 (1210,95,95,1210),
 (1211,95,95,1211),
 (1212,95,95,1212),
 (1213,95,95,1213),
 (1214,95,95,1214),
 (1215,96,96,1215),
 (1216,96,96,1216),
 (1217,96,96,1217),
 (1218,96,96,1218),
 (1219,96,96,1219),
 (1220,96,96,1220),
 (1221,96,96,1221),
 (1222,96,96,1222),
 (1223,96,96,1223),
 (1224,96,96,1224),
 (1225,96,96,1225),
 (1226,96,96,1226),
 (1227,96,96,1227),
 (1228,96,96,1228),
 (1229,96,96,1229),
 (1230,96,96,1230),
 (1231,96,96,1231),
 (1232,97,97,1232),
 (1233,98,98,1233),
 (1234,98,98,1234),
 (1235,98,98,1235),
 (1236,98,98,1236),
 (1237,98,98,1237),
 (1238,98,98,1238),
 (1239,98,98,1239),
 (1240,98,98,1240),
 (1241,99,99,1241),
 (1242,99,99,1242),
 (1243,99,99,1243),
 (1244,99,99,1244),
 (1245,99,99,1245),
 (1246,99,99,1246),
 (1247,99,99,1247),
 (1248,99,99,1248),
 (1249,99,99,1249),
 (1250,99,99,1250),
 (1251,99,99,1251),
 (1252,99,99,1252),
 (1253,99,99,1253),
 (1254,99,99,1254),
 (1255,99,99,1255),
 (1256,99,99,1256),
 (1257,99,99,1257),
 (1258,99,99,1258),
 (1259,99,99,1259),
 (1260,99,99,1260),
 (1261,99,99,1261),
 (1262,100,100,1262),
 (1263,100,100,1263),
 (1264,100,100,1264),
 (1265,100,100,1265),
 (1266,100,100,1266),
 (1267,100,100,1267),
 (1268,101,101,1268),
 (1269,101,101,1269),
 (1270,101,101,1270),
 (1271,101,101,1271),
 (1272,101,101,1272),
 (1273,101,101,1273),
 (1274,101,101,1274),
 (1275,101,101,1275),
 (1276,101,101,1276),
 (1277,101,101,1277),
 (1278,101,101,1278),
 (1279,101,101,1279),
 (1280,101,101,1280),
 (1281,101,101,1281),
 (1282,101,101,1282),
 (1283,101,101,1283),
 (1284,101,101,1284),
 (1285,102,102,1285),
 (1286,103,103,1286),
 (1287,103,103,1287),
 (1288,103,103,1288),
 (1289,103,103,1289),
 (1290,103,103,1290),
 (1291,103,103,1291),
 (1292,103,103,1292),
 (1293,103,103,1293),
 (1294,103,103,1294),
 (1295,103,103,1295),
 (1296,103,103,1296),
 (1297,104,104,1297),
 (1298,104,104,1298),
 (1299,104,104,1299),
 (1300,104,104,1300),
 (1301,104,104,1301),
 (1302,104,104,1302),
 (1303,104,104,1303),
 (1304,104,104,1304),
 (1305,104,104,1305),
 (1306,104,104,1306),
 (1307,104,104,1307),
 (1308,105,105,1308),
 (1309,105,105,1309),
 (1310,105,105,1310),
 (1311,105,105,1311),
 (1312,105,105,1312),
 (1313,105,105,1313),
 (1314,105,105,1314),
 (1315,105,105,1315),
 (1316,105,105,1316),
 (1317,105,105,1317),
 (1318,105,105,1318),
 (1319,105,105,1319),
 (1320,105,105,1320),
 (1321,105,105,1321),
 (1322,105,105,1322),
 (1323,105,105,1323),
 (1324,105,105,1324),
 (1325,105,105,1325),
 (1326,105,105,1326),
 (1327,105,105,1327),
 (1328,105,105,1328),
 (1329,106,106,1329),
 (1330,106,106,1330),
 (1331,106,106,1331),
 (1332,106,106,1332),
 (1333,106,106,1333),
 (1334,106,106,1334),
 (1335,107,107,1335),
 (1336,107,107,1336),
 (1337,107,107,1337),
 (1338,107,107,1338),
 (1339,107,107,1339),
 (1340,107,107,1340),
 (1341,107,107,1341),
 (1342,107,107,1342),
 (1343,107,107,1343),
 (1344,107,107,1344),
 (1345,107,107,1345),
 (1346,107,107,1346),
 (1347,107,107,1347),
 (1348,107,107,1348),
 (1349,107,107,1349),
 (1350,107,107,1350),
 (1351,107,107,1351),
 (1352,108,108,1352),
 (1353,109,109,1353),
 (1354,109,109,1354),
 (1355,109,109,1355),
 (1356,109,109,1356),
 (1357,109,109,1357),
 (1358,109,109,1358),
 (1359,109,109,1359),
 (1360,109,109,1360),
 (1361,109,109,1361),
 (1362,109,109,1362),
 (1363,109,109,1363),
 (1364,109,109,1364),
 (1365,109,109,1365),
 (1366,109,109,1366),
 (1367,110,110,1367),
 (1368,110,110,1368),
 (1369,110,110,1369),
 (1370,111,111,1370),
 (1371,111,111,1371),
 (1372,111,111,1372),
 (1373,111,111,1373),
 (1374,111,111,1374),
 (1375,111,111,1375),
 (1376,111,111,1376),
 (1377,111,111,1377),
 (1378,111,111,1378),
 (1379,111,111,1379),
 (1380,111,111,1380),
 (1381,111,111,1381),
 (1382,111,111,1382),
 (1383,111,111,1383),
 (1384,111,111,1384),
 (1385,111,111,1385),
 (1386,111,111,1386),
 (1387,111,111,1387),
 (1388,111,111,1388),
 (1389,111,111,1389),
 (1390,111,111,1390),
 (1391,112,112,1391),
 (1392,112,112,1392),
 (1393,112,112,1393),
 (1394,112,112,1394),
 (1395,112,112,1395),
 (1396,112,112,1396),
 (1397,113,113,1397),
 (1398,113,113,1398),
 (1399,113,113,1399),
 (1400,113,113,1400),
 (1401,113,113,1401),
 (1402,113,113,1402),
 (1403,113,113,1403),
 (1404,113,113,1404),
 (1405,113,113,1405),
 (1406,113,113,1406),
 (1407,113,113,1407),
 (1408,113,113,1408),
 (1409,113,113,1409),
 (1410,113,113,1410),
 (1411,113,113,1411),
 (1412,113,113,1412),
 (1413,113,113,1413),
 (1414,114,114,1414),
 (1415,115,115,1415),
 (1416,115,115,1416),
 (1417,115,115,1417),
 (1418,115,115,1418),
 (1419,115,115,1419),
 (1420,115,115,1420),
 (1421,115,115,1421),
 (1422,115,115,1422),
 (1423,115,115,1423),
 (1424,115,115,1424),
 (1425,115,115,1425),
 (1426,115,115,1426),
 (1427,115,115,1427),
 (1428,115,115,1428),
 (1429,116,116,1429),
 (1430,116,116,1430),
 (1431,116,116,1431),
 (1432,117,117,1432),
 (1433,117,117,1433),
 (1434,117,117,1434),
 (1435,117,117,1435),
 (1436,117,117,1436),
 (1437,117,117,1437),
 (1438,117,117,1438),
 (1439,117,117,1439),
 (1440,117,117,1440),
 (1441,117,117,1441),
 (1442,117,117,1442),
 (1443,117,117,1443),
 (1444,117,117,1444),
 (1445,117,117,1445),
 (1446,118,118,1446),
 (1447,118,118,1447),
 (1448,118,118,1448),
 (1449,118,118,1449),
 (1450,118,118,1450),
 (1451,118,118,1451),
 (1452,118,118,1452),
 (1453,118,118,1453),
 (1454,118,118,1454),
 (1455,118,118,1455),
 (1456,118,118,1456),
 (1457,118,118,1457),
 (1458,118,118,1458),
 (1459,118,118,1459),
 (1460,118,118,1460),
 (1461,118,118,1461),
 (1462,118,118,1462),
 (1463,118,118,1463),
 (1464,118,118,1464),
 (1465,118,118,1465),
 (1466,118,118,1466),
 (1467,119,119,1467),
 (1468,119,119,1468),
 (1469,119,119,1469),
 (1470,119,119,1470),
 (1471,119,119,1471),
 (1472,119,119,1472),
 (1473,120,120,1473),
 (1474,120,120,1474),
 (1475,120,120,1475),
 (1476,120,120,1476),
 (1477,120,120,1477),
 (1478,120,120,1478),
 (1479,120,120,1479),
 (1480,120,120,1480),
 (1481,120,120,1481),
 (1482,120,120,1482),
 (1483,120,120,1483),
 (1484,120,120,1484),
 (1485,120,120,1485),
 (1486,120,120,1486),
 (1487,120,120,1487),
 (1488,120,120,1488),
 (1489,120,120,1489),
 (1490,121,121,1490),
 (1491,122,122,1491),
 (1492,122,122,1492),
 (1493,122,122,1493),
 (1494,122,122,1494),
 (1495,122,122,1495),
 (1496,122,122,1496),
 (1497,122,122,1497),
 (1498,122,122,1498),
 (1499,122,122,1499),
 (1500,122,122,1500),
 (1501,122,122,1501),
 (1502,122,122,1502),
 (1503,122,122,1503),
 (1504,123,123,1504),
 (1505,123,123,1505),
 (1506,123,123,1506),
 (1507,123,123,1507),
 (1508,123,123,1508),
 (1509,123,123,1509),
 (1510,123,123,1510),
 (1511,123,123,1511),
 (1512,123,123,1512),
 (1513,123,123,1513),
 (1514,123,123,1514),
 (1515,123,123,1515),
 (1516,123,123,1516),
 (1517,123,123,1517),
 (1518,123,123,1518),
 (1519,123,123,1519),
 (1520,123,123,1520),
 (1521,123,123,1521),
 (1522,123,123,1522),
 (1523,123,123,1523),
 (1524,123,123,1524),
 (1525,123,123,1525),
 (1526,123,123,1526),
 (1527,123,123,1527),
 (1528,123,123,1528),
 (1529,124,124,1529),
 (1530,124,124,1530),
 (1531,124,124,1531),
 (1532,125,125,1532),
 (1533,125,125,1533),
 (1534,125,125,1534),
 (1535,125,125,1535),
 (1536,125,125,1536),
 (1537,125,125,1537),
 (1538,125,125,1538),
 (1539,125,125,1539),
 (1540,125,125,1540),
 (1541,125,125,1541),
 (1542,125,125,1542),
 (1543,125,125,1543),
 (1544,125,125,1544),
 (1545,125,125,1545),
 (1546,125,125,1546),
 (1547,125,125,1547),
 (1548,125,125,1548),
 (1549,125,125,1549),
 (1550,125,125,1550),
 (1551,125,125,1551),
 (1552,125,125,1552),
 (1553,126,126,1553),
 (1554,126,126,1554),
 (1555,126,126,1555),
 (1556,126,126,1556),
 (1557,126,126,1557),
 (1558,126,126,1558),
 (1559,127,127,1559),
 (1560,127,127,1560),
 (1561,127,127,1561),
 (1562,127,127,1562),
 (1563,127,127,1563),
 (1564,127,127,1564),
 (1565,127,127,1565),
 (1566,127,127,1566),
 (1567,127,127,1567),
 (1568,127,127,1568),
 (1569,127,127,1569),
 (1570,127,127,1570),
 (1571,127,127,1571),
 (1572,127,127,1572),
 (1573,127,127,1573),
 (1574,127,127,1574),
 (1575,127,127,1575),
 (1576,128,128,1576),
 (1577,129,129,1577),
 (1578,129,129,1578),
 (1579,129,129,1579),
 (1580,129,129,1580),
 (1581,129,129,1581),
 (1582,129,129,1582),
 (1583,129,129,1583),
 (1584,129,129,1584),
 (1585,129,129,1585),
 (1586,129,129,1586),
 (1587,129,129,1587),
 (1588,129,129,1588),
 (1589,129,129,1589),
 (1590,130,130,1590),
 (1591,130,130,1591),
 (1592,130,130,1592),
 (1593,130,130,1593),
 (1594,130,130,1594),
 (1595,130,130,1595),
 (1596,130,130,1596),
 (1597,130,130,1597),
 (1598,130,130,1598),
 (1599,130,130,1599),
 (1600,130,130,1600),
 (1601,130,130,1601),
 (1602,130,130,1602),
 (1603,130,130,1603),
 (1604,130,130,1604),
 (1605,130,130,1605),
 (1606,130,130,1606),
 (1607,130,130,1607),
 (1608,130,130,1608),
 (1609,130,130,1609),
 (1610,130,130,1610),
 (1611,130,130,1611),
 (1612,130,130,1612),
 (1613,130,130,1613),
 (1614,130,130,1614),
 (1615,131,131,1615),
 (1616,131,131,1616),
 (1617,131,131,1617),
 (1618,132,132,1618),
 (1619,132,132,1619),
 (1620,132,132,1620),
 (1621,132,132,1621),
 (1622,132,132,1622),
 (1623,132,132,1623),
 (1624,132,132,1624),
 (1625,132,132,1625),
 (1626,132,132,1626),
 (1627,132,132,1627),
 (1628,132,132,1628),
 (1629,132,132,1629),
 (1630,132,132,1630),
 (1631,132,132,1631),
 (1632,132,132,1632),
 (1633,132,132,1633),
 (1634,133,133,1634),
 (1635,133,133,1635),
 (1636,133,133,1636),
 (1637,133,133,1637),
 (1638,133,133,1638),
 (1639,133,133,1639),
 (1640,133,133,1640),
 (1641,133,133,1641),
 (1642,134,134,1642),
 (1643,134,134,1643),
 (1644,134,134,1644),
 (1645,134,134,1645),
 (1646,134,134,1646),
 (1647,134,134,1647),
 (1648,134,134,1648),
 (1649,134,134,1649),
 (1650,135,135,1650),
 (1651,135,135,1651),
 (1652,135,135,1652),
 (1653,135,135,1653),
 (1654,135,135,1654),
 (1655,135,135,1655),
 (1656,135,135,1656),
 (1657,135,135,1657),
 (1658,135,135,1658),
 (1659,135,135,1659),
 (1660,135,135,1660),
 (1661,135,135,1661),
 (1662,135,135,1662),
 (1663,135,135,1663),
 (1664,135,135,1664),
 (1665,135,135,1665),
 (1666,135,135,1666),
 (1667,135,135,1667),
 (1668,135,135,1668),
 (1669,135,135,1669),
 (1670,135,135,1670),
 (1671,135,135,1671),
 (1672,135,135,1672),
 (1673,135,135,1673),
 (1674,136,136,1674),
 (1675,136,136,1675),
 (1676,136,136,1676),
 (1677,136,136,1677),
 (1678,136,136,1678),
 (1679,136,136,1679),
 (1680,136,136,1680),
 (1681,136,136,1681),
 (1682,137,137,1682),
 (1683,137,137,1683),
 (1684,137,137,1684),
 (1685,137,137,1685),
 (1686,137,137,1686),
 (1687,137,137,1687),
 (1688,137,137,1688),
 (1689,137,137,1689),
 (1690,137,137,1690),
 (1691,137,137,1691),
 (1692,137,137,1692),
 (1693,137,137,1693),
 (1694,137,137,1694),
 (1695,137,137,1695),
 (1696,137,137,1696),
 (1697,137,137,1697),
 (1698,137,137,1698),
 (1699,137,137,1699),
 (1700,137,137,1700),
 (1701,137,137,1701),
 (1702,137,137,1702),
 (1703,138,138,1703),
 (1704,138,138,1704),
 (1705,138,138,1705),
 (1706,138,138,1706),
 (1707,138,138,1707),
 (1708,138,138,1708),
 (1709,139,139,1709),
 (1710,139,139,1710),
 (1711,139,139,1711),
 (1712,139,139,1712),
 (1713,139,139,1713),
 (1714,139,139,1714),
 (1715,139,139,1715),
 (1716,139,139,1716),
 (1717,139,139,1717),
 (1718,139,139,1718),
 (1719,139,139,1719),
 (1720,139,139,1720),
 (1721,139,139,1721),
 (1722,139,139,1722),
 (1723,139,139,1723),
 (1724,139,139,1724),
 (1725,139,139,1725),
 (1726,140,140,1726),
 (1727,141,141,1727),
 (1728,141,141,1728),
 (1729,141,141,1729),
 (1730,141,141,1730),
 (1731,141,141,1731),
 (1732,141,141,1732),
 (1733,141,141,1733),
 (1734,141,141,1734),
 (1735,142,142,1735),
 (1736,142,142,1736),
 (1737,142,142,1737),
 (1738,142,142,1738),
 (1739,142,142,1739),
 (1740,142,142,1740),
 (1741,142,142,1741),
 (1742,142,142,1742),
 (1743,142,142,1743),
 (1744,142,142,1744),
 (1745,142,142,1745),
 (1746,142,142,1746),
 (1747,142,142,1747),
 (1748,142,142,1748),
 (1749,142,142,1749),
 (1750,142,142,1750),
 (1751,142,142,1751),
 (1752,142,142,1752),
 (1753,142,142,1753),
 (1754,143,143,1754),
 (1755,143,143,1755),
 (1756,143,143,1756),
 (1757,143,143,1757),
 (1758,143,143,1758),
 (1759,143,143,1759),
 (1760,143,143,1760),
 (1761,143,143,1761),
 (1762,144,144,1762),
 (1763,144,144,1763),
 (1764,144,144,1764),
 (1765,144,144,1765),
 (1766,144,144,1766),
 (1767,144,144,1767),
 (1768,144,144,1768),
 (1769,144,144,1769),
 (1770,144,144,1770),
 (1771,145,145,1771),
 (1772,145,145,1772),
 (1773,145,145,1773),
 (1774,145,145,1774),
 (1775,145,145,1775),
 (1776,145,145,1776),
 (1777,145,145,1777),
 (1778,145,145,1778),
 (1779,145,145,1779),
 (1780,145,145,1780),
 (1781,145,145,1781),
 (1782,145,145,1782),
 (1783,145,145,1783),
 (1784,145,145,1784),
 (1785,145,145,1785),
 (1786,145,145,1786),
 (1787,145,145,1787),
 (1788,145,145,1788),
 (1789,145,145,1789),
 (1790,145,145,1790),
 (1791,145,145,1791),
 (1792,145,145,1792),
 (1793,145,145,1793),
 (1794,145,145,1794),
 (1795,145,145,1795),
 (1796,145,145,1796),
 (1797,146,146,1797),
 (1798,146,146,1798),
 (1799,146,146,1799),
 (1800,147,147,1800),
 (1801,147,147,1801),
 (1802,147,147,1802),
 (1803,147,147,1803),
 (1804,147,147,1804),
 (1805,147,147,1805),
 (1806,147,147,1806),
 (1807,147,147,1807),
 (1808,148,148,1808),
 (1809,148,148,1809),
 (1810,148,148,1810),
 (1811,148,148,1811),
 (1812,148,148,1812),
 (1813,148,148,1813),
 (1814,148,148,1814),
 (1815,148,148,1815),
 (1816,148,148,1816),
 (1817,148,148,1817),
 (1818,148,148,1818),
 (1819,148,148,1819),
 (1820,148,148,1820),
 (1821,149,149,1821),
 (1822,149,149,1822),
 (1823,149,149,1823),
 (1824,149,149,1824),
 (1825,149,149,1825),
 (1826,149,149,1826),
 (1827,149,149,1827),
 (1828,149,149,1828),
 (1829,149,149,1829),
 (1830,149,149,1830),
 (1831,149,149,1831),
 (1832,149,149,1832),
 (1833,149,149,1833),
 (1834,149,149,1834),
 (1835,150,150,1835),
 (1836,150,150,1836),
 (1837,150,150,1837),
 (1838,150,150,1838),
 (1839,150,150,1839),
 (1840,150,150,1840),
 (1841,150,150,1841),
 (1842,150,150,1842),
 (1843,151,151,1843),
 (1844,151,151,1844),
 (1845,151,151,1845),
 (1846,151,151,1846),
 (1847,151,151,1847),
 (1848,151,151,1848),
 (1849,151,151,1849),
 (1850,151,151,1850),
 (1851,151,151,1851),
 (1852,151,151,1852),
 (1853,151,151,1853),
 (1854,151,151,1854),
 (1855,151,151,1855),
 (1856,151,151,1856),
 (1857,151,151,1857),
 (1858,151,151,1858),
 (1859,151,151,1859),
 (1860,151,151,1860),
 (1861,151,151,1861),
 (1862,151,151,1862),
 (1863,152,152,1863),
 (1864,152,152,1864),
 (1865,152,152,1865),
 (1866,152,152,1866),
 (1867,152,152,1867),
 (1868,152,152,1868),
 (1869,152,152,1869),
 (1870,152,152,1870),
 (1871,153,153,1871),
 (1872,153,153,1872),
 (1873,153,153,1873),
 (1874,153,153,1874),
 (1875,153,153,1875),
 (1876,153,153,1876),
 (1877,153,153,1877),
 (1878,153,153,1878),
 (1879,153,153,1879),
 (1880,153,153,1880),
 (1881,153,153,1881),
 (1882,153,153,1882),
 (1883,153,153,1883),
 (1884,153,153,1884),
 (1885,153,153,1885),
 (1886,153,153,1886),
 (1887,154,154,1887),
 (1888,154,154,1888),
 (1889,154,154,1889),
 (1890,155,155,1890),
 (1891,155,155,1891),
 (1892,155,155,1892),
 (1893,155,155,1893),
 (1894,155,155,1894),
 (1895,155,155,1895),
 (1896,155,155,1896),
 (1897,155,155,1897),
 (1898,156,156,1898),
 (1899,156,156,1899),
 (1900,156,156,1900),
 (1901,156,156,1901),
 (1902,156,156,1902),
 (1903,156,156,1903),
 (1904,156,156,1904),
 (1905,156,156,1905),
 (1906,156,156,1906),
 (1907,156,156,1907),
 (1908,156,156,1908),
 (1909,156,156,1909),
 (1910,156,156,1910),
 (1911,156,156,1911),
 (1912,156,156,1912),
 (1913,157,157,1913),
 (1914,157,157,1914),
 (1915,157,157,1915),
 (1916,157,157,1916),
 (1917,157,157,1917),
 (1918,157,157,1918),
 (1919,157,157,1919),
 (1920,157,157,1920),
 (1921,157,157,1921),
 (1922,157,157,1922),
 (1923,157,157,1923),
 (1924,157,157,1924),
 (1925,157,157,1925),
 (1926,157,157,1926),
 (1927,157,157,1927),
 (1928,157,157,1928),
 (1929,157,157,1929),
 (1930,157,157,1930),
 (1931,157,157,1931),
 (1932,157,157,1932),
 (1933,157,157,1933),
 (1934,157,157,1934),
 (1935,158,158,1935),
 (1936,158,158,1936),
 (1937,158,158,1937),
 (1938,159,159,1938),
 (1939,159,159,1939),
 (1940,159,159,1940),
 (1941,159,159,1941),
 (1942,159,159,1942),
 (1943,159,159,1943),
 (1944,159,159,1944),
 (1945,159,159,1945),
 (1946,159,159,1946),
 (1947,159,159,1947),
 (1948,159,159,1948),
 (1949,159,159,1949),
 (1950,159,159,1950),
 (1951,159,159,1951),
 (1952,160,160,1952),
 (1953,160,160,1953),
 (1954,160,160,1954),
 (1955,160,160,1955),
 (1956,160,160,1956),
 (1957,160,160,1957),
 (1958,160,160,1958),
 (1959,160,160,1959),
 (1960,160,160,1960),
 (1961,160,160,1961),
 (1962,160,160,1962),
 (1963,160,160,1963),
 (1964,160,160,1964),
 (1965,160,160,1965),
 (1966,161,161,1966),
 (1967,161,161,1967),
 (1968,161,161,1968),
 (1969,161,161,1969),
 (1970,161,161,1970),
 (1971,161,161,1971),
 (1972,161,161,1972),
 (1973,161,161,1973),
 (1974,161,161,1974),
 (1975,161,161,1975),
 (1976,161,161,1976),
 (1977,161,161,1977),
 (1978,161,161,1978),
 (1979,161,161,1979),
 (1980,161,161,1980),
 (1981,161,161,1981),
 (1982,161,161,1982),
 (1983,161,161,1983),
 (1984,161,161,1984),
 (1985,161,161,1985),
 (1986,161,161,1986),
 (1987,162,162,1987),
 (1988,162,162,1988),
 (1989,162,162,1989),
 (1990,162,162,1990),
 (1991,162,162,1991),
 (1992,162,162,1992),
 (1993,163,163,1993),
 (1994,163,163,1994),
 (1995,163,163,1995),
 (1996,163,163,1996),
 (1997,163,163,1997),
 (1998,163,163,1998),
 (1999,163,163,1999),
 (2000,163,163,2000),
 (2001,163,163,2001),
 (2002,163,163,2002),
 (2003,163,163,2003),
 (2004,163,163,2004),
 (2005,163,163,2005),
 (2006,163,163,2006),
 (2007,163,163,2007),
 (2008,163,163,2008),
 (2009,163,163,2009),
 (2010,164,164,2010),
 (2011,165,165,2011),
 (2012,165,165,2012),
 (2013,165,165,2013),
 (2014,165,165,2014),
 (2015,165,165,2015),
 (2016,165,165,2016),
 (2017,165,165,2017),
 (2018,165,165,2018),
 (2019,165,165,2019),
 (2020,165,165,2020),
 (2021,165,165,2021),
 (2022,165,165,2022),
 (2023,165,165,2023),
 (2024,165,165,2024),
 (2025,165,165,2025),
 (2026,165,165,2026),
 (2027,165,165,2027),
 (2028,165,165,2028),
 (2029,165,165,2029),
 (2030,165,165,2030),
 (2031,165,165,2031),
 (2032,165,165,2032),
 (2033,166,166,2033),
 (2034,166,166,2034),
 (2035,166,166,2035),
 (2036,166,166,2036),
 (2037,166,166,2037),
 (2038,166,166,2038),
 (2039,166,166,2039),
 (2040,166,166,2040),
 (2041,166,166,2041),
 (2042,166,166,2042),
 (2043,166,166,2043),
 (2044,166,166,2044),
 (2045,166,166,2045),
 (2046,166,166,2046),
 (2047,166,166,2047),
 (2048,166,166,2048),
 (2049,166,166,2049),
 (2050,167,167,2050),
 (2051,167,167,2051),
 (2052,167,167,2052),
 (2053,167,167,2053),
 (2054,167,167,2054),
 (2055,167,167,2055),
 (2056,167,167,2056),
 (2057,167,167,2057),
 (2058,167,167,2058),
 (2059,167,167,2059),
 (2060,167,167,2060),
 (2061,167,167,2061),
 (2062,167,167,2062),
 (2063,167,167,2063),
 (2064,167,167,2064),
 (2065,167,167,2065),
 (2066,167,167,2066),
 (2067,167,167,2067);
/*!40000 ALTER TABLE `REPORTFIELD_REPORTFIELDGROUP` ENABLE KEYS */;


--
-- Definition of table `REPORTFILTER`
--

DROP TABLE IF EXISTS `REPORTFILTER`;
CREATE TABLE `REPORTFILTER` (
  `REPORTFILTER_ID` bigint(20) NOT NULL AUTO_INCREMENT,
  `FILTER_TYPE` int(11) DEFAULT NULL,
  `OPERATOR` int(11) DEFAULT NULL,
  `OPERATOR_NOT` int(11) DEFAULT NULL,
  `reportCustomFilter_REPORTCUSTOMFILTER_ID` bigint(20) DEFAULT NULL,
  `reportStandardFilter_REPORTSTANDARDFILTER_ID` bigint(20) DEFAULT NULL,
  PRIMARY KEY (`REPORTFILTER_ID`),
  KEY `FKCDE451AC5367E19` (`reportCustomFilter_REPORTCUSTOMFILTER_ID`),
  KEY `FKCDE451AC6735D825` (`reportStandardFilter_REPORTSTANDARDFILTER_ID`),
  CONSTRAINT `FKCDE451AC6735D825` FOREIGN KEY (`reportStandardFilter_REPORTSTANDARDFILTER_ID`) REFERENCES `REPORTSTANDARDFILTER` (`REPORTSTANDARDFILTER_ID`),
  CONSTRAINT `FKCDE451AC5367E19` FOREIGN KEY (`reportCustomFilter_REPORTCUSTOMFILTER_ID`) REFERENCES `REPORTCUSTOMFILTER` (`REPORTCUSTOMFILTER_ID`)
) ENGINE=InnoDB DEFAULT CHARSET=latin1;

--
-- Dumping data for table `REPORTFILTER`
--

/*!40000 ALTER TABLE `REPORTFILTER` DISABLE KEYS */;
/*!40000 ALTER TABLE `REPORTFILTER` ENABLE KEYS */;


--
-- Definition of table `REPORTGROUPBYFIELD`
--

DROP TABLE IF EXISTS `REPORTGROUPBYFIELD`;
CREATE TABLE `REPORTGROUPBYFIELD` (
  `REPORTGROUPBYFIELD_ID` bigint(20) NOT NULL AUTO_INCREMENT,
  `REPORTFIELD_ID` bigint(20) DEFAULT NULL,
  `GROUPDATEBYOPTION` int(11) DEFAULT NULL,
  `SORTORDER` varchar(255) DEFAULT NULL,
  PRIMARY KEY (`REPORTGROUPBYFIELD_ID`)
) ENGINE=InnoDB DEFAULT CHARSET=latin1;

--
-- Dumping data for table `REPORTGROUPBYFIELD`
--

/*!40000 ALTER TABLE `REPORTGROUPBYFIELD` DISABLE KEYS */;
/*!40000 ALTER TABLE `REPORTGROUPBYFIELD` ENABLE KEYS */;


--
-- Definition of table `REPORTSELECTEDFIELD`
--

DROP TABLE IF EXISTS `REPORTSELECTEDFIELD`;
CREATE TABLE `REPORTSELECTEDFIELD` (
  `REPORTSELECTEDFIELD_ID` bigint(20) NOT NULL AUTO_INCREMENT,
  `AVERAGE` bit(1) DEFAULT NULL,
  `COUNT` bit(1) DEFAULT NULL,
  `FIELD_ID` bigint(20) DEFAULT NULL,
  `GROUP_BY` bit(1) DEFAULT NULL,
  `MAX` bit(1) DEFAULT NULL,
  `MIN` bit(1) DEFAULT NULL,
  `SORT_ORDER` varchar(255) DEFAULT NULL,
  `SUM` bit(1) DEFAULT NULL,
  PRIMARY KEY (`REPORTSELECTEDFIELD_ID`)
) ENGINE=InnoDB DEFAULT CHARSET=latin1;

--
-- Dumping data for table `REPORTSELECTEDFIELD`
--

/*!40000 ALTER TABLE `REPORTSELECTEDFIELD` DISABLE KEYS */;
/*!40000 ALTER TABLE `REPORTSELECTEDFIELD` ENABLE KEYS */;


--
-- Definition of table `REPORTSTANDARDFILTER`
--

DROP TABLE IF EXISTS `REPORTSTANDARDFILTER`;
CREATE TABLE `REPORTSTANDARDFILTER` (
  `REPORTSTANDARDFILTER_ID` bigint(20) NOT NULL AUTO_INCREMENT,
  `FILTER_COMPARISON` int(11) DEFAULT NULL,
  `REPORTFIELD_ID` bigint(20) DEFAULT NULL,
  `CRITERIA` varchar(255) DEFAULT NULL,
  `PROMPT_FOR_CRITERIA` bit(1) DEFAULT NULL,
  PRIMARY KEY (`REPORTSTANDARDFILTER_ID`)
) ENGINE=InnoDB DEFAULT CHARSET=latin1;

--
-- Dumping data for table `REPORTSTANDARDFILTER`
--

/*!40000 ALTER TABLE `REPORTSTANDARDFILTER` DISABLE KEYS */;
/*!40000 ALTER TABLE `REPORTSTANDARDFILTER` ENABLE KEYS */;


--
-- Definition of table `REPORTSTANDARDVIEW`
--

DROP TABLE IF EXISTS `REPORTSTANDARDVIEW`;
CREATE TABLE `REPORTSTANDARDVIEW` (
  `REPORTSTANDARDVIEW_ID` bigint(20) NOT NULL AUTO_INCREMENT,
  `NAME` varchar(255) DEFAULT NULL,
  PRIMARY KEY (`REPORTSTANDARDVIEW_ID`)
) ENGINE=InnoDB DEFAULT CHARSET=latin1;

--
-- Dumping data for table `REPORTSTANDARDVIEW`
--

/*!40000 ALTER TABLE `REPORTSTANDARDVIEW` DISABLE KEYS */;
/*!40000 ALTER TABLE `REPORTSTANDARDVIEW` ENABLE KEYS */;


--
-- Definition of table `REPORTSTANDARDVIEW_REPORTFIELD`
--

DROP TABLE IF EXISTS `REPORTSTANDARDVIEW_REPORTFIELD`;
CREATE TABLE `REPORTSTANDARDVIEW_REPORTFIELD` (
  `REPORTSTANDARDVIEW_REPORTSTANDARDVIEW_ID` bigint(20) NOT NULL,
  `columns_REPORTFIELD_ID` bigint(20) NOT NULL,
  PRIMARY KEY (`REPORTSTANDARDVIEW_REPORTSTANDARDVIEW_ID`,`columns_REPORTFIELD_ID`),
  UNIQUE KEY `columns_REPORTFIELD_ID` (`columns_REPORTFIELD_ID`),
  KEY `FK13DFA37DB75A84FB` (`columns_REPORTFIELD_ID`),
  KEY `FK13DFA37DC5ECD372` (`REPORTSTANDARDVIEW_REPORTSTANDARDVIEW_ID`),
  CONSTRAINT `FK13DFA37DB75A84FB` FOREIGN KEY (`columns_REPORTFIELD_ID`) REFERENCES `REPORTFIELD` (`REPORTFIELD_ID`),
  CONSTRAINT `FK13DFA37DC5ECD372` FOREIGN KEY (`REPORTSTANDARDVIEW_REPORTSTANDARDVIEW_ID`) REFERENCES `REPORTSTANDARDVIEW` (`REPORTSTANDARDVIEW_ID`)
) ENGINE=InnoDB DEFAULT CHARSET=latin1;

--
-- Dumping data for table `REPORTSTANDARDVIEW_REPORTFIELD`
--

/*!40000 ALTER TABLE `REPORTSTANDARDVIEW_REPORTFIELD` DISABLE KEYS */;
/*!40000 ALTER TABLE `REPORTSTANDARDVIEW_REPORTFIELD` ENABLE KEYS */;


--
-- Definition of table `REPORTSTANDARDVIEW_ReportDuration`
--

DROP TABLE IF EXISTS `REPORTSTANDARDVIEW_ReportDuration`;
CREATE TABLE `REPORTSTANDARDVIEW_ReportDuration` (
  `REPORTSTANDARDVIEW_REPORTSTANDARDVIEW_ID` bigint(20) NOT NULL,
  `duration_id` bigint(20) NOT NULL,
  PRIMARY KEY (`REPORTSTANDARDVIEW_REPORTSTANDARDVIEW_ID`,`duration_id`),
  UNIQUE KEY `duration_id` (`duration_id`),
  KEY `FKC0D36851C5ECD372` (`REPORTSTANDARDVIEW_REPORTSTANDARDVIEW_ID`),
  KEY `FKC0D3685147D269AF` (`duration_id`),
  CONSTRAINT `FKC0D3685147D269AF` FOREIGN KEY (`duration_id`) REFERENCES `REPORTDURATION` (`id`),
  CONSTRAINT `FKC0D36851C5ECD372` FOREIGN KEY (`REPORTSTANDARDVIEW_REPORTSTANDARDVIEW_ID`) REFERENCES `REPORTSTANDARDVIEW` (`REPORTSTANDARDVIEW_ID`)
) ENGINE=InnoDB DEFAULT CHARSET=latin1;

--
-- Dumping data for table `REPORTSTANDARDVIEW_ReportDuration`
--

/*!40000 ALTER TABLE `REPORTSTANDARDVIEW_ReportDuration` DISABLE KEYS */;
/*!40000 ALTER TABLE `REPORTSTANDARDVIEW_ReportDuration` ENABLE KEYS */;


--
-- Definition of table `REPORTWIZARD`
--

DROP TABLE IF EXISTS `REPORTWIZARD`;
CREATE TABLE `REPORTWIZARD` (
  `REPORTWIZARD_ID` bigint(20) NOT NULL AUTO_INCREMENT,
  `recordCount` bit(1) DEFAULT NULL,
  `REPORT_COMMENT` varchar(255) DEFAULT NULL,
  `reportLayout` int(11) DEFAULT NULL,
  `REPORT_NAME` varchar(255) DEFAULT NULL,
  `reportPath` varchar(255) DEFAULT NULL,
  `reportTemplateJRXML` varchar(255) DEFAULT NULL,
  `reportTemplatePath` varchar(255) DEFAULT NULL,
  `REPORT_TYPE` varchar(255) DEFAULT NULL,
  `ROW_COUNT` int(11) DEFAULT NULL,
  `REPORTDATASOURCE_ID` bigint(20) DEFAULT NULL,
  `REPORTSUBSOURCEGROUP_ID` bigint(20) DEFAULT NULL,
  `REPORTSUBSOURCE_ID` bigint(20) DEFAULT NULL,
  `UNIQUE_RECORDS` bit(1) DEFAULT NULL,
  `SITE_NAME` varchar(255) DEFAULT NULL,
  `REPORT_LAYOUT` int(11) DEFAULT NULL,
  `REPORT_PATH` varchar(255) DEFAULT NULL,
  `REPORT_SAVEASNAME` varchar(255) DEFAULT NULL,
  `REPORT_TEMPLATE_JRXML` varchar(255) DEFAULT NULL,
  `REPORT_TEMPLATE_PATH` varchar(255) DEFAULT NULL,
  `SHOWSQLQUERY` bit(1) DEFAULT NULL,
  `reportCrossTabFields_REPORTCROSSTABFIELDS_ID` bigint(20) DEFAULT NULL,
  `src_REPORTSOURCE_ID` bigint(20) DEFAULT NULL,
  `subsource_REPORTSUBSOURCE_ID` bigint(20) DEFAULT NULL,
  `subsourcegroup_REPORTSUBSOURCEGROUP_ID` bigint(20) DEFAULT NULL,
  PRIMARY KEY (`REPORTWIZARD_ID`),
  KEY `FKEAECCB9FD3B8444A` (`src_REPORTSOURCE_ID`),
  KEY `FKEAECCB9FCB7EC7B3` (`subsource_REPORTSUBSOURCE_ID`),
  KEY `FKEAECCB9FEF69A8A` (`subsourcegroup_REPORTSUBSOURCEGROUP_ID`),
  KEY `FKEAECCB9FF967443E` (`reportCrossTabFields_REPORTCROSSTABFIELDS_ID`),
  CONSTRAINT `FKEAECCB9FF967443E` FOREIGN KEY (`reportCrossTabFields_REPORTCROSSTABFIELDS_ID`) REFERENCES `REPORTCROSSTABFIELDS` (`REPORTCROSSTABFIELDS_ID`),
  CONSTRAINT `FKEAECCB9FCB7EC7B3` FOREIGN KEY (`subsource_REPORTSUBSOURCE_ID`) REFERENCES `REPORTDATASUBSOURCE` (`REPORTSUBSOURCE_ID`),
  CONSTRAINT `FKEAECCB9FD3B8444A` FOREIGN KEY (`src_REPORTSOURCE_ID`) REFERENCES `REPORTDATASOURCE` (`REPORTSOURCE_ID`),
  CONSTRAINT `FKEAECCB9FEF69A8A` FOREIGN KEY (`subsourcegroup_REPORTSUBSOURCEGROUP_ID`) REFERENCES `REPORTDATASUBSOURCEGROUP` (`REPORTSUBSOURCEGROUP_ID`)
) ENGINE=InnoDB DEFAULT CHARSET=latin1;

--
-- Dumping data for table `REPORTWIZARD`
--

/*!40000 ALTER TABLE `REPORTWIZARD` DISABLE KEYS */;
/*!40000 ALTER TABLE `REPORTWIZARD` ENABLE KEYS */;


--
-- Definition of table `REPORTWIZARD_REPORTCHARTSETTINGS`
--

DROP TABLE IF EXISTS `REPORTWIZARD_REPORTCHARTSETTINGS`;
CREATE TABLE `REPORTWIZARD_REPORTCHARTSETTINGS` (
  `REPORTWIZARD_REPORTWIZARD_ID` bigint(20) NOT NULL,
  `reportChartSettings_REPORTCHARTSETTINGS_ID` bigint(20) NOT NULL,
  `REPORTCHARTSETTINGS_ID` int(11) NOT NULL,
  PRIMARY KEY (`REPORTWIZARD_REPORTWIZARD_ID`,`REPORTCHARTSETTINGS_ID`),
  KEY `FKB02A8C8D1C41CB4B` (`reportChartSettings_REPORTCHARTSETTINGS_ID`),
  KEY `FKB02A8C8DD768C03B` (`REPORTWIZARD_REPORTWIZARD_ID`),
  CONSTRAINT `FKB02A8C8DD768C03B` FOREIGN KEY (`REPORTWIZARD_REPORTWIZARD_ID`) REFERENCES `REPORTWIZARD` (`REPORTWIZARD_ID`),
  CONSTRAINT `FKB02A8C8D1C41CB4B` FOREIGN KEY (`reportChartSettings_REPORTCHARTSETTINGS_ID`) REFERENCES `REPORTCHARTSETTINGS` (`REPORTCHARTSETTINGS_ID`)
) ENGINE=InnoDB DEFAULT CHARSET=latin1;

--
-- Dumping data for table `REPORTWIZARD_REPORTCHARTSETTINGS`
--

/*!40000 ALTER TABLE `REPORTWIZARD_REPORTCHARTSETTINGS` DISABLE KEYS */;
/*!40000 ALTER TABLE `REPORTWIZARD_REPORTCHARTSETTINGS` ENABLE KEYS */;


--
-- Definition of table `REPORTWIZARD_REPORTFIELD`
--

DROP TABLE IF EXISTS `REPORTWIZARD_REPORTFIELD`;
CREATE TABLE `REPORTWIZARD_REPORTFIELD` (
  `REPORTWIZARD_REPORTWIZARD_ID` bigint(20) NOT NULL,
  `fields_REPORTFIELD_ID` bigint(20) NOT NULL,
  `REPORTFIELD_ID` int(11) NOT NULL,
  PRIMARY KEY (`REPORTWIZARD_REPORTWIZARD_ID`,`REPORTFIELD_ID`),
  KEY `FK3F60B386C3828A9F` (`fields_REPORTFIELD_ID`),
  KEY `FK3F60B386D768C03B` (`REPORTWIZARD_REPORTWIZARD_ID`),
  CONSTRAINT `FK3F60B386C3828A9F` FOREIGN KEY (`fields_REPORTFIELD_ID`) REFERENCES `REPORTFIELD` (`REPORTFIELD_ID`),
  CONSTRAINT `FK3F60B386D768C03B` FOREIGN KEY (`REPORTWIZARD_REPORTWIZARD_ID`) REFERENCES `REPORTWIZARD` (`REPORTWIZARD_ID`)
) ENGINE=InnoDB DEFAULT CHARSET=latin1;

--
-- Dumping data for table `REPORTWIZARD_REPORTFIELD`
--

/*!40000 ALTER TABLE `REPORTWIZARD_REPORTFIELD` DISABLE KEYS */;
/*!40000 ALTER TABLE `REPORTWIZARD_REPORTFIELD` ENABLE KEYS */;


--
-- Definition of table `REPORTWIZARD_REPORTFIELDGROUP`
--

DROP TABLE IF EXISTS `REPORTWIZARD_REPORTFIELDGROUP`;
CREATE TABLE `REPORTWIZARD_REPORTFIELDGROUP` (
  `REPORTWIZARD_REPORTWIZARD_ID` bigint(20) NOT NULL,
  `fieldGroups_REPORTFIELDGROUP_ID` bigint(20) NOT NULL,
  `REPORTFIELDGROUP_ID` int(11) NOT NULL,
  PRIMARY KEY (`REPORTWIZARD_REPORTWIZARD_ID`,`REPORTFIELDGROUP_ID`),
  KEY `FKB8CF8E99300FE78A` (`fieldGroups_REPORTFIELDGROUP_ID`),
  KEY `FKB8CF8E99D768C03B` (`REPORTWIZARD_REPORTWIZARD_ID`),
  CONSTRAINT `FKB8CF8E99300FE78A` FOREIGN KEY (`fieldGroups_REPORTFIELDGROUP_ID`) REFERENCES `REPORTFIELDGROUP` (`REPORTFIELDGROUP_ID`),
  CONSTRAINT `FKB8CF8E99D768C03B` FOREIGN KEY (`REPORTWIZARD_REPORTWIZARD_ID`) REFERENCES `REPORTWIZARD` (`REPORTWIZARD_ID`)
) ENGINE=InnoDB DEFAULT CHARSET=latin1;

--
-- Dumping data for table `REPORTWIZARD_REPORTFIELDGROUP`
--

/*!40000 ALTER TABLE `REPORTWIZARD_REPORTFIELDGROUP` DISABLE KEYS */;
/*!40000 ALTER TABLE `REPORTWIZARD_REPORTFIELDGROUP` ENABLE KEYS */;


--
-- Definition of table `REPORTWIZARD_REPORTFILTER`
--

DROP TABLE IF EXISTS `REPORTWIZARD_REPORTFILTER`;
CREATE TABLE `REPORTWIZARD_REPORTFILTER` (
  `REPORTWIZARD_REPORTWIZARD_ID` bigint(20) NOT NULL,
  `reportFilters_REPORTFILTER_ID` bigint(20) NOT NULL,
  `REPORTFILTER_ID` int(11) NOT NULL,
  PRIMARY KEY (`REPORTWIZARD_REPORTWIZARD_ID`,`REPORTFILTER_ID`),
  UNIQUE KEY `reportFilters_REPORTFILTER_ID` (`reportFilters_REPORTFILTER_ID`),
  KEY `FKACB90A4C7FBC81C3` (`reportFilters_REPORTFILTER_ID`),
  KEY `FKACB90A4CD768C03B` (`REPORTWIZARD_REPORTWIZARD_ID`),
  CONSTRAINT `FKACB90A4C7FBC81C3` FOREIGN KEY (`reportFilters_REPORTFILTER_ID`) REFERENCES `REPORTFILTER` (`REPORTFILTER_ID`),
  CONSTRAINT `FKACB90A4CD768C03B` FOREIGN KEY (`REPORTWIZARD_REPORTWIZARD_ID`) REFERENCES `REPORTWIZARD` (`REPORTWIZARD_ID`)
) ENGINE=InnoDB DEFAULT CHARSET=latin1;

--
-- Dumping data for table `REPORTWIZARD_REPORTFILTER`
--

/*!40000 ALTER TABLE `REPORTWIZARD_REPORTFILTER` DISABLE KEYS */;
/*!40000 ALTER TABLE `REPORTWIZARD_REPORTFILTER` ENABLE KEYS */;


--
-- Definition of table `REPORTWIZARD_REPORTSELECTEDFIELD`
--

DROP TABLE IF EXISTS `REPORTWIZARD_REPORTSELECTEDFIELD`;
CREATE TABLE `REPORTWIZARD_REPORTSELECTEDFIELD` (
  `REPORTWIZARD_REPORTWIZARD_ID` bigint(20) NOT NULL,
  `reportSelectedFields_REPORTSELECTEDFIELD_ID` bigint(20) NOT NULL,
  `REPORTSELECTEDFIELD_ID` int(11) NOT NULL,
  PRIMARY KEY (`REPORTWIZARD_REPORTWIZARD_ID`,`REPORTSELECTEDFIELD_ID`),
  UNIQUE KEY `reportSelectedFields_REPORTSELECTEDFIELD_ID` (`reportSelectedFields_REPORTSELECTEDFIELD_ID`),
  KEY `FKF2A1CDCB642415F0` (`reportSelectedFields_REPORTSELECTEDFIELD_ID`),
  KEY `FKF2A1CDCBD768C03B` (`REPORTWIZARD_REPORTWIZARD_ID`),
  CONSTRAINT `FKF2A1CDCBD768C03B` FOREIGN KEY (`REPORTWIZARD_REPORTWIZARD_ID`) REFERENCES `REPORTWIZARD` (`REPORTWIZARD_ID`),
  CONSTRAINT `FKF2A1CDCB642415F0` FOREIGN KEY (`reportSelectedFields_REPORTSELECTEDFIELD_ID`) REFERENCES `REPORTSELECTEDFIELD` (`REPORTSELECTEDFIELD_ID`)
) ENGINE=InnoDB DEFAULT CHARSET=latin1;

--
-- Dumping data for table `REPORTWIZARD_REPORTSELECTEDFIELD`
--

/*!40000 ALTER TABLE `REPORTWIZARD_REPORTSELECTEDFIELD` DISABLE KEYS */;
/*!40000 ALTER TABLE `REPORTWIZARD_REPORTSELECTEDFIELD` ENABLE KEYS */;


--
-- Definition of table `ReportDuration`
--

DROP TABLE IF EXISTS `ReportDuration`;
CREATE TABLE `ReportDuration` (
  `id` bigint(20) NOT NULL AUTO_INCREMENT,
  `groupName` varchar(255) DEFAULT NULL,
  `maxValue` datetime DEFAULT NULL,
  `minValue` datetime DEFAULT NULL,
  `name` varchar(255) DEFAULT NULL,
  PRIMARY KEY (`id`)
) ENGINE=InnoDB DEFAULT CHARSET=latin1;

--
-- Dumping data for table `ReportDuration`
--

/*!40000 ALTER TABLE `ReportDuration` DISABLE KEYS */;
/*!40000 ALTER TABLE `ReportDuration` ENABLE KEYS */;




/*!40101 SET SQL_MODE=@OLD_SQL_MODE */;
/*!40014 SET FOREIGN_KEY_CHECKS=@OLD_FOREIGN_KEY_CHECKS */;
/*!40014 SET UNIQUE_CHECKS=@OLD_UNIQUE_CHECKS */;
/*!40101 SET CHARACTER_SET_CLIENT=@OLD_CHARACTER_SET_CLIENT */;
/*!40101 SET CHARACTER_SET_RESULTS=@OLD_CHARACTER_SET_RESULTS */;
/*!40101 SET COLLATION_CONNECTION=@OLD_COLLATION_CONNECTION */;
/*!40101 SET CHARACTER_SET_CLIENT=@OLD_CHARACTER_SET_CLIENT */;
