<?xml version="1.0" encoding="UTF-8"?>
<mondrianXmlaDefinition>
    <folder>/analysis/xmla/definitions</folder>
    <name>SugarCRMXmlaDefinition</name>
    <version>0</version>
    <label>SugarCRM XMLA Connection</label>
    <description>SugarCRM XML/A Connection</description>
    <creationDate>2008-09-12T15:50:57.000-05:00</creationDate>
    <catalog>SugarCRM</catalog>
    <mondrianConnection>
        <uri>/analysis/connections/SugarCRM</uri>
    </mondrianConnection>
</mondrianXmlaDefinition>
