<?xml version="1.0" encoding="UTF-8"?>
<export><property name="pathProcessorId" value="zip"/><module id="authority"><user>anonymousUser</user><user>jasperadmin</user><user>admin@company1</user><user>admin</user><user>demoadmin</user><user>user1@company2</user><user>user1@company1</user><user>demouser1</user><user>demouser2</user><user>demouser1@company1</user><role>ROLE_USER</role><role>ROLE_ADMINISTRATOR</role><role>ROLE_ANONYMOUS</role><role>ROLE_USER_COMPANY1</role><role>ROLE_USER_COMPANY2</role><role>ROLE_ADMIN_COMPANY1</role><role>ROLE_USER_DEFAULT</role><role>ROLE_ADMIN_DEFAULT</role><role>Role_Admin_Company2</role></module><module id="repositoryResources"><folder>/</folder></module><module id="reportJobs"/></export>