<?xml version="1.0" encoding="UTF-8"?>
<export><property name="pathProcessorId" value="zip"/><module id="authority"><user>anonymousUser</user><user>jasperadmin</user><user>joeuser</user><user>ldangelo</user><user>user1@company1</user><user>admin@company1</user><user>admin</user><role>ROLE_USER</role><role>ROLE_ADMINISTRATOR</role><role>ROLE_ANONYMOUS</role><role>ROLE_USER_COMPANY1</role><role>ROLE_USER_COMPANY2</role><role>ROLE_ADMIN_COMPANY1</role><role>ROLE_USER_DEFAULT</role><role>ROLE_ADMIN_DEFAULT</role></module><module id="repositoryResources"><folder>/</folder></module><module id="reportJobs"/></export>