<?xml version="1.0" encoding="UTF-8"?>
<export><property name="pathProcessorId" value="zip"/><module id="authority"><user>anonymousUser</user><user>jasperadmin@company1</user><user>admin@company1</user><user>admin</user><user>demoadmin</user><user>user1@company1</user><user>demouser1</user><user>demouser1@company1</user><user>demoadmin1</user><user>nolan@company1</user><user>kburstein@demo</user><user>rnewcomb@company1</user><user>ejohnson@demo</user><user>ldangelo@demo</user><user>mmccabe@demo</user><user>oleap@demo</user><user>rmccabe@demo</user><user>oleap@sandbox</user><user>kwilliams@mpx</user><user>bklann@demo</user><user>dschiwietz@mpx</user><user>greg@company1</user><user>jritchie@sandbox</user><user>sellingson@sandbox</user><user>rnewcomb@demo</user><user>admin1</user><user>admin1@sandbox</user><user>kkelly@demo</user><user>kkelly@sandbox</user><user>cmarti@sandbox</user><user>jmt1@sandbox</user><user>mevans@sandbox</user><user>mbazin@sandbox</user><user>siyer@sandbox</user><user>bsadler@sandbox</user><user>rbarnes@sandbox</user><user>desiringgod1@sandbox</user><user>desiringgod2@sandbox</user><user>desiringgod3@sandbox</user><user>desiringgod4@sandbox</user><user>cscherer@sandbox</user><user>bdoyle@sandbox</user><user>renner1@sandbox</user><user>renner2@sandbox</user><user>lweinbrandt@sandbox</user><user>wschiro1@sandbox</user><user>wschiro2@sandbox</user><user>eklotz@sandbox</user><user>mstradinger@sandbox</user><user>ridley1@sandbox</user><user>ridley2@sandbox</user><user>wdaniels1@sandbox</user><user>wdaniels2@sandbox</user><user>cpartners1@sandbox</user><user>cpartners2@sandbox</user><user>cpartners3@sandbox</user><user>cpartners4@sandbox</user><user>jasperadmin</user><role>ROLE_USER</role><role>ROLE_ADMINISTRATOR</role><role>ROLE_ANONYMOUS</role><role>ROLE_USER_COMPANY1</role><role>ROLE_ADMIN_COMPANY1</role><role>ROLE_USER_DEFAULT</role><role>ROLE_ADMIN_DEFAULT</role><role>Role_User_Sandbox</role><role>Role_User_Demo</role><role>Role_Admin_Sandbox</role><role>Role_Admin_Demo</role><role>Role_User_MPX</role><role>Role_Admin_MPX</role></module><module id="repositoryResources"><folder>/</folder></module><module id="reportJobs"><report>/Reports/Default/THEGURU_16</report><report>/Reports/Default/THEGURU_17</report></module></export>