<?xml version="1.0" encoding="UTF-8"?>
<folder>
    <parent>/</parent>
    <name>datatypes</name>
    <label>Input data types</label>
    <creationDate>2008-10-21T15:12:33.000-05:00</creationDate>
    <resource>date</resource>
    <resource>FIRST_NAME</resource>
    <resource>Number</resource>
    <resource>String</resource>
    <permission>
        <permissionMask>0</permissionMask>
        <recipient recipientType="role">ROLE_USER_COMPANY1</recipient>
    </permission>
    <permission>
        <permissionMask>0</permissionMask>
        <recipient recipientType="role">ROLE_USER</recipient>
    </permission>
    <permission>
        <permissionMask>0</permissionMask>
        <recipient recipientType="role">ROLE_ADMIN_DEFAULT</recipient>
    </permission>
    <permission>
        <permissionMask>0</permissionMask>
        <recipient recipientType="role">ROLE_ADMIN_COMPANY1</recipient>
    </permission>
    <permission>
        <permissionMask>0</permissionMask>
        <recipient recipientType="role">Role_Admin_Company2</recipient>
    </permission>
    <permission>
        <permissionMask>0</permissionMask>
        <recipient recipientType="role">ROLE_USER_DEFAULT</recipient>
    </permission>
    <permission>
        <permissionMask>0</permissionMask>
        <recipient recipientType="role">ROLE_USER_COMPANY2</recipient>
    </permission>
</folder>
