<?xml version="1.0" encoding="UTF-8"?>
<jdbcDataSource>
    <folder>/datasources</folder>
    <name>JServerJdbcDS</name>
    <version>0</version>
    <label>JServer Jdbc data source</label>
    <description>JServer Jdbc data source</description>
    <creationDate>2008-10-21T15:12:33.000-05:00</creationDate>
    <driver>com.mysql.jdbc.Driver</driver>
    <connectionUrl>jdbc:mysql://localhost:3306/sugarcrm</connectionUrl>
    <connectionUser>root</connectionUser>
    <connectionPassword>magicdragon!</connectionPassword>
</jdbcDataSource>
