<?xml version="1.0" encoding="UTF-8"?>
<jdbcDataSource>
    <folder>/datasources</folder>
    <name>ReportWizardJdbcDS</name>
    <version>1</version>
    <label>Report Wizard JDBC Data Source</label>
    <description></description>
    <creationDate>2008-09-12T15:50:56.000-05:00</creationDate>
    <driver>com.mysql.jdbc.Driver</driver>
    <connectionUrl>jdbc:mysql://localhost:3306/mpoweropen</connectionUrl>
    <connectionUser>root</connectionUser>
    <connectionPassword>sa</connectionPassword>
    <timezone>America/Chicago</timezone>
</jdbcDataSource>
