<?xml version="1.0" encoding="UTF-8"?>
<jdbcDataSource>
    <folder>/datasources</folder>
    <name>ReportWizardJdbcDS</name>
    <version>7</version>
    <label>Report Wizard JDBC Data Source</label>
    <description></description>
    <creationDate>2008-10-21T15:12:33.000-05:00</creationDate>
    <driver>com.mysql.jdbc.Driver</driver>
    <connectionUrl>jdbc:mysql://localhost:10006/orangeleap</connectionUrl>
    <connectionUser>orangeleap</connectionUser>
    <connectionPassword>orangeleap</connectionPassword>
    <timezone>America/Chicago</timezone>
</jdbcDataSource>
