<?xml version="1.0" encoding="UTF-8"?>
<jdbcDataSource>
    <folder>/datasources</folder>
    <name>ReportWizardJdbcDSForMPX</name>
    <version>0</version>
    <label>Report Wizard JDBC Data Source For MPX</label>
    <description></description>
    <creationDate>2008-11-03T15:08:21.000-06:00</creationDate>
    <driver>com.microsoft.sqlserver.jdbc.SQLServerDriver</driver>
    <connectionUrl>jdbc:sqlserver://Puddy:2968;databaseName=MPX_OLI_UnitTest_BaseLine</connectionUrl>
    <connectionUser>sa</connectionUser>
    <connectionPassword>mpx</connectionPassword>
</jdbcDataSource>
