<?xml version="1.0" encoding="UTF-8"?>
<jdbcDataSource>
    <folder>/datasources</folder>
    <name>ReportWizardJdbcDSForMPX</name>
    <version>3</version>
    <label>Report Wizard JDBC Data Source For MPX</label>
    <description></description>
    <creationDate>2008-10-22T00:00:00.000-05:00</creationDate>
    <driver>com.microsoft.sqlserver.jdbc.SQLServerDriver</driver>
    <connectionUrl>jdbc:sqlserver://Puddy;databaseName=ClementineTestDatabase;instanceName=Puddy05</connectionUrl>
    <connectionUser>sa</connectionUser>
    <connectionPassword>mpx</connectionPassword>
    <timezone>America/Chicago</timezone>
</jdbcDataSource>
