<?xml version="1.0" encoding="UTF-8"?>
<jdbcDataSource>
    <folder>/analysis/datasources</folder>
    <name>SugarCRMDataSource</name>
    <version>0</version>
    <label>SugarCRM Data Source</label>
    <description>SugarCRM Data Source</description>
    <creationDate>2008-09-12T15:50:57.000-05:00</creationDate>
    <driver>com.mysql.jdbc.Driver</driver>
    <connectionUrl>jdbc:mysql://localhost:3306/sugarcrm</connectionUrl>
    <connectionUser>root</connectionUser>
    <connectionPassword>password</connectionPassword>
</jdbcDataSource>
