<?xml version="1.0" encoding="UTF-8"?>
<mondrianConnection>
    <folder>/analysis/connections</folder>
    <name>SugarCRM</name>
    <version>0</version>
    <label>SugarCRM Mondrian Connection</label>
    <description>SugarCRM Mondrian Analysis Connection: only opportunities</description>
    <creationDate>2008-09-12T15:50:57.000-05:00</creationDate>
    <schema>
        <uri>/analysis/schemas/SugarCRMSchema</uri>
    </schema>
    <dataSource>
        <uri>/analysis/datasources/SugarCRMDataSourceJNDI</uri>
    </dataSource>
</mondrianConnection>
