<?xml version="1.0" encoding="UTF-8"?>
<user>
    <username>demoadmin</username>
    <fullName>demo administrator for two companies</fullName>
    <password>demoadmin</password>
    <email></email>
    <externallyDefined>false</externallyDefined>
    <enabled>true</enabled>
    <role>ROLE_USER</role>
    <role>ROLE_ADMIN_COMPANY1</role>
    <role>ROLE_ADMINISTRATOR</role>
    <role>ROLE_USER_COMPANY1</role>
    <previousPasswordChangeTime>2009-04-22T14:02:58.000-05:00</previousPasswordChangeTime>
</user>
