<?xml version="1.0" encoding="UTF-8"?>
<user>
    <username>jasperadmin@company1</username>
    <fullName>Jasper Administrator</fullName>
    <password>oleap</password>
    <email></email>
    <externallyDefined>false</externallyDefined>
    <enabled>true</enabled>
    <role>ROLE_ADMIN_DEFAULT</role>
    <role>ROLE_ADMIN_COMPANY1</role>
    <role>ROLE_USER</role>
    <role>ROLE_ADMINISTRATOR</role>
    <role>ROLE_USER_COMPANY1</role>
    <previousPasswordChangeTime>2009-04-22T16:58:53.000-05:00</previousPasswordChangeTime>
</user>
