<?xml version="1.0" encoding="UTF-8"?>
<user>
    <username>jasperadmin</username>
    <fullName>Jasper Administrator</fullName>
    <password>jasperadmin</password>
    <email></email>
    <externallyDefined>false</externallyDefined>
    <enabled>true</enabled>
    <role>Role_Admin_Company2</role>
    <role>ROLE_USER</role>
    <role>ROLE_ADMIN_DEFAULT</role>
    <role>ROLE_ADMIN_COMPANY1</role>
    <role>ROLE_ADMINISTRATOR</role>
    <role>ROLE_USER_COMPANY2</role>
    <role>ROLE_USER_COMPANY1</role>
    <previousPasswordChangeTime>2009-01-30T09:28:16.000-06:00</previousPasswordChangeTime>
</user>
