<?xml version="1.0" encoding="UTF-8"?>
<user>
    <username>kkelly@demo</username>
    <fullName>Karie Kelly</fullName>
    <password>kkelly</password>
    <email>karie.kelly@orangeleap.com</email>
    <externallyDefined>false</externallyDefined>
    <enabled>true</enabled>
    <role>ROLE_USER</role>
    <role>ROLE_ADMINISTRATOR</role>
    <role>Role_User_Demo</role>
    <role>Role_Admin_Demo</role>
    <previousPasswordChangeTime>2009-04-23T17:06:07.000-05:00</previousPasswordChangeTime>
</user>
