<?xml version="1.0" encoding="UTF-8"?>
<user>
    <username>kwilliams@mpx</username>
    <fullName>Keri Williams</fullName>
    <password>kwilliams</password>
    <email>keri@orangeleap.com</email>
    <externallyDefined>false</externallyDefined>
    <enabled>true</enabled>
    <role>Role_User_MPX</role>
    <role>Role_Admin_MPX</role>
    <role>ROLE_USER</role>
    <role>ROLE_ADMINISTRATOR</role>
    <previousPasswordChangeTime>2009-04-22T14:25:18.000-05:00</previousPasswordChangeTime>
</user>
