<?xml version="1.0" encoding="UTF-8"?>
<folder>
    <name>/</name>
    <label>root</label>
    <description>Root of the folder hierarchy</description>
    <creationDate>2008-09-02T11:08:34.000-05:00</creationDate>
    <folder>datasources</folder>
    <folder>datatypes</folder>
    <folder>images</folder>
    <folder>Reports</folder>
    <resource>leo_test</resource>
    <permission>
        <permissionMask>1</permissionMask>
        <recipient recipientType="role">ROLE_ADMINISTRATOR</recipient>
    </permission>
    <permission>
        <permissionMask>2</permissionMask>
        <recipient recipientType="role">ROLE_USER</recipient>
    </permission>
</folder>
