<?xml version="1.0" encoding="UTF-8"?>
<folder>
    <name>/</name>
    <label>root</label>
    <description>Root of the folder hierarchy</description>
    <creationDate>2008-09-12T15:49:24.000-05:00</creationDate>
    <folder>analysis</folder>
    <folder>ContentFiles</folder>
    <folder>datasources</folder>
    <folder>datatypes</folder>
    <folder>images</folder>
    <folder>PersonalFolders</folder>
    <folder>reports</folder>
    <folder>templates</folder>
    <resource>leo_test</resource>
    <resource>PersonID</resource>
    <permission>
        <permissionMask>1</permissionMask>
        <recipient recipientType="role">ROLE_ADMINISTRATOR</recipient>
    </permission>
    <permission>
        <permissionMask>2</permissionMask>
        <recipient recipientType="role">ROLE_USER</recipient>
    </permission>
</folder>
