<?xml version="1.0" encoding="UTF-8"?>
<folder>
    <name>/</name>
    <label>root</label>
    <description>Root of the folder hierarchy</description>
    <creationDate>2008-10-21T13:30:16.000-05:00</creationDate>
    <folder>datasources</folder>
    <folder>datatypes</folder>
    <folder>images</folder>
    <folder>Reports</folder>
    <permission>
        <permissionMask>1</permissionMask>
        <recipient recipientType="role">ROLE_ADMINISTRATOR</recipient>
    </permission>
    <permission>
        <permissionMask>2</permissionMask>
        <recipient recipientType="role">ROLE_USER</recipient>
    </permission>
    <permission>
        <permissionMask>2</permissionMask>
        <recipient recipientType="role">ROLE_USER_COMPANY1</recipient>
    </permission>
    <permission>
        <permissionMask>2</permissionMask>
        <recipient recipientType="role">ROLE_ADMIN_DEFAULT</recipient>
    </permission>
    <permission>
        <permissionMask>1</permissionMask>
        <recipient recipientType="role">ROLE_ADMIN_COMPANY1</recipient>
    </permission>
    <permission>
        <permissionMask>2</permissionMask>
        <recipient recipientType="role">ROLE_USER_DEFAULT</recipient>
    </permission>
    <permission>
        <permissionMask>1</permissionMask>
        <recipient recipientType="role">Role_Admin_MPX</recipient>
    </permission>
    <permission>
        <permissionMask>2</permissionMask>
        <recipient recipientType="role">Role_User_MPX</recipient>
    </permission>
    <permission>
        <permissionMask>2</permissionMask>
        <recipient recipientType="role">Role_User_Sandbox</recipient>
    </permission>
    <permission>
        <permissionMask>2</permissionMask>
        <recipient recipientType="role">Role_User_Demo</recipient>
    </permission>
    <permission>
        <permissionMask>1</permissionMask>
        <recipient recipientType="role">Role_Admin_Sandbox</recipient>
    </permission>
    <permission>
        <permissionMask>1</permissionMask>
        <recipient recipientType="role">Role_Admin_Demo</recipient>
    </permission>
</folder>
