<?xml version="1.0" encoding="UTF-8"?>
<folder>
    <parent>/</parent>
    <name>images</name>
    <label>Images</label>
    <description>Folder containing reusable images</description>
    <creationDate>2008-10-21T15:12:33.000-05:00</creationDate>
    <resource>JRLogo</resource>
    <resource>mpowerLogo.gif</resource>
    <permission>
        <permissionMask>2</permissionMask>
        <recipient recipientType="role">ROLE_ADMIN_COMPANY1</recipient>
    </permission>
    <permission>
        <permissionMask>2</permissionMask>
        <recipient recipientType="role">Role_Admin_Company2</recipient>
    </permission>
</folder>
